Metadata_Plate,Metadata_Well,Cells_AreaShape_Area,Cells_AreaShape_BoundingBoxArea,Cells_AreaShape_BoundingBoxMaximum_X,Cells_AreaShape_BoundingBoxMaximum_Y,Cells_AreaShape_BoundingBoxMinimum_X,Cells_AreaShape_BoundingBoxMinimum_Y,Cells_AreaShape_Center_X,Cells_AreaShape_Center_Y,Cells_AreaShape_Compactness,Cells_AreaShape_Eccentricity,Cells_AreaShape_EquivalentDiameter,Cells_AreaShape_EulerNumber,Cells_AreaShape_Extent,Cells_AreaShape_FormFactor,Cells_AreaShape_MajorAxisLength,Cells_AreaShape_MaxFeretDiameter,Cells_AreaShape_MaximumRadius,Cells_AreaShape_MeanRadius,Cells_AreaShape_MedianRadius,Cells_AreaShape_MinFeretDiameter,Cells_AreaShape_MinorAxisLength,Cells_AreaShape_Orientation,Cells_AreaShape_Perimeter,Cells_AreaShape_Solidity,Cells_AreaShape_Zernike_0_0,Cells_AreaShape_Zernike_1_1,Cells_AreaShape_Zernike_2_0,Cells_AreaShape_Zernike_2_2,Cells_AreaShape_Zernike_3_1,Cells_AreaShape_Zernike_3_3,Cells_AreaShape_Zernike_4_0,Cells_AreaShape_Zernike_4_2,Cells_AreaShape_Zernike_4_4,Cells_AreaShape_Zernike_5_1,Cells_AreaShape_Zernike_5_3,Cells_AreaShape_Zernike_5_5,Cells_AreaShape_Zernike_6_0,Cells_AreaShape_Zernike_6_2,Cells_AreaShape_Zernike_6_4,Cells_AreaShape_Zernike_6_6,Cells_AreaShape_Zernike_7_1,Cells_AreaShape_Zernike_7_3,Cells_AreaShape_Zernike_7_5,Cells_AreaShape_Zernike_7_7,Cells_AreaShape_Zernike_8_0,Cells_AreaShape_Zernike_8_2,Cells_AreaShape_Zernike_8_4,Cells_AreaShape_Zernike_8_6,broad_sample,solvent,assay_plate_barcode,plate_map_name,InChIKey,pert_iname,pubchem_cid,target,target_list,pert_type,control_type,smiles,perturbation_kind
BR00116991,A01,4302.579,7620.465,544.19,578.475,458.664,492.807,500.87431351556353,535.4041924513211,1.93405425441046,0.7243022029444763,71.78812476596795,1.0,0.5743732360412457,0.5378276399152729,94.83664212120348,101.45990092493854,26.217193779709277,9.37726936497287,8.265604886649802,64.71230174310516,60.70051596967132,0.0112077884810218,313.6318493845166,0.849429575699343,0.5122329580745942,0.0596244371288836,0.168468179852955,0.0554533288393677,0.0313996218364603,0.0219287614906744,0.0207452478090478,0.0296975932024345,0.0223168364760207,0.0146760492052127,0.0159005597526921,0.0108411040111057,0.0110885491569417,0.0115540566723515,0.0143028259807649,0.0116983997081867,0.0090025194142605,0.0085496177650704,0.008975203602911,0.0067067142520921,0.006674812399985,0.0074445632752003,0.0069054793505481,0.0080216091435966,BRD-A86665761-001-01-1,DMSO,BR00116991,JUMP-Target-1_compound_platemap,TZDUHAJSIBHXDL-UHFFFAOYSA-N,gabapentin-enacarbil,9883933.0,CACNB4,CACNA1A|CACNA1B|CACNA1C|CACNA1D|CACNA1E|CACNA1F|CACNA1G|CACNA1H|CACNA1I|CACNA1S|CACNA2D1|CACNA2D2|CACNA2D3|CACNA2D4|CACNB1|CACNB2|CACNB3|CACNB4|CACNG1|CACNG2|CACNG3|CACNG4|CACNG5|CACNG6|CACNG7|CACNG8,trt,,CC(C)C(=O)OC(C)OC(=O)NCC1(CC(O)=O)CCCCC1,compound
BR00116991,A02,3584.776077885953,6400.449235048679,570.5055632823365,548.5472878998609,492.6571627260083,470.0521557719054,531.2711351790956,508.77974953911394,1.916361006770481,0.7275380996138968,65.36563343368894,1.0,0.5703987726989252,0.5431625621011099,86.55466561862853,92.54255307428224,23.922594135924736,8.572881533202544,7.553529458176048,58.84857590058938,55.2394515033881,0.0353768850155553,284.564712491966,0.8488127982811745,0.5116679746798402,0.0596384115330643,0.1681664406228601,0.0554619680995715,0.030780886146814,0.0216326526511881,0.0208901556881118,0.0294972901107138,0.022397510921185,0.0147919711973975,0.0157897187794165,0.0108692204443356,0.0114082755621529,0.0117738365784066,0.0139714719624538,0.0117603703769463,0.0092556406927517,0.0086734484001819,0.0089944713786573,0.0066913953653769,0.0067774115988867,0.0074302551562352,0.0070882697154178,0.0080001124233794,,DMSO,BR00116991,JUMP-Target-1_compound_platemap,IAZDPXIOMUYVGZ-UHFFFAOYSA-N,DMSO,679.0,,,control,negcon,CS(=O)C,compound
BR00116991,A03,4014.3972602739727,7305.873059360731,571.1506849315068,586.9908675799087,487.67123287671234,503.7433789954338,528.9191697480984,544.9028410983047,2.0107175543760123,0.7311713101969093,69.12585551594474,1.0,0.5651118345648964,0.5235721298691806,92.68926404734027,99.2049619533169,25.00734953900372,8.896434545280002,7.810978304931782,62.39448146503224,58.251410139989154,0.0177065155628054,308.93246158574,0.8405323935057891,0.5011875439999196,0.0600238138960932,0.1664302339373322,0.0548279014245346,0.0315735420953694,0.0212111142506596,0.0206162486047341,0.0298045223182456,0.022256958319293,0.0149705684985643,0.0156224538237768,0.0108810352010496,0.0116860054121245,0.0114036223425546,0.0143622854697614,0.0119974194961965,0.0092634833011364,0.0089175028261136,0.0090640757760079,0.006647298490041,0.0065723830885119,0.0074402266174441,0.0070462414385943,0.0084700674571177,BRD-A22032524-074-09-9,DMSO,BR00116991,JUMP-Target-1_compound_platemap,HTIQEAQVCYTUBX-UHFFFAOYSA-N,amlodipine,2162.0,CACNA2D3,CA1|CACNA1B|CACNA1C|CACNA1D|CACNA1F|CACNA1S|CACNA2D1|CACNA2D3|CACNB1|CACNB2|SMPD1,trt,,CCOC(=O)C1=C(COCCN)NC(C)=C(C1c1ccccc1Cl)C(=O)OC,compound
BR00116991,A04,3554.140883977901,6417.6270718232045,558.8128453038674,576.3390883977901,480.30939226519337,497.7479281767956,518.9235879948649,536.4999586464118,1.933610752351796,0.7263889481063506,65.39634834701656,1.0,0.5706729632550844,0.5407249657812602,87.5451124299873,93.35399828004266,23.75437537267325,8.520454227157002,7.512978305007204,58.684936881502296,54.98355510199803,-0.0023884498525983,286.00668591251514,0.8464620103818732,0.5091975816984762,0.0588514248908565,0.1669447852888384,0.055743055928532,0.0305123195835689,0.0219150631804549,0.0216217685591081,0.0298688961979113,0.0217241236057222,0.0150338419222794,0.0158454765336367,0.0111791680063644,0.0111552341801505,0.0115557019692124,0.0137765871116868,0.0118123236898642,0.0093062604795947,0.0089282507592681,0.0091339740508895,0.0066059827895849,0.0067710577318415,0.0073872528995757,0.0070919803746336,0.0081740455039382,BRD-A01078468-001-14-8,DMSO,BR00116991,JUMP-Target-1_compound_platemap,PBBGSZCBWVPOOL-UHFFFAOYSA-N,hexestrol,3606.0,AKR1C1,AKR1C1|ESR1|ESR2,trt,,CCC(C(CC)c1ccc(O)cc1)c1ccc(O)cc1,compound
BR00116991,A05,3548.890510948905,6506.294708029197,602.8412408759124,532.9936131386861,525.367700729927,452.1961678832117,563.6386268720247,492.2449043361802,2.227096246335289,0.7165545933211127,65.4285750559229,0.998175182481752,0.5602951643180979,0.4758430499294243,86.86619240489536,93.57613002904122,23.42294334379717,8.195162079589911,7.113948652466124,60.104488478952966,56.08551578683769,0.0412659752518852,307.81711466536575,0.8218391167063407,0.5033899222198109,0.0580808256128309,0.1678796682674127,0.053135669188254,0.0302807261314448,0.0206895241910208,0.020644800740836,0.0287095355010973,0.0217696898927972,0.0144291335605009,0.0158490731616952,0.0109303675707819,0.011209270217445,0.0115878447010564,0.0143064845830596,0.0117804949443852,0.0094019721140534,0.0088358771618988,0.0096799330135228,0.0066528859455131,0.0066885800070326,0.0074832221512305,0.007157944903531,0.0085745067297607,BRD-K48278478-001-01-2,DMSO,BR00116991,JUMP-Target-1_compound_platemap,LOUPRKONTZGTKE-AFHBHXEDSA-N,quinine,94175.0,KCNN4,GP9|KCNB2|KCNN4|SLC29A4,trt,,COc1ccc2nccc([C@@H](O)[C@H]3C[C@@H]4CC[N@]3C[C@@H]4C=C)c2c1,compound
BR00116991,A06,3675.1073558648113,6648.747514910537,586.7852882703777,566.8727634194831,507.741550695825,485.6212723658052,546.4385742806681,525.7865425697759,1.9086797093136187,0.7319047427680053,66.529798062778,0.9980119284294234,0.5680267271217511,0.5507136675812203,89.64755746384664,95.74880151064762,24.214970290381867,8.704327690544524,7.681385402465179,59.36724236322697,55.81184598711927,0.0041383785230542,288.4644811617522,0.8490626832721963,0.5030454394714837,0.058644430862436,0.1657052585660469,0.0558099732130413,0.0311197199943585,0.0211940008010773,0.0212396218708775,0.0300139840030605,0.0220967920985355,0.014908017645807,0.0157541008431535,0.0105648358645728,0.0114128971217447,0.0116985314942887,0.0140011048006885,0.0119412710272953,0.0092940943996818,0.0088439702396022,0.0089255898680759,0.0065517900643208,0.0067419213866306,0.0075333556038341,0.0069169865451316,0.0081660133128875,BRD-K36574127-001-01-3,DMSO,BR00116991,JUMP-Target-1_compound_platemap,NYNZQNWKBKUAII-KBXCAEBGSA-N,LOXO-101,46188928.0,NTRK1,NTRK1|NTRK2|NTRK3,trt,,O[C@H]1CCN(C1)C(=O)Nc1cnn2ccc(nc12)N1CCC[C@@H]1c1cc(F)ccc1F,compound
BR00116991,A07,3757.6035825545177,6832.821651090343,589.9275700934579,558.708722741433,509.74221183800626,477.4906542056075,549.1955134693611,517.5035229775467,1.902687642066333,0.7271906421459862,67.0011972755522,1.0,0.5657328891884266,0.5505381414857934,89.37127234374047,95.74010390972757,24.504993616763816,8.780361345246837,7.746796700628885,60.47990240593271,56.62074113899591,-0.0095519002593714,290.92950742900933,0.8478752459918637,0.5066708075878581,0.0591458491044507,0.1669716324666914,0.0551308992821278,0.0312523726032886,0.0218984180060436,0.0212944712309435,0.0293776541051919,0.0219693891838155,0.0149578684347798,0.0159602680687944,0.0107723050421928,0.0114200225188003,0.0118455968708675,0.0140898132503821,0.0118321147854481,0.0094551658591895,0.0088991124965944,0.0089647757321624,0.006522769534589,0.0068622421015444,0.0073438578831483,0.0070233712086426,0.0082246587849726,BRD-K74913225-001-14-0,DMSO,BR00116991,JUMP-Target-1_compound_platemap,HCRKCZRJWPKOAR-JTQLQIEISA-N,brinzolamide,68844.0,CA5A,CA1|CA12|CA14|CA2|CA4|CA5A|CA7,trt,,CCN[C@H]1CN(CCCOC)S(=O)(=O)c2sc(cc12)S(N)(=O)=O,compound
BR00116991,A08,4032.41568296796,7402.646711635751,577.4966273187184,554.7470489038786,494.2470489038786,468.95446880269816,535.264940436707,511.3818283678619,1.9989836925131823,0.7430043163363145,69.6593581855747,1.0,0.5607361346649297,0.5259446170542269,94.92577546483298,101.1070866902767,24.92850399256869,8.920062999753156,7.856374262695736,62.526561295192415,58.14249075694066,-0.0171135557322495,309.23174122076915,0.8374448642305048,0.4933445176228136,0.0581148757657438,0.1644698383940226,0.0567273651111066,0.0318754808420062,0.0209849365464513,0.0216876802618442,0.0310047157004779,0.0227266649678071,0.0151330882384701,0.0159922759206443,0.0105821208394235,0.0108420803302487,0.0115758381315753,0.0144362478302376,0.0119642702145017,0.0092496407238023,0.0087464399128238,0.0090252497750332,0.0065841823929939,0.0065010292068579,0.0073788103267501,0.007118698200626,0.0082587123709687,BRD-K94342292-001-01-3,DMSO,BR00116991,JUMP-Target-1_compound_platemap,MDKAFDIKYQMOMF-UHFFFAOYSA-N,NS-11021,24825677.0,KCNMA1,KCNMA1,trt,,FC(F)(F)c1cc(NC(=S)Nc2ccc(Br)cc2-c2nnn[nH]2)cc(c1)C(F)(F)F,compound
BR00116991,A09,3716.2137006701414,6697.542069992554,553.5145197319434,553.1630677587491,473.6373790022338,472.6046165301563,512.9604847120758,512.3435085272769,1.94662076405988,0.7264237230294937,66.77196508714164,0.9992553983618764,0.5673618793836751,0.5377462843992579,89.01730944371229,95.12282999753086,24.396786258867277,8.719850778916692,7.668958640384161,60.151583178705785,56.38819349412036,0.0543909427776299,292.45236245375975,0.8439760479329985,0.5077247311497008,0.0592682793857177,0.1664919693357403,0.055529403833248,0.0314480312086565,0.0216703875437797,0.0206160013874977,0.0296428952511975,0.0220900864774518,0.0149424816051457,0.0156700479807107,0.0107303494364028,0.0113229131911131,0.0115856326127006,0.0137544859101997,0.0117420253485181,0.0093258871647394,0.0087623897898819,0.0087337231026986,0.0065493804722811,0.0065548946022598,0.0073965406222202,0.0073266648348314,0.0080132430092767,,DMSO,BR00116991,JUMP-Target-1_compound_platemap,IAZDPXIOMUYVGZ-UHFFFAOYSA-N,DMSO,679.0,,,control,negcon,CS(=O)C,compound
BR00116991,A10,3954.4485488126647,7310.153034300792,595.8082673702727,531.0598065083553,511.6094986807388,447.2532981530343,553.3750266081894,488.639888615302,1.955785937404423,0.747049859069724,69.067047422208,1.0,0.5590746446174457,0.5371727882667099,94.48630671125252,100.54984794524825,24.904631155708596,8.926989514243129,7.867287500227846,61.359411205262894,57.196005894566774,0.0566285861822462,303.776416388629,0.8425352396930111,0.4920675248183493,0.0590730091808137,0.163559011748291,0.0560595034315285,0.0333521194932688,0.0209885794264444,0.0211768949960871,0.0304243936068457,0.0220692217411898,0.0151299773554618,0.0161123815295709,0.0105079707762801,0.0112804905400672,0.0116016981204599,0.0140645999754595,0.0120935891865124,0.0092108544926946,0.0087639036025047,0.0089950984946303,0.0062688559779314,0.0067251069504481,0.0073535441389768,0.0068019895741708,0.0082289943561643,BRD-K19975102-001-01-2,DMSO,BR00116991,JUMP-Target-1_compound_platemap,YYDUWLSETXNJJT-MTJSOVHGSA-N,GNF-5837,59397065.0,NTRK1,NTRK1|NTRK2|NTRK3,trt,,Cc1ccc(NC(=O)Nc2cc(ccc2F)C(F)(F)F)cc1Nc1ccc2c(NC(=O)\C2=C/c2ccc[nH]2)c1,compound
BR00116991,A11,3477.834418604651,6510.248372093023,564.12,595.9079069767441,485.3181395348837,516.8939534883721,524.165624135632,555.8135424450028,1.963013219227112,0.7411295020619925,64.68546401062774,1.0,0.5588774333722112,0.5397337610135925,88.23958213321826,94.20422107287702,23.405266855811295,8.388659891963528,7.385075435580526,57.93341424323834,54.047890091910794,0.0007775956040295361,284.4866503588941,0.8391742634894304,0.4941635686103652,0.0587703760538894,0.1637311750843234,0.0565919614639931,0.0319361602617671,0.0206306864234934,0.0223496293843224,0.0303502074962331,0.0221775714959169,0.0150551737851378,0.0156779088957051,0.010617124865123,0.0114503842303695,0.0113594403676629,0.0140122794690476,0.0121822877265374,0.00926477355468,0.0088214494940086,0.0088482210620421,0.0065278380752557,0.0068323805368945,0.0075153714663753,0.0073360285815886,0.0083922246054601,BRD-K25244359-066-02-6,DMSO,BR00116991,JUMP-Target-1_compound_platemap,WPEWQEMJFLWMLV-UHFFFAOYSA-N,apatinib,11315474.0,CSK,CSK|KDR|KIT|RET,trt,,O=C(Nc1ccc(cc1)C1(CCCC1)C#N)c1cccnc1NCc1ccncc1,compound
BR00116991,A12,3852.78,6936.5638461538465,546.2561538461539,542.7323076923077,465.6715384615385,460.85615384615386,505.4917079826204,501.1174916712596,1.9372971447600265,0.7173983883376712,67.71646552938932,0.9992307692307691,0.5690336058612436,0.5393613187433737,89.57516917516116,96.26069330822544,24.785892071372768,8.84223879256672,7.762538636513173,61.300893561996794,57.56723472740152,-0.0032615735328119,296.55259913529267,0.8449854539187845,0.5096806499843032,0.0590340373000147,0.1686923501611014,0.0536386473445422,0.0309458533181789,0.0220785446717595,0.0206622776474031,0.0292952663376072,0.0220240774396688,0.0147914251117346,0.0158666749340496,0.0107716213816051,0.0116648255682139,0.0117387353542584,0.0139848499047878,0.0116753308317599,0.0094408140495734,0.0087805734259106,0.0090018312615716,0.0066865414723017,0.006716764035663,0.0073355474057866,0.0070240226438668,0.0080635491151826,BRD-K18131774-001-18-4,DMSO,BR00116991,JUMP-Target-1_compound_platemap,OUZWUKMCLIBBOG-UHFFFAOYSA-N,ethoxzolamide,3295.0,CA5A,CA1|CA12|CA13|CA14|CA2|CA3|CA4|CA5A|CA5B|CA6|CA7|CA9,trt,,CCOc1ccc2nc(sc2c1)S(N)(=O)=O,compound
BR00116991,A13,3790.7397831526273,7183.482902418682,588.2301918265221,565.9582985821518,504.9716430358632,483.5404503753128,545.9604143232656,524.0394601508577,2.042332046928278,0.7495746780050719,67.45201594842302,1.0,0.5529933707714751,0.5196403534622002,92.94893655233416,99.70551228605107,24.27957200478084,8.639818484184874,7.582625445322445,60.27897740594583,56.109157628459776,-0.0069222035797002,302.9929521588866,0.8329402671627298,0.4822359059990515,0.0583514051252945,0.1638196379188345,0.0557744878724165,0.0324380922834769,0.020641242468719,0.0218791176662105,0.0305987348129637,0.0220938572401565,0.0144964664238833,0.0156062057998754,0.0102393642688013,0.0112097594642714,0.0119273364003945,0.0143459987428675,0.0119835745739053,0.009419303680478,0.0087797151287513,0.0086321920882948,0.0063873046793408,0.0066633035387274,0.0074946080860259,0.0071018880076947,0.0083318079113632,BRD-A85242401-001-11-5,DMSO,BR00116991,JUMP-Target-1_compound_platemap,KRGQEOSDQHTZMX-IGCYCDGOSA-N,ascorbic-acid,9888239.0,P3H1,ALKBH2|ALKBH3|BBOX1|DBH|EGLN1|EGLN2|EGLN3|KDM5D|LCT|OGFOD1|OGFOD2|P3H1|P3H2|P3H3|P4HA1|P4HTM|PAM|PHYH|PLOD1|PLOD2|PLOD3|SLC23A1|SLC23A2|TMLHE,trt,,OC[C@H](O)[C@H]1OC(=O)C(=O)C1O,compound
BR00116991,A14,3774.33608815427,7100.9586776859505,557.3085399449036,552.9834710743802,477.465564738292,472.3057851239669,516.6592934365937,512.2193643665248,1.9635050154104383,0.6962785634935952,66.21434451653695,1.0,0.5795053220243953,0.5637220192575277,88.47379190591244,95.01742358684042,24.539434318669382,8.709248123818808,7.633913568313588,60.39751687183408,56.62823434971921,0.040333917747306,293.6653352709316,0.8478941544584665,0.5303551136943861,0.0614155487213426,0.1582505675358233,0.0529814958380566,0.0308491673970094,0.0197367664959765,0.0269409135919026,0.0255331135004826,0.0210782535921065,0.0155988952658913,0.0146088461432234,0.0099987090681342,0.0113380601518068,0.012128685131737,0.0130930279062378,0.0115455756277013,0.0096074578197395,0.0082910369491771,0.0084568235820462,0.0063299786465087,0.0070225402739353,0.0074549856875142,0.0070010424241422,0.0071551506067454,BRD-K06426971-001-02-7,DMSO,BR00116991,JUMP-Target-1_compound_platemap,HFPLHASLIOXVGS-UHFFFAOYSA-N,ryuvidine,481747.0,CDK4,CDK2|CDK4,trt,,Cc1nc2c(s1)C(=O)C=C(Nc1ccc(C)cc1)C2=O,compound
BR00116991,A15,3980.3358876117495,6857.102171136654,606.1226053639847,565.029374201788,525.7215836526182,484.90421455938696,565.3034451886657,524.3580853724351,1.7791854711841253,0.7010774146699619,68.40614584606627,1.0,0.5916042524839913,0.5887668347622146,88.87242715481865,94.0734850071924,25.652335088150465,9.235506182996115,8.164451784563939,61.5130061311474,58.31229333452492,0.0013787714541215,286.63300283671646,0.8679708038363075,0.545896271688683,0.0597946999557967,0.1651663148977193,0.0565684086396418,0.0282286240977056,0.0213746867724336,0.0228931440416896,0.0282914761821126,0.0215680130856012,0.0154136052100613,0.0147393433284353,0.0105146380825393,0.0119494263982213,0.0120417250739264,0.0130585354284746,0.0113757347917254,0.009269038534695,0.0086109244168792,0.0084253529684216,0.0063989980377304,0.0065950214893561,0.0074167076018786,0.0070646417861657,0.0075981368169539,BRD-K47049295-300-03-1,DMSO,BR00116991,JUMP-Target-1_compound_platemap,MAKMQGKJURAJEN-RUZDIDTESA-N,BAN-ORL-24,10296561.0,OPRL1,OPRL1,trt,,O=C(NCCCN1CCC2(CC1)OCc1ccccc21)[C@H]1CCCN1Cc1ccccc1,compound
BR00116991,A16,4227.592920353983,8157.857142857143,555.3097345132743,514.6637168141593,467.44374209860933,425.34513274336285,510.84331758285134,469.27914316709774,2.0911792444211525,0.7407650902708243,71.54420682078684,1.0,0.5466777537925427,0.5177736605264122,98.84610043193616,106.63109920352449,25.76659343265065,9.09859556430759,7.960583832971414,64.923448542338,60.264288647920274,0.0027606917012525,323.58127587567344,0.825839844164872,0.4779471706939617,0.0583256990860904,0.1616413442890793,0.0534137498001538,0.0325279897653342,0.0212539245340656,0.0234941643295564,0.0292082867472486,0.02196336632258,0.0153813790230042,0.0164404980239229,0.0103422909446286,0.0114220411925392,0.0115581789339186,0.0141471154446642,0.012117766733043,0.0091258612705096,0.0089995607390869,0.0087714043466974,0.0064761958416563,0.0069080622093896,0.0073448096947005,0.0071238114462428,0.0085143309876828,BRD-K78122587-300-04-3,DMSO,BR00116991,JUMP-Target-1_compound_platemap,VHHVPDKNKPNKHY-JDXGNMNLSA-N,NNC-55-0396,9957280.0,CATSPER4,CATSPER1|CATSPER2|CATSPER3|CATSPER4,trt,,CC(C)[C@H]1c2ccc(F)cc2CC[C@@]1(CCN(C)CCCc1nc2ccccc2[nH]1)OC(=O)C1CC1,compound
BR00116991,A17,3920.7717287488063,7003.027698185291,598.567335243553,563.9417382999045,516.2187201528176,482.31041069723017,557.0192228193479,522.6031539599658,1.910948529622435,0.7271199880421201,68.43699717187482,1.0,0.5735443451977541,0.5489381694947184,91.19651114133045,97.73896899014312,25.168745221602386,9.000553925793854,7.917696377416401,61.40467625524818,57.73367854092292,-0.009733108853735,296.5264783515481,0.849723451965701,0.5088360977406555,0.0589655209030513,0.1672803816059741,0.0547467968866963,0.0303180542603669,0.0212737413844239,0.0222195043471244,0.0292222194259295,0.022191999406214,0.0152562092370153,0.015095132225015,0.0108388025340718,0.0111912814156277,0.0117415138042831,0.0137016138955084,0.0118050253534427,0.0093794866293966,0.0087933873322952,0.0087629473363615,0.0066880513422738,0.0066925531319029,0.0074589436757024,0.0069913568600154,0.0080540768757562,,DMSO,BR00116991,JUMP-Target-1_compound_platemap,IAZDPXIOMUYVGZ-UHFFFAOYSA-N,DMSO,679.0,,,control,negcon,CS(=O)C,compound
BR00116991,A18,2870.9829842931936,5273.556282722513,561.9450261780105,530.7892670157069,491.8089005235602,458.73298429319374,526.496563350438,494.4470338401154,1.9069999762034489,0.7546810008888373,58.57776115249861,1.0,0.5568268193834195,0.5450583946610644,80.856427309185,84.9308725790035,20.785436870816984,7.5626986301153645,6.722837655031372,51.63963476455454,48.145728586763845,0.0631024650704622,253.65161464825505,0.8440668042172608,0.4905585430199342,0.0604774316336614,0.1608834958189618,0.058614177802183,0.034015060360169,0.0218378065656981,0.0199807981916529,0.0327913295440441,0.0230327646232092,0.0155261780596486,0.0160811010837891,0.0108823215922253,0.0111076338222359,0.0110828458479502,0.0143539387038649,0.0120374723892316,0.0093860158242691,0.0088372112200434,0.0089450891716334,0.00663706841563,0.0064213303701613,0.0072767756846575,0.0069841705117093,0.0082324358373227,BRD-K50199947-001-03-4,DMSO,BR00116991,JUMP-Target-1_compound_platemap,NBTNHSGBRGTFJS-UHFFFAOYSA-N,WH-4-023,11844351.0,LCK,LCK|SRC,trt,,COc1ccc(N(C(=O)Oc2c(C)cccc2C)c2ccnc(Nc3ccc(cc3)N3CCN(C)CC3)n2)c(OC)c1,compound
BR00116991,A19,4325.763211382114,7858.465447154472,608.7367886178862,530.9776422764228,520.5680894308944,445.0914634146341,564.1636684824522,487.3206629836964,1.9651989191369117,0.7253178678591564,72.16404280828552,1.0,0.5659095211264351,0.5353442186449454,96.27573892846064,103.48461202635248,26.343738162223,9.379186043947469,8.238983276697581,65.18272144490213,61.00485819996976,0.0333926614626775,317.36932096580995,0.8452123221495423,0.5030391501504619,0.0585409031132141,0.1676125560739004,0.0537605537296939,0.0310011316666469,0.0215997774096033,0.0216668719722678,0.0288953017946494,0.022441864024009,0.0149068968049231,0.0154653238468513,0.0104808337881095,0.011552414557932,0.0115392927335197,0.014410027321538,0.0116635335404079,0.0094862370359841,0.0089097567845936,0.0087322370040174,0.0064648808191994,0.0068568097563673,0.0070454189851391,0.0068102417171526,0.0080278823882634,BRD-K50720187-051-03-1,DMSO,BR00116991,JUMP-Target-1_compound_platemap,JUUFBMODXQKSTD-UHFFFAOYSA-N,flupirtine,53276.0,KCNQ2,ADRA2A|KCNQ1|KCNQ2,trt,,CCOC(=O)Nc1ccc(NCc2ccc(F)cc2)nc1N,compound
BR00116991,A20,3666.131021194605,6930.954720616571,594.9055876685934,579.7003853564547,513.2803468208092,498.17052023121386,553.5404183604943,538.4152925973418,1.9881786978401577,0.7556551449213893,66.30312233310259,0.9990366088631984,0.5515476300320349,0.534673620969194,92.25204191765474,98.52518398810152,23.783144877319415,8.51416463815299,7.49973518327268,58.94509862194732,54.75822140039935,0.0493925518672915,293.9405441385776,0.8385936992484586,0.4771963659840265,0.0584858262470876,0.1619972565599295,0.0558858681783574,0.0328720131528861,0.0206398257847636,0.022434085583175,0.0309697048860022,0.0224100409867388,0.0152868204562205,0.0156601082873572,0.0105266145520552,0.0111744786735873,0.0115474820819083,0.0145299811386692,0.0120806760370035,0.0092358021374942,0.0087350130200205,0.0088146019433948,0.0063467769558382,0.0068433908547931,0.0073694257927945,0.0070681433356788,0.0084561114837661,BRD-K91825936-001-03-9,DMSO,BR00116991,JUMP-Target-1_compound_platemap,XQYASZNUFDVMFH-CQSZACIVSA-N,ZK811752,512282.0,CCR1,CCR1,trt,,C[C@@H]1CN(Cc2ccc(F)cc2)CCN1C(=O)COc1ccc(Cl)cc1NC(N)=O,compound
BR00116991,A21,4792.682296650718,8440.24976076555,574.8248803827751,532.1626794258373,484.8880382775119,442.08803827751194,529.3657664224588,486.7500015891805,1.8913770914035,0.727848020275473,75.7931770100241,1.0,0.582699359451874,0.5506314972255233,100.27617974644592,107.66018370744376,27.885208226171347,9.976144100922395,8.782136118404697,67.55673771191731,63.58237310514307,0.0167435414729282,327.744841802192,0.8599922527887358,0.5122393612117506,0.0594809500908087,0.1702890989716924,0.0545926293501742,0.0312712494235615,0.0208928026068177,0.021552874471385,0.0289399731048845,0.0222169344850891,0.0145287356557824,0.0151599341721052,0.0102564197464996,0.011189952617134,0.0113871932512828,0.0142645728087347,0.0119633190034056,0.0096052919995925,0.0085446068876264,0.0082938095634733,0.0063681718048863,0.0070969774137297,0.0073955617520367,0.007060917117559,0.0082201560094899,BRD-K38775274-001-22-1,DMSO,BR00116991,JUMP-Target-1_compound_platemap,UREBDLICKHMUKA-CXSFZGCWSA-N,dexamethasone,5743.0,ANXA1,ANXA1|NOS2|NR0B1|NR3C1|NR3C2,trt,,C[C@@H]1C[C@H]2[C@@H]3CCC4=CC(=O)C=C[C@]4(C)[C@@]3(F)[C@@H](O)C[C@]2(C)[C@@]1(O)C(=O)CO,compound
BR00116991,A22,2363.4456207892204,4330.520692974013,604.4821944177094,555.7564966313763,539.5774783445621,491.62175168431185,571.4103401719453,523.077552584723,1.7601070992957053,0.7344734678097292,53.407037159025,1.0,0.561918221296821,0.5911918753239531,71.99036708726437,76.08018700183818,19.543371217584745,7.160885916611912,6.3672468048128845,46.966639042531234,44.483807548021424,0.03534277323258,222.21164731192675,0.8663389469096113,0.5076503201462813,0.0601391663261119,0.1653016925105619,0.0573546025977712,0.0311712178158841,0.0223596473539656,0.0206778373394273,0.0310144222192033,0.0223260495410176,0.0148515231837054,0.0161004363872105,0.0111765854708808,0.0116772136504299,0.0114142618183328,0.0139790964639109,0.0120408772277542,0.0093064522617619,0.0086066102694049,0.0090674011299042,0.0066498930614247,0.0066729406117313,0.0074646329078471,0.0069540419384304,0.0081104453114359,BRD-K47598052-001-14-1,DMSO,BR00116991,JUMP-Target-1_compound_platemap,ZVPDNRVYHLRXLX-UHFFFAOYSA-N,PP-1,1400.0,HCK,HCK|RET,trt,,Cc1ccc(cc1)-c1nn(c2ncnc(N)c12)C(C)(C)C,compound
BR00116991,A23,4135.032085561497,7761.042780748663,555.8470588235294,546.9336898395721,468.207486631016,460.4106951871658,511.4294042130708,502.9895271006325,2.0112855773095277,0.754950708811631,70.91092555094367,1.0,0.5527499429842846,0.5268487116230434,98.54186969644876,105.2196782094487,25.333229922542017,9.043755162348388,7.958252512997351,63.08965442744255,58.548833675224074,0.0148573275531409,315.4993730007317,0.8325666338592292,0.4776510016194147,0.0595852654357216,0.1605867528676222,0.0556723033865636,0.0334161660502074,0.0202408439589125,0.022096033860178,0.0308999649005998,0.0224505905079244,0.0151980470125724,0.0156764325050751,0.0103352736445718,0.0113354548542113,0.0115546377714024,0.0145712976305909,0.0121754070898352,0.0091155309721776,0.008867404171773,0.0091307446138366,0.0063991896021318,0.0069840755504972,0.0073924116408175,0.0070806951788666,0.0086297612590338,BRD-K61845293-300-01-9,DMSO,BR00116991,JUMP-Target-1_compound_platemap,AOZPVMOOEJAZGK-UHFFFAOYSA-N,DDR1-IN-1,72836888.0,DDR2,DDR1|DDR2,trt,,CCN1CCN(Cc2ccc(cc2C(F)(F)F)C(=O)Nc2ccc(C)c(Oc3ccc4NC(=O)Cc4c3)c2)CC1,compound
BR00116991,A24,3110.2730015082957,5881.20814479638,599.7571644042232,564.1191553544495,525.5399698340875,488.51734539969834,562.0515450755273,525.8375606150432,1.873300472138233,0.7600417172052291,61.03396025544774,1.0,0.5541683419874827,0.56717034892659,86.17419902043058,89.74151974870601,21.69415539763512,7.9241154525822575,7.061340856320802,53.39173724203759,49.94324520227429,0.0321133404249044,261.77419026895404,0.8518910943202346,0.4888626409453719,0.0606955793296035,0.1566017363271311,0.0594747774415995,0.0327420528208521,0.0209893315307353,0.0203865090370916,0.032800941174826,0.0228884712458977,0.0152335427229476,0.0159259016826838,0.0107263301443386,0.0109909559459816,0.0116763069404388,0.0145066113389483,0.0120415344099452,0.0090294181693801,0.0086835996075189,0.0090909478316327,0.006313213765246,0.0071033903878955,0.0076392305516094,0.007047420842086,0.0079868749016683,BRD-K87782578-001-01-4,DMSO,BR00116991,JUMP-Target-1_compound_platemap,KXBDTLQSDKGAEB-UHFFFAOYSA-N,AVL-292,59174488.0,BTK,BTK|YES1,trt,,COCCOc1ccc(Nc2ncc(F)c(Nc3cccc(NC(=O)C=C)c3)n2)cc1,compound
BR00116991,B01,3682.412408759124,6543.596350364964,535.229197080292,570.5423357664233,455.7328467153285,492.0824817518248,494.8176641896503,530.9771970153255,1.8781882320752952,0.7167110408118347,66.21715218259341,1.0,0.574325745712263,0.5543686543783556,87.35167294724643,93.43534858858771,24.31249551004123,8.732757713630201,7.699405274201728,59.55655596909277,56.07520968146838,0.0284354003996178,284.6130535361762,0.8519544636442179,0.5158669997124495,0.0592074455749941,0.1689356336531606,0.0546685572917216,0.0304257384235613,0.0217650030768752,0.0209145724746966,0.0288982604380668,0.0218692587519038,0.0151312866346411,0.0161998315878432,0.0108578698245745,0.0116061656945855,0.0117652444372192,0.0139528396764623,0.011883029295308,0.009366857279196,0.0086489074853706,0.0088513178949471,0.0066544411428087,0.0066990303801298,0.0072965399421608,0.0069709329300489,0.0080844826261173,BRD-K26439554-001-01-3,DMSO,BR00116991,JUMP-Target-1_compound_platemap,HFYPTENHTPNXGP-UHFFFAOYSA-N,H2L-5765834,1365686.0,LPAR1,LPAR1|LPAR3,trt,,OC(=O)c1ccc2C(=O)N(C(=O)c2c1)c1cccc(Oc2ccc(cc2)[N+]([O-])=O)c1,compound
BR00116991,B02,3422.3472090823084,6040.127719962157,531.635761589404,572.511825922422,455.8221381267739,495.5222327341533,493.32081452976087,533.5003971954505,1.7829021624575998,0.726241152978987,64.26761282812599,1.0,0.5818088427417593,0.5852863088546498,85.30958542647411,90.82645951142229,23.784264737271528,8.605874355630906,7.61178321376985,57.06972902157587,53.91488211202948,0.0623686147777373,270.06094764406834,0.8652026629761596,0.5207370586481966,0.0596890657937803,0.1669887122283851,0.0570847644735987,0.0293662535393151,0.0215503701799185,0.0222935868407862,0.0295357971365156,0.0217075485832134,0.0153517365181912,0.0154012774847799,0.0104970154732235,0.0114504595145308,0.0119005302576243,0.0134443960065262,0.0117664306392004,0.0090985193538011,0.0085169025853567,0.0083291143297724,0.006316408007962,0.0068254959853007,0.0074989668974442,0.0071294701849919,0.0078371538120245,BRD-K58049875-001-03-9,DMSO,BR00116991,JUMP-Target-1_compound_platemap,NSFFHOGKXHRQEW-AIHSUZKVSA-N,thiostrepton,16154490.0,FOXM1,FOXM1,trt,,CC[C@H](C)[C@@H]1N[C@@H]2C=Cc3c(cc(nc3[C@H]2O)C(=O)O[C@H](C)[C@@H]2NC(=O)c3csc(n3)[C@@H](NC(=O)[C@H]3CSC(=N3)\C(NC(=O)[C@@H](NC(=O)c3csc(n3)[C@]3(CCC(=N[C@@H]3c3csc2n3)c2nc(cs2)C(=O)NC(=C)C(=O)NC(=C)C(N)=O)NC(=O)[C@H](C)NC(=O)C(=C)NC(=O)[C@H](C)NC1=O)[C@@H](C)O)=C\C)[C@](C)(O)[C@@H](C)O)[C@H](C)O,compound
BR00116991,B03,3368.6819389110224,6031.9116865869855,532.1553784860557,551.9070385126162,456.4880478087649,475.55378486055776,493.6863935934548,513.1958296434955,1.891333921523616,0.725996728573964,63.39633328671869,1.0,0.5674099070032058,0.5500917914367114,84.03360287696702,90.02324186946733,23.193533639855463,8.328386282011486,7.335618123454707,56.83512696637057,53.55260349379267,0.0174582484858972,274.0147813694747,0.8477547310919225,0.5078746401244962,0.0598158124104719,0.1681459866741088,0.0553405989126068,0.0311011014767715,0.0218171297810304,0.0209072745777177,0.0297707505404085,0.0217833259124316,0.0146604629536963,0.0161837217460653,0.0108646986374974,0.0113058554599804,0.0114410090880625,0.0139195963031583,0.0119827527547361,0.0093528967597101,0.0085805868208797,0.0090038037750971,0.0066487055829643,0.0067217050681748,0.0073005357736692,0.0069681699522339,0.0081210339300357,,DMSO,BR00116991,JUMP-Target-1_compound_platemap,IAZDPXIOMUYVGZ-UHFFFAOYSA-N,DMSO,679.0,,,control,negcon,CS(=O)C,compound
BR00116991,B04,4101.7558139534885,7494.852990033222,557.4094684385382,553.376245847176,473.0689368770764,468.0016611295681,514.6504121943116,509.9727632861207,1.9768828147412776,0.7351888401499207,70.1288866229744,1.0,0.5588290661424142,0.5272868933627978,94.17301757685568,100.97557802519135,25.419168953460044,9.057371150478945,7.968744802796944,63.21795713889741,58.97449007935054,0.0235476665470133,309.04670259611925,0.8407047214435746,0.4932975407489128,0.0597010697936135,0.1670661606610234,0.0551048648633786,0.0322325831715133,0.0212760043015062,0.0204587105078626,0.0307961584728715,0.0221036646148135,0.0146317007132282,0.016100781781496,0.0108807080517454,0.0115028285825298,0.0113983348513951,0.014302696053067,0.0118697831220223,0.0091900535530557,0.0086457039346921,0.0091661511862784,0.0065330568705564,0.006812829619254,0.007427854111002,0.0071462642937321,0.0084179230239715,BRD-K72726508-001-02-1,DMSO,BR00116991,JUMP-Target-1_compound_platemap,KAJXOWFGKYKMMZ-UHFFFAOYSA-N,arcyriaflavin-a,5327723.0,CCND1,CCND1|CDK4,trt,,O=C1NC(=O)c2c1c1c3ccccc3[nH]c1c1[nH]c3ccccc3c21,compound
BR00116991,B05,3448.595714285714,6150.178571428572,552.16,561.915,476.4242857142857,484.24,513.614687326652,522.538805794282,1.8925855927523303,0.7216513003424277,64.08803617216222,1.0,0.5713632754248886,0.5525652814843107,84.78286708612043,91.08312650662894,23.605249867661755,8.456600397990366,7.438532227073805,57.670244857715254,54.32807988057098,0.0758916704807809,276.898323369796,0.8491757351447703,0.5100244611737896,0.0596416018378427,0.1678215771261141,0.054259964232718,0.0315009355138588,0.0213881594350681,0.0213203817627359,0.0286041212547675,0.0219459706867369,0.0150308682442491,0.0155668427488057,0.0107048934700243,0.0115476945217919,0.0114917114259112,0.0139293616207254,0.0121531846101071,0.0096612473277643,0.0086346262624571,0.0088468106091295,0.0065980858847754,0.0067248237858762,0.0072378687576825,0.0069613117961596,0.0082705070051366,BRD-K29151923-001-01-5,DMSO,BR00116991,JUMP-Target-1_compound_platemap,FMYGNANMYYHBSU-UHFFFAOYSA-N,CYM-5520,25110470.0,S1PR2,S1PR2,trt,,Cc1cc(C(=O)Cn2cc(ccc2=O)C#N)c(C)n1Cc1ccccc1,compound
BR00116991,B06,4862.044265593561,8693.510060362172,576.0663983903421,566.0181086519115,485.079476861167,474.5573440643863,530.0631698461362,519.8212305394024,1.941827751768889,0.7143231409175065,76.18284799142248,1.0,0.569334614893356,0.5402378090762157,100.15678509766956,107.98480105395129,28.09331868977288,9.973598122816746,8.756008459403603,69.27701506234537,65.08861174078997,0.0142184468651293,332.9323705402811,0.8448585936843563,0.511056294031092,0.059798330425489,0.1678158842936558,0.0532272140639525,0.0306817960733733,0.0220913605886916,0.0215888133723064,0.0280711586810596,0.0212912996490382,0.015248299928285,0.0153384607326678,0.0112896933246783,0.0116394913134552,0.0118800079343302,0.0137614015667999,0.0117909275188043,0.009343489290082,0.0089178453653636,0.0091342388670869,0.0068437205138138,0.006769215926376,0.0073298113233894,0.0071583255010343,0.0080265397443801,BRD-K66788707-001-14-3,DMSO,BR00116991,JUMP-Target-1_compound_platemap,HBUBKKRHXORPQB-FJFJXFQQSA-N,fludarabine,657237.0,ADA,ADA|RRM1|RRM2,trt,,Nc1nc(F)nc2n(cnc12)[C@@H]1O[C@H](CO)[C@@H](O)[C@@H]1O,compound
BR00116991,B07,3783.702786377709,6839.177244582043,583.0332817337461,582.4009287925696,501.8521671826625,502.0441176470589,542.1507373782687,541.7331835353393,1.915313606003098,0.7192400477157309,67.18291329917349,0.9992260061919505,0.5684622748707233,0.5486624134559825,89.07375797402422,95.2860757613768,24.738856448557225,8.835589942066022,7.768708845254493,60.68385587064467,57.029722304645865,0.0431907461049167,291.9160780897902,0.8481042634668048,0.514201368375565,0.0597701319803457,0.1669374131049045,0.0554948961115102,0.0302779196196073,0.0215541523579767,0.0216099903342648,0.0287443237754005,0.0217369468242434,0.0153065713616062,0.0157499624296725,0.0109517997449498,0.0113227943244032,0.0117282531028278,0.0135573471467883,0.0119223110691604,0.0095493803892853,0.0087594067112818,0.0090004008153702,0.006533821642945,0.0065010919259384,0.007237179964292,0.007125090642905,0.0080724949695204,BRD-K06890060-001-09-1,DMSO,BR00116991,JUMP-Target-1_compound_platemap,NMKJFZCBCIUYHI-UHFFFAOYSA-N,alda-1,831629.0,ALDH2,ALDH2,trt,,Clc1cccc(Cl)c1C(=O)NCc1ccc2OCOc2c1,compound
BR00116991,B08,3632.1588983050847,6542.527542372882,569.17302259887,569.0381355932203,490.28601694915255,490.5939265536723,529.1931421374665,529.4055960199549,1.8777991519330015,0.7205984092651088,65.5508173295793,1.0,0.5663794150007755,0.5558539907854421,86.81081534057607,92.69690653196412,24.029368689888926,8.62429420483892,7.602773377611562,59.0181095690528,55.530405554277344,0.0062348842942686,282.6598872855097,0.8496007793492635,0.5133960377281743,0.0597234243174333,0.1673490068795973,0.0556451568651688,0.0311103439233926,0.0220562133928185,0.0208730125937497,0.0295078307502753,0.0218756591357944,0.0152316461233019,0.0157145092545181,0.0112726795031024,0.0112147656645949,0.0115722406475934,0.0137202739758349,0.0119952243119377,0.0095732885743153,0.0088188477813735,0.0091561966248512,0.0067407032809867,0.0065130743464248,0.0074032068631793,0.007010741710547,0.008161081887277,BRD-K50398167-236-22-7,DMSO,BR00116991,JUMP-Target-1_compound_platemap,SBDNJUWAMKYJOX-UHFFFAOYSA-N,meclofenamic-acid,4037.0,KCNQ2,ALOX5|CNR1|KCNQ2|KCNQ3|PTGS1|PTGS2,trt,,Cc1ccc(Cl)c(Nc2ccccc2C(O)=O)c1Cl,compound
BR00116991,B09,4438.155589123867,8063.787764350453,586.6631419939577,550.726586102719,498.9675226586103,462.49244712990935,542.3308758681529,506.1167210504893,2.004273128297013,0.7233175517699196,72.81563821236121,1.0,0.5637692587707138,0.5274120809788392,97.32836063991618,104.82791648965043,26.52154719129101,9.410501988135117,8.2483191554106,66.09415714387154,61.663466804493595,0.0079502698572687,323.2517136942019,0.8357640333019845,0.4996546032656788,0.0592690605403976,0.1671242631694515,0.0530771157849473,0.0315162130713787,0.021542935841418,0.0216054593561523,0.0289060650527703,0.0217394171144375,0.0150226552383155,0.0159736175292594,0.0109819495403399,0.0108853579664366,0.0114050211259394,0.0138056408474043,0.012039022111933,0.0095343820556464,0.0090096888379018,0.0091475707528977,0.0064921637234177,0.0068516371565551,0.0071915154246149,0.0070538713544517,0.0084566480686678,BRD-K87632963-001-03-0,DMSO,BR00116991,JUMP-Target-1_compound_platemap,IIQUYGWWHIHOCF-UHFFFAOYSA-N,GNF-5,44129660.0,ABL1,ABL1|BCR,trt,,OCCNC(=O)c1cccc(c1)-c1ncnc(Nc2ccc(cc2)OC(F)(F)F)c1,compound
BR00116991,B10,3231.7539568345323,5848.666187050359,568.5597122302158,597.2115107913669,494.4992805755395,521.741726618705,530.9268283965229,558.9353823244252,1.8661577214918144,0.724539423490227,62.123157969435205,0.9992805755395684,0.5631179640355042,0.5578040157870293,82.4150719625006,88.20002392408053,22.812452033473136,8.207089750941938,7.234774180730506,55.916004942075205,52.54346814054533,0.0280275578312686,266.5237945117308,0.8505506607095937,0.5064352126290601,0.059671096011481,0.1680662715103295,0.0551018364741458,0.0309479348684827,0.0221469235360146,0.0201891999360303,0.0299510295354601,0.0222452872644425,0.0149082641081063,0.0159800348175406,0.0109345477884878,0.0115242539936575,0.0116823743454305,0.0140587410210123,0.0118232833390952,0.0094219657205371,0.0085908905047413,0.0090442212749188,0.0067469146112021,0.0067220297862455,0.0075017162610667,0.0070084891075202,0.0081292198238447,BRD-K37602296-001-01-6,DMSO,BR00116991,JUMP-Target-1_compound_platemap,CVOUSAVHMDXCKG-UHFFFAOYSA-N,NS-309,11637204.0,KCNN4,KCNN1|KCNN2|KCNN3|KCNN4,trt,,ON=C1C(=O)Nc2c1ccc(Cl)c2Cl,compound
BR00116991,B11,3525.060965283658,6439.392040643523,559.6655376799323,580.0143945808637,482.58763759525823,500.3056731583404,520.5660128303523,539.7195118037151,1.9214194639952833,0.7420229750371784,64.76793485139169,0.9991532599491956,0.5615726560420815,0.5477685396315446,87.56726343604394,93.88945160918088,23.59739491555168,8.47329940719209,7.457093579819713,57.747243038521745,54.038242395347616,0.0802817791596997,281.8276431753488,0.8434907234748132,0.4943151211216982,0.0598201629136016,0.1650284452712403,0.0563969075631483,0.0318045666433403,0.0205615597975561,0.0221197146692762,0.0301110665348222,0.0223145927539087,0.0149779988962289,0.0156671035602589,0.0101536703701839,0.0115030916488161,0.0119332825616919,0.0139611873926051,0.0121340638789187,0.0094034709236134,0.0090179685560147,0.0087539959178217,0.0063036609681736,0.0068273488153212,0.0073302778795894,0.0071996157301656,0.008161432699792,BRD-K09143580-001-01-0,DMSO,BR00116991,JUMP-Target-1_compound_platemap,IYAYHZZWYNXHEQ-UHFFFAOYSA-N,AK-7,1328033.0,SIRT2,SIRT2,trt,,Brc1cccc(NC(=O)c2cccc(c2)S(=O)(=O)N2CCCCCC2)c1,compound
BR00116991,B12,3293.3178423236513,5935.576763485477,584.9775933609958,553.9709543568465,510.2340248962656,478.4182572614108,547.0840638249423,515.6838951525344,1.8920747250549743,0.7261805916141205,62.48226251727833,1.0,0.5669576015670944,0.5560445106374085,83.36611168560441,89.21024055802545,22.895376161329107,8.227472026361742,7.24192443650808,56.1489790398666,52.93838100196452,0.013915979489132,269.56716748295855,0.8470989305694654,0.5080674776496298,0.0611477148916186,0.1649787802575572,0.0548827280333878,0.032009753134475,0.0220127300295675,0.0208996164732849,0.0291954774890537,0.0219961656024543,0.0150313615089217,0.0159693178814508,0.0109081141517367,0.0110668243359488,0.0115193277592031,0.0138502086072003,0.0123485722520138,0.0093923739598331,0.0087906913146111,0.0089445436159897,0.0066420658896943,0.0069397713505667,0.0075276175204706,0.0070379426357418,0.0082089926087875,BRD-A22713669-001-04-3,DMSO,BR00116991,JUMP-Target-1_compound_platemap,AJVXVYTVAAWZAP-UHFFFAOYSA-N,BVT-948,44483339.0,PTPN2,PTPN1|PTPN11|PTPN2,trt,,CC1(C)C2C(=NC1=O)c1ccccc1C(=O)C2=O,compound
BR00116991,B13,3488.951890034364,6231.816151202749,571.1658075601374,583.2422680412371,494.3049828178694,506.10051546391753,532.0747296126405,544.0717760532403,1.8930385423156355,0.7176540585465941,64.32577930242176,1.0,0.569484426531353,0.5538025139961206,84.90606877374319,90.79799543724856,23.72893750486389,8.503003776702235,7.480288066222459,57.95782085051658,54.61614739856286,-0.0158683428782124,277.64805912725876,0.8508565648976583,0.5158867116180255,0.0593668102991015,0.1685636668342877,0.0549107299368888,0.0299163167727936,0.0214821122289638,0.0214241431309086,0.0289128492529935,0.0216476198427069,0.0149146576681304,0.0156885041548398,0.0109590442975206,0.0113815139520662,0.0116174134405232,0.0135835474998685,0.0119383842070464,0.0093274421018572,0.0088327696406009,0.0088855871243208,0.0067286020085685,0.0066993155407099,0.0073890881237345,0.0070501070203679,0.0081837036626984,BRD-K16472653-001-01-6,DMSO,BR00116991,JUMP-Target-1_compound_platemap,MENNDDDTIIZDDN-UHFFFAOYSA-N,SirReal-2,1096292.0,SIRT2,SIRT2,trt,,Cc1cc(C)nc(SCC(=O)Nc2ncc(Cc3cccc4ccccc34)s2)n1,compound
BR00116991,B14,3706.619957537155,6669.316348195329,585.1847133757962,589.0934182590233,505.71974522292993,509.5024769992923,545.0333039493914,548.6781777828929,1.910287469925363,0.7204815886906358,66.31396198562686,1.0,0.5693157146517946,0.5474954730176346,87.903608479275,94.2551843882719,24.376764199924622,8.711239650365844,7.654973421208918,59.76920281821497,56.08029152184015,0.0152121507732373,288.34737872550284,0.8476882178443995,0.5097301704107363,0.0588162263693052,0.1688063302257108,0.0545612614689056,0.0301345375245816,0.0215938338750242,0.0218632244205361,0.029005641191181,0.0217672513031998,0.0149914094628848,0.0159140879544791,0.0106102229376654,0.0115885559568032,0.0116569229366532,0.0137133561588834,0.011724794451854,0.0091675931250692,0.0085777264386898,0.0088669994667589,0.0066041584708091,0.0068242329836594,0.0073347371242674,0.0073031307611694,0.0081376452546407,,DMSO,BR00116991,JUMP-Target-1_compound_platemap,IAZDPXIOMUYVGZ-UHFFFAOYSA-N,DMSO,679.0,,,control,negcon,CS(=O)C,compound
BR00116991,B15,2669.5040214477212,4884.564343163539,573.1501340482574,556.642091152815,505.89142091152814,488.8659517426274,538.8280037885349,522.1643245755363,1.847856552466466,0.7560700420822185,55.71473805049752,1.0,0.5634081319506479,0.5712239686605899,77.34139412854323,80.87624413538188,20.048330589587096,7.340658659950812,6.523339125461053,48.36690423819382,45.50082056737089,0.0145766859327839,237.50539773465368,0.8576979795237563,0.4938240210044113,0.0603160112870535,0.1583917614217747,0.0598189898153684,0.0317165681553126,0.0211632863941576,0.021688431468939,0.0324807075478338,0.0222567082256104,0.0153630800798743,0.0157884749513427,0.0106921451124374,0.0117275100960187,0.0121655301593003,0.0143261139678962,0.0117148151375946,0.0090560803480269,0.0087398136405938,0.0090123697467612,0.0061883152435259,0.0066621657491488,0.0074503957312798,0.0069402723132119,0.0080099545822804,BRD-K34581968-001-05-3,DMSO,BR00116991,JUMP-Target-1_compound_platemap,ZWVZORIKUNOTCS-OAQYLSRUSA-N,BMS-536924,,LCK,AKT1|CCNE1|CDK2|CYP3A4|ERBB2|IGF1R|KDR|LCK|MAPK1|MET|PDGFRA|PDGFRB,trt,,Cc1cc(cc2[nH]c(nc12)-c1c(NC[C@@H](O)c2cccc(Cl)c2)cc[nH]c1=O)N1CCOCC1,compound
BR00116991,B16,1874.409090909091,3823.878181818182,533.0381818181818,568.310909090909,473.93454545454546,508.23818181818183,502.9162947399152,537.7605434166082,1.976613400159591,0.7333469885204331,47.32806026190627,1.0,0.5498104311257057,0.5814025842395788,68.27173142512282,71.64676475321234,17.418532343668343,6.312598185357036,5.55000075012533,41.98266671975194,39.609417903775544,0.0296448882545168,208.67315536777713,0.8389840200035784,0.4998602070544994,0.0619861675673293,0.1464110840317032,0.0564733291443584,0.0308901576134247,0.0207296894095847,0.0248723462010649,0.0284553518134266,0.0214550352232305,0.0154877014908839,0.0150038867345526,0.0102460701319016,0.0123265938219548,0.0123639758067281,0.0128752866205994,0.0117279181641168,0.0092561807799784,0.0087971155570316,0.008062334913677,0.0060808462445713,0.0071607781707447,0.0074740660685237,0.0072919167986152,0.0075307029228435,BRD-K81801188-001-02-8,DMSO,BR00116991,JUMP-Target-1_compound_platemap,NVRXTLZYXZNATH-UHFFFAOYSA-N,PP-121,24905142.0,HCK,ABL1|EGFR|HCK|KDR|MTOR|PDGFRA|PIK3CA|PIK3CB|PIK3CD|PIK3CG|PRKDC|SRC,trt,,C1CCC(C1)n1nc(-c2cnc3[nH]ccc3c2)c2c(N)ncnc12,compound
BR00116991,B17,3509.2019308125505,6330.900241351569,558.1713596138375,558.8777152051489,480.1118262268705,480.7417538213998,518.4743346133121,519.2316883221291,1.8832456792592929,0.7169195170080082,65.08133205449772,1.0,0.5687018134773301,0.5560174253047941,85.66456559335049,91.98441583522398,24.150836708180652,8.60867948665321,7.557836832794563,58.91636503743656,55.490073331480346,0.0421888525671287,280.60705451667616,0.8516253769297664,0.5135820190232215,0.0610952197791191,0.1676293104949595,0.0539871703887069,0.0314586996975648,0.0216857243420665,0.0214057589674261,0.0282809410706287,0.0218929741542934,0.0153844233158778,0.0155078861321614,0.0110321133846598,0.0116605018951213,0.0115462618459964,0.0137087152647667,0.0118988174013252,0.0095594155826087,0.0085471909274542,0.0090747316433596,0.0068005502707744,0.006932647302947,0.0072984886035698,0.0070184019762664,0.008056204003954,BRD-K73276278-305-01-1,DMSO,BR00116991,JUMP-Target-1_compound_platemap,CYYNMPPFEJPBJD-OAQYLSRUSA-N,MCOPPB,24800108.0,OPRL1,OPRL1,trt,,CC1(CCCCCCC1)N1CCC(CC1)n1c(nc2ccccc12)[C@@H]1CCCNC1,compound
BR00116991,B18,3566.3504132231405,6362.1644628099175,553.6462809917356,577.7231404958678,476.3586776859504,498.9570247933884,514.3674754130978,537.9899188858406,1.8425754440714912,0.7219621835526405,65.2235124454713,1.0,0.5689446154399964,0.5652820917522904,85.84843916503964,92.1326532815171,24.071262495750293,8.66463539348759,7.635399803390122,58.54787150406791,55.2862696865047,0.0722198771050138,277.57338861721865,0.8535879095196964,0.5124290883980099,0.0595375806547219,0.1693429743186054,0.0555373324148684,0.0298750613448489,0.0218009741606473,0.0205072729308636,0.0294678026219338,0.0219990610468747,0.0149733489916487,0.0157937650567359,0.0110042761863341,0.0114724073607913,0.0118812012478821,0.0136633480412805,0.0118854099863926,0.0093997227410953,0.0086956917401905,0.0088818427893164,0.0064680847203593,0.0067761604096655,0.0074182983447051,0.0070840451786949,0.0081906718647138,BRD-K53061490-003-13-9,DMSO,BR00116991,JUMP-Target-1_compound_platemap,SHZKQBHERIJWAO-AATRIKPKSA-N,ozagrel,5282440.0,TBXAS1,TBXAS1,trt,,OC(=O)\C=C\c1ccc(Cn2ccnc2)cc1,compound
BR00116991,B19,3944.0849539406345,6994.206755373592,568.6079836233367,613.575230296827,486.3039918116684,532.4984646878198,526.812915457763,572.6815617546166,1.88390784145536,0.7034478681900297,68.69025779769699,1.0,0.5778548227958485,0.5579205971963954,89.20719981175297,96.08844203606738,25.659625739411123,9.146330497601571,8.02602052761452,62.419634127201306,58.9935180283231,-0.0451301078405955,296.00547245379255,0.851712226341289,0.5266973897996448,0.06139258090683,0.1692705126525986,0.0533690062068434,0.02976098717654,0.0219804267166001,0.0213898042405186,0.0271293659472159,0.0215407767030846,0.0154605509341247,0.0152354451851184,0.0109999236559475,0.0114908857117015,0.0118873288336783,0.0132816062174544,0.011694384208242,0.0094856216203983,0.0088968506520194,0.0086872071756094,0.006639211612521,0.0067545445261727,0.0072659601641249,0.0072394644590181,0.007841752333651,BRD-A43005764-003-01-5,DMSO,BR00116991,JUMP-Target-1_compound_platemap,NUIKTBLZSPQGCP-UHFFFAOYSA-N,CYM-5442,25110406.0,S1PR1,S1PR1,trt,,CCOc1ccc(cc1OCC)-c1nc(no1)-c1cccc2C(CCc12)NCCO,compound
BR00116991,B20,3587.952639751553,6522.947981366459,575.6389751552795,585.1079192546584,496.70885093167703,505.61801242236027,535.5388775211073,544.7522193499585,1.910988638463348,0.7205992039865949,65.74135359469541,0.999223602484472,0.5659850004729359,0.5509131334083196,87.5349848007329,93.68883059096063,24.12920962564357,8.636438398241824,7.600185231561677,59.35454451594319,55.7559172430998,-0.0043404337008461,285.2589171091192,0.8469706147248081,0.5092529824306307,0.0601906501364802,0.1658343858972686,0.0543903344351774,0.0307524740776476,0.0220679259059796,0.0218391799703812,0.0291539808284011,0.0218747045031673,0.0152986309990424,0.0157922497937865,0.0110756704232999,0.011655751646833,0.0116903619094644,0.0140710845782701,0.0118501762541723,0.0093154125011429,0.0086453186585081,0.0090153409054456,0.0068317467970242,0.0066933339187205,0.0072809486583773,0.0070053982995614,0.0081117419912794,BRD-K60659193-001-01-0,DMSO,BR00116991,JUMP-Target-1_compound_platemap,YYOOFJZTRCPVFD-UHFFFAOYSA-N,CVT-10216,23661666.0,ALDH2,ALDH2,trt,,CS(=O)(=O)Nc1ccc(cc1)-c1coc2cc(OCc3cccc(c3)C(O)=O)ccc2c1=O,compound
BR00116991,B21,3349.989247311828,5945.922715053764,596.8494623655914,579.6270161290323,521.9724462365591,504.06048387096774,558.8127440523921,541.3244105369776,1.8297479885316537,0.7146417675640538,63.11374459415311,1.0,0.5739926165499761,0.5692069058269628,82.74467268075942,88.59496793111683,23.384832306341114,8.419206521171397,7.426756830798887,56.79813598781756,53.65594474904592,0.0521205400267683,268.4634355992555,0.856942368585262,0.5209873809491754,0.0589457442688489,0.1696566869166673,0.0549395545916975,0.029753341046409,0.0219819033852285,0.0214556990269379,0.0287244592259947,0.0218956033280224,0.0149731791852089,0.0155269101620791,0.011164503716414,0.011620563177611,0.0117978410292139,0.0135750148240026,0.0119664887388898,0.0094098670676115,0.0086373984111909,0.0087438771061675,0.0068021285973856,0.0068466768301939,0.0074071059619833,0.007127377872322,0.0079425804504729,BRD-K09787262-001-02-7,DMSO,BR00116991,JUMP-Target-1_compound_platemap,FYIBXBFDXNPBSF-UHFFFAOYSA-N,TCN201,4787937.0,GRIN2A,GRIN2A,trt,,Fc1ccc(cc1Cl)S(=O)(=O)NCc1ccc(cc1)C(=O)NNC(=O)c1ccccc1,compound
BR00116991,B22,3379.6293311845284,6028.695406929895,579.1684125705076,565.1966156325544,503.3279613215149,488.87187751813053,540.5790452618364,526.4159955610808,1.833886766820243,0.7218191113103264,63.670088180199976,0.999194198227236,0.5747939040637211,0.5692542178078986,84.25163677272772,90.19848420436476,23.580785908527883,8.482670307268542,7.479775140584872,56.99889392558331,53.784371336562096,0.0195367313881842,270.893340256429,0.8557375841442529,0.5156175549659742,0.0592918541834303,0.1683793047483708,0.0558798701183456,0.0302052380161357,0.021658389740697,0.0213650756906847,0.0287205694591401,0.0218829239292475,0.0152288182764422,0.0155792452796476,0.0109086845347755,0.0112363357193827,0.0118630699586616,0.0135196552830458,0.0118886126670844,0.009837430706217,0.0086581519049338,0.0089429652104227,0.0066644920003654,0.0066201176127066,0.007271517672166,0.0072246802869092,0.0079137207003495,BRD-K56810756-003-07-7,DMSO,BR00116991,JUMP-Target-1_compound_platemap,RIKMMFOAQPJVMX-UHFFFAOYSA-N,fomepizole,3406.0,ADH1C,ADH1A|ADH1B|ADH1C|AKR1A1|CAT,trt,,Cc1cn[nH]c1,compound
BR00116991,B23,3710.531169940222,6705.541417591802,593.8881298035867,556.3800170794193,514.5226302305722,475.66353543979506,553.8298139018101,515.2772085634443,1.8828774090095404,0.724209935651519,66.57618512007103,1.0,0.5678468978474073,0.5559852809537231,88.34214984313178,94.76745176375196,24.559662946383796,8.785298422543091,7.72863787320901,59.96561343929813,56.30936040455691,0.0008541481228192892,287.0156356587711,0.8501190185756888,0.5116530513843754,0.0609649198242976,0.1666902877430234,0.0546927430061193,0.0311645005965695,0.0215861974571191,0.0212485665824669,0.028708971652655,0.0216155132350437,0.014927150631333,0.0155223853370001,0.0110661657982998,0.0113960280766626,0.0117456623131049,0.013651978081909,0.0118781419147818,0.0097082625128184,0.0089042914041112,0.0090310106566216,0.0065879199414982,0.0067183584446432,0.0074046930690526,0.0067934587273662,0.0080077028479175,BRD-K87158025-003-08-7,DMSO,BR00116991,JUMP-Target-1_compound_platemap,KXDROGADUISDGY-UHFFFAOYSA-N,benzamil,108107.0,SCNN1G,ASIC1|PKD2L1|SCNN1A|SCNN1B|SCNN1D|SCNN1G|SLC8A1,trt,,NC(NCc1ccccc1)=NC(=O)c1nc(Cl)c(N)nc1N,compound
BR00116991,B24,3553.1260997067448,6535.950146627566,610.663734115347,554.2981427174975,531.3919843597263,475.51808406647115,570.4845934321693,514.3233532722134,1.892121583563152,0.7373348840788908,65.24878522222123,1.0,0.5630137495236359,0.5539135859528421,88.24409527119548,94.28238264963149,23.76031683377957,8.546072865252878,7.529971747377512,58.15584602655842,54.50703040374952,0.015971120975044,282.0694969988534,0.8482828230834382,0.5008363711955732,0.0605874015625903,0.1639501523488078,0.0555470606759446,0.0320427674141715,0.0212622996767511,0.0223749923858387,0.0300453682937724,0.0223668429844207,0.0149219992199603,0.0152067472512282,0.0106098909324015,0.0112360111149764,0.0119099793590839,0.0141537128105068,0.01217283311321,0.0092845710123152,0.0087459680335333,0.0087588123885757,0.0064128413203118,0.0069099891704109,0.0073636268440995,0.0070029586296412,0.0083122740761947,BRD-A18992208-003-02-7,DMSO,BR00116991,JUMP-Target-1_compound_platemap,ZDXUKAKRHYTAKV-UHFFFAOYSA-N,lercanidipine,65866.0,CACNG1,CACNA2D1|CACNG1,trt,,COC(=O)C1=C(C)NC(C)=C(C1c1cccc(c1)[N+]([O-])=O)C(=O)OC(C)(C)CN(C)CCC(c1ccccc1)c1ccccc1,compound
BR00116991,C01,3391.8057324840765,6073.267515923567,535.7343949044586,582.3426751592357,459.6496815286624,506.20063694267515,497.23228053452823,543.8005285384492,1.8989236706891233,0.7230549843605772,63.5745083637777,1.0,0.5693640149856967,0.5496026878847204,84.17248010145208,89.86864727337655,23.289689257993636,8.374410853924013,7.384505901150176,57.19188207679231,53.68250990898407,0.0221312350286592,275.13661908870387,0.8491028400608325,0.5148612418044609,0.0581565273292655,0.16881133251835,0.0561208561834193,0.0301853423299919,0.021416052858867,0.0213150118669363,0.0296662926876325,0.0215750385587475,0.0149796432872909,0.0158627874151403,0.0108191459552539,0.0113240057651696,0.0116576884557077,0.0135432857609685,0.0119986197343233,0.0095492638854829,0.0087353794113817,0.0088240199835762,0.0065396425714354,0.0066997268119,0.0072904333626609,0.0070446483020435,0.0080758282805679,BRD-A54139254-001-09-2,DMSO,BR00116991,JUMP-Target-1_compound_platemap,AZYDQCGCBQYFSE-UHFFFAOYSA-N,4-CMTB,4307629.0,FFAR2,FFAR2,trt,,CC(C)C(C(=O)Nc1nccs1)c1ccc(Cl)cc1,compound
BR00116991,C02,3517.6098096632504,6255.459004392386,545.6266471449487,542.7737920937043,469.74450951683747,464.25183016105416,507.10153775932264,502.87879630796186,1.879993461074324,0.7201072981636579,64.6312594614462,1.0,0.5698580870573178,0.552094717579752,85.23707277195318,91.16139863244706,23.74580456763729,8.523885474537282,7.516827101488213,58.3767986719125,54.80150255851241,-0.0011363772488759,278.55385705616374,0.8502704570668989,0.5138545626794643,0.0603479689914246,0.1672478439520874,0.0547947614152586,0.03154730736331,0.0222965175691859,0.0214669375499001,0.0292077593988883,0.0220073445412592,0.0148951658120991,0.0157285416170578,0.0109824772775408,0.0111238343201747,0.0116094601073237,0.013789735022875,0.0118934751938966,0.0094101473926248,0.0088123120224194,0.008952812062447,0.0065564012619391,0.0065265222612254,0.0072716998565259,0.0070693317308973,0.0080988404844293,BRD-K44432556-001-05-5,DMSO,BR00116991,JUMP-Target-1_compound_platemap,QNRODODTMXCRKU-UHFFFAOYSA-N,ML-228,46742353.0,HIF1A,HIF1A,trt,,C(Nc1nc(nnc1-c1ccccc1)-c1ccccn1)c1ccc(cc1)-c1ccccc1,compound
BR00116991,C03,3335.1831160769707,5988.3190564866545,539.6598386095593,557.2911235257604,463.7268777157045,481.9776536312849,501.15452441263886,519.0481031495394,1.9469138287329215,0.7195629630896182,63.08466467487031,1.0,0.5683931641584978,0.536069057529716,83.27947810309844,89.2815030764416,23.093367521374415,8.25489665460125,7.249904346019062,57.04614341493359,53.61715732596628,0.0789286509794699,276.6352366491776,0.8419723472939198,0.5124513632285705,0.060235142440362,0.1679984957976626,0.0548109762854833,0.0307242240424174,0.0216357441493486,0.0208325929393715,0.0289579610004462,0.0217902283287753,0.0150042768989732,0.0156616776220185,0.0110031586124973,0.0113703593334791,0.0114958120614306,0.0138895521255663,0.0117321553335204,0.0092836834278818,0.0088126137191942,0.0089898960182181,0.0067185795455599,0.0068045998560129,0.00730976605861,0.0070855311810666,0.0080851907296513,,DMSO,BR00116991,JUMP-Target-1_compound_platemap,IAZDPXIOMUYVGZ-UHFFFAOYSA-N,DMSO,679.0,,,control,negcon,CS(=O)C,compound
BR00116991,C04,3931.957182320442,7284.040055248619,555.5193370165746,571.5662983425415,475.4889502762431,489.542817679558,514.7587169588115,529.8648321321377,2.0658033695849807,0.7219675901044927,66.6362994436304,0.9903314917127072,0.5564451211684401,0.5254935229941688,89.7093570927545,95.2559109879373,23.74232072380664,8.45940232721876,7.448110149680162,61.12354252355741,57.00034618837527,0.0558390555809126,302.29956718364656,0.8296120020872851,0.5095124145362027,0.0618913635526421,0.1585145026559599,0.0553641117571511,0.0332822779009738,0.0222244761728869,0.0210547269223389,0.029663761116113,0.0217003179076494,0.0161444662019274,0.0167150153679105,0.0107823805286736,0.011052972724556,0.0119232091541077,0.0137741923562124,0.0115394829907269,0.0096992120385854,0.0090081085300806,0.0091867378186663,0.0065989229313398,0.0067982006280853,0.0075299270552032,0.0072493938959748,0.0081574425221534,BRD-K36740062-001-06-6,DMSO,BR00116991,JUMP-Target-1_compound_platemap,QTBWCSQGBMPECM-UHFFFAOYSA-N,GSK1070916,46885626.0,CYP3A4,AURKA|AURKB|AURKC|CYP2D6|CYP3A4,trt,,CCn1cc(c(n1)-c1ccc(NC(=O)N(C)C)cc1)-c1ccnc2[nH]c(cc12)-c1cccc(CN(C)C)c1,compound
BR00116991,C05,3226.72498200144,5765.979121670266,569.9920806335493,552.0179985601152,495.9503239740821,477.0539956803456,532.449968657191,514.056989533448,1.8711544119685104,0.7152916135396822,62.3436329478413,1.0,0.5730836770861721,0.5583115400458524,82.2481110272621,87.92861199602154,22.97591393433354,8.272452416954577,7.295578574748093,56.231726880704095,52.92902307222406,0.0303800487998884,267.73000842044695,0.8517915174494562,0.5187584885303442,0.0593430882716281,0.1677865817192651,0.0550434682437111,0.0299450324095318,0.021905140735483,0.0213834600507182,0.0287956783695473,0.0217211993096189,0.0152407363539718,0.0159553324850921,0.0110145028908413,0.0117828734152443,0.0118885672799435,0.0137541127109943,0.0116169006205107,0.0092364360385926,0.0089140760672115,0.0089508932279593,0.0067846106110384,0.0065843614941333,0.0072567865555318,0.0071065151694774,0.0078194268476804,BRD-K27539181-001-08-5,DMSO,BR00116991,JUMP-Target-1_compound_platemap,HTSLEZOTMYUPLU-UHFFFAOYSA-N,ML-193,1261822.0,GPR55,GPR55,trt,,Cc1noc(NS(=O)(=O)c2ccc(NC(=O)c3cc(nc4c(C)cc(C)cc34)-c3ccccn3)cc2)c1C,compound
BR00116991,C06,3593.5027799841146,6371.718030182685,538.5615567911041,547.0992851469421,461.3518665607625,468.4988085782367,499.4544282714608,507.2367568625034,1.8653533625106056,0.7175345070957545,65.35649777627971,1.0,0.5737612238263768,0.5577942942066156,85.86407968110578,91.72894940548952,24.12723056731121,8.659436229605273,7.631250508792869,59.15309652158862,55.53215020334623,-0.0200898455309322,280.4298338821139,0.8513065818450256,0.5192744840754935,0.0576003695668783,0.1696340836023759,0.0556097135803971,0.0296527136452402,0.0217638233259171,0.021037319757221,0.0289046260975464,0.0220275809913547,0.014678491144298,0.0159438474202628,0.0105998219377277,0.0117926527361816,0.0119504186975335,0.0137124411177281,0.011997505980041,0.0092057611001412,0.0086822901239068,0.0087335768893715,0.0066485914324148,0.0068216257632857,0.0072706254296501,0.006875747933552,0.008150885354981,,DMSO,BR00116991,JUMP-Target-1_compound_platemap,IAZDPXIOMUYVGZ-UHFFFAOYSA-N,DMSO,679.0,,,control,negcon,CS(=O)C,compound
BR00116991,C07,3639.563014566181,6528.026599113363,537.5832805573148,543.9271690943635,459.4110196326789,463.99683343888535,497.9522153890088,503.4997103711345,1.9144265628618788,0.7218515166093582,66.06966194800754,1.0,0.5708806526980602,0.5444952837073036,87.13686405235802,93.38159334978177,24.189500407738247,8.671097843524931,7.632686601297977,59.69546987946228,56.07392128995025,-0.0272351633606507,287.6697815485071,0.8478570059462155,0.5135540720396178,0.0594146925266595,0.1688538236423776,0.0552195796743743,0.0303701552248616,0.0214172358182294,0.0212113106181165,0.0295116788580083,0.0218803200764088,0.014657160823597,0.0155187878637054,0.010696823250381,0.0112885735166152,0.0119179909797459,0.0139637768632405,0.0120251203167856,0.0092258285307682,0.0086902995903742,0.0088263295441635,0.0064899773814746,0.0068718983700038,0.0074157849554237,0.007118085358198,0.0081999475490866,BRD-K51265828-001-01-0,DMSO,BR00116991,JUMP-Target-1_compound_platemap,WATNXVHKRRTUFK-UHFFFAOYSA-N,M-25,44250034.0,DHH,DHH|IHH|SMO,trt,,CCCC(CCC)C(=O)NCc1ccc2n(ncc2c1)-c1ccccc1OC,compound
BR00116991,C08,2989.8161157024792,5937.480371900827,551.4369834710744,602.8212809917355,476.16322314049586,527.3564049586777,513.1955765997834,564.3647588549878,2.0034294807829385,0.7523965319165274,60.13336145109622,0.9979338842975206,0.5434643585367611,0.5525607341955056,85.28162519991186,90.93489697717648,21.768264859733392,7.817070517171957,6.879381078836197,53.23872184995529,49.78272993480131,0.0353482149374538,265.4029848746711,0.8375755385771003,0.4804130303448938,0.0583932906901204,0.1550938191224657,0.0560285038436212,0.0320761388616537,0.0199707073054244,0.0244271156147286,0.0289770336437838,0.0222498465392341,0.015835241256835,0.0148162483411495,0.0100822781809236,0.011698848942211,0.0121992653306012,0.0137450332457523,0.0121149949459182,0.0093874904807007,0.0089889892112797,0.0086475137336179,0.0060628686899663,0.0068279700973056,0.0072666322601657,0.0072741141147827,0.0080142553535404,BRD-K51899933-001-02-6,DMSO,BR00116991,JUMP-Target-1_compound_platemap,KJNNWYBAOPXVJY-UHFFFAOYSA-N,azeliragon,11180124.0,AGER,AGER,trt,,CCCCc1nc(cn1-c1ccc(Oc2ccc(Cl)cc2)cc1)-c1ccc(OCCCN(CC)CC)cc1,compound
BR00116991,C09,3826.783783783784,6363.654054054054,590.7837837837837,532.1567567567567,515.4270270270271,453.5675675675675,552.4583270001735,492.4502102896184,1.8229175477195023,0.621398574992573,67.32228797310427,1.0,0.6234088452622414,0.5950097628650838,82.57774271158998,87.68990452625064,26.565063174214075,9.41914090439963,8.258064059054051,61.86540657992019,59.80397003506863,0.1645264591300082,286.6828655241349,0.8782642923386785,0.6090265363113219,0.0633957193255163,0.159754425269508,0.0496756273214655,0.0262587573703937,0.0197855388116903,0.0315978666118699,0.0221062127450936,0.0180944772927217,0.0156179146983758,0.0134138000177093,0.0105108644578301,0.012747227899152,0.0116453094830377,0.0109664397592195,0.009797299484871,0.0096367974604891,0.0079810656347646,0.0078028894806058,0.0060575678927727,0.0066024709348396,0.0071934307112288,0.0065091584717985,0.0064476786709545,BRD-K23363278-001-02-1,DMSO,BR00116991,JUMP-Target-1_compound_platemap,MTJHLONVHHPNSI-IBGZPJMESA-N,CYT-997,11351021.0,TUBB,TUBB,control,poscon_diverse,CCC[C@H](Nc1nc(ncc1C)-c1ccc(NC(=O)NCC)c(OC)c1)c1cccnc1,compound
BR00116991,C10,2175.1465201465203,3929.21978021978,569.025641025641,564.9560439560439,507.7619047619048,503.040293040293,537.4295079654534,533.4511999171311,2.122589409241551,0.705476839471848,51.37329525529408,1.0,0.5762913424002777,0.5178081527283648,67.56366375141894,72.6828762393864,19.13069265894277,6.8180815900512535,5.921962055153686,46.52978693618423,43.87619172317071,0.0785086403244918,235.33240077780152,0.8340846403885671,0.5230278955661619,0.0644680121587672,0.1632748269488124,0.0527662090789834,0.0305291316574696,0.0197192035323789,0.0246833599179297,0.02637887465706,0.0199800231903865,0.0155047331261982,0.0139182252517659,0.0102354985277177,0.011130268201567,0.011488836412385,0.0122949443220743,0.0113794704670567,0.0094507460334007,0.0088347910699754,0.0078749827563306,0.006554761999505,0.0065763628950783,0.0075746663275901,0.0071095944232459,0.0077596199077698,BRD-K90497590-001-05-9,DMSO,BR00116991,JUMP-Target-1_compound_platemap,YULUCECVQOCQFQ-UHFFFAOYSA-N,AR-12,10027278.0,PDPK1,PDPK1,trt,,NCC(=O)Nc1ccc(cc1)-n1nc(cc1-c1ccc2c(ccc3ccccc23)c1)C(F)(F)F,compound
BR00116991,C11,3649.146472392638,6413.588957055214,565.2055214723927,582.6602760736197,487.78834355828224,503.5835889570552,525.9995511497542,542.770703249791,1.8709902040381192,0.7076844485204672,66.04930074953421,1.0,0.5790629676348806,0.5558131785000904,85.81771843488781,92.02730776276942,24.54491316147224,8.762705265408627,7.708167194952182,60.03325386053832,56.53063061068632,0.0810555927431384,284.41813644018606,0.8527742459389654,0.5263126879551306,0.0593967695285164,0.171399544849518,0.0543434320930195,0.0294293371356084,0.0216694658439651,0.0201115600913848,0.028174031194283,0.0216777557175851,0.0148479249179102,0.0157330267162167,0.0108097534015138,0.011644658282433,0.0118978071490638,0.0133289989772019,0.0120952741811943,0.00934809209332,0.0087272426331301,0.0089819981276863,0.006782235335011,0.0068095543810745,0.0073770281958117,0.0071263355560002,0.0081017344327525,BRD-K69877120-001-01-7,DMSO,BR00116991,JUMP-Target-1_compound_platemap,FHPOTBQOUBMMCI-UHFFFAOYSA-N,CYM-50260,44620894.0,S1PR4,S1PR4,trt,,FCc1ccc(OCCOc2ccc(Cl)cc2Cl)c(Cl)n1,compound
BR00116991,C12,3529.287969924812,6346.277443609022,575.8458646616541,548.1451127819549,497.5751879699248,469.9842105263158,536.0840621432388,508.5426202437872,1.8988782875129404,0.7173174104905364,65.28846496142518,0.9992481203007518,0.5703283386336396,0.551706174909917,86.22236737220204,92.48265723224786,24.02243921995985,8.604428309877088,7.571119473687546,58.81777991214662,55.48431197096584,0.051430600610467,282.4099470426988,0.8492544223274744,0.5141079180013355,0.0593565073792743,0.1679074570881294,0.0542470425454953,0.0305248080826801,0.0219250965427317,0.0216003974440817,0.029026839897608,0.0216883732345799,0.0150614884318371,0.0153163400650099,0.0108017122589031,0.0111770059737506,0.0116759393823741,0.0136434418557197,0.0118805174327147,0.009249582489931,0.0088660602233863,0.0089178655450539,0.0066436015325396,0.0068604949485947,0.0072387412287825,0.0071601933796937,0.008142753872291,,DMSO,BR00116991,JUMP-Target-1_compound_platemap,IAZDPXIOMUYVGZ-UHFFFAOYSA-N,DMSO,679.0,,,control,negcon,CS(=O)C,compound
BR00116991,C13,4056.187066974596,6409.348729792147,555.5196304849884,560.8983833718245,479.6974595842956,483.9122401847575,517.2114365378537,521.9864870411442,1.5158798799145907,0.5936628163369762,68.63149842862369,1.0,0.6508740665835324,0.6913186541433686,81.15153021527698,85.47413252697814,28.264606289964934,10.128233171236523,8.945235945846823,62.744395503661295,61.47598516751127,0.0804738780161699,266.1079519808246,0.9163486674269216,0.6654045664184678,0.0619576114524228,0.1486032500599166,0.0494592173021396,0.0229606546170315,0.0196285033904279,0.0327600843195662,0.0207298511010399,0.0175102259037482,0.0145994216234136,0.0125042961511052,0.0089756099978506,0.014272420126876,0.0121967368132562,0.0096579058792849,0.0089952603338118,0.0089609771188134,0.0078117752537899,0.0070032349986628,0.005447049405513,0.0079259903459448,0.0069512403697647,0.0062820687775529,0.0055300671722256,BRD-K90747162-001-01-4,DMSO,BR00116991,JUMP-Target-1_compound_platemap,CMYHZFCJPORPHY-UHFFFAOYSA-N,KG-5,53328059.0,FLT3,BRAF|FLT3|KIT|PDGFRB,control,poscon_cp,CSc1nc(N)cc(Oc2ccc(cc2)-c2nnc(Nc3cccc(c3)C(F)(F)F)[nH]2)n1,compound
BR00116991,C14,4440.796917497733,7861.621033544878,570.049864007253,617.818676337262,483.98730734360834,529.6201269265639,526.3706644285462,573.1957035245952,1.962303222996799,0.7018562182480494,73.22843831798447,1.0,0.575633800791824,0.5350125073103202,94.56887528682476,102.49464348787204,27.28348951068429,9.626741665179138,8.419955655402063,67.29602734509152,63.20232046319521,0.0603445176810758,321.82698059954726,0.8451717928079447,0.5223627074979752,0.0601337982063,0.1711652189801123,0.0525298406549086,0.0295882750482765,0.0215802996998398,0.0210342715059451,0.0276510823593036,0.0216852610231066,0.0152022391209278,0.0156266301507213,0.0107919181510584,0.0115406172158227,0.0117013757289537,0.0135830852115984,0.0116708010997055,0.009722417722612,0.0088674689605648,0.0090019332422621,0.006512386790297,0.0067012595600906,0.0073131025086344,0.0070014508165646,0.0084475552413092,BRD-K81405859-300-01-4,DMSO,BR00116991,JUMP-Target-1_compound_platemap,IPSSXIMJJXSJQB-FQEVSTJZSA-N,JTE-607,9938545.0,TNF,IL10|IL1B|IL6|TNF,trt,,CCOC(=O)[C@H](Cc1ccccc1)NC(=O)c1cc(Cl)c(OCCN2CCN(C)CC2)c(Cl)c1O,compound
BR00116991,C15,3508.182410423453,6253.378664495114,566.3680781758958,554.1571661237786,489.51791530944627,476.3371335504886,527.4912294320052,514.6565005092053,1.8986021440837944,0.714853844416614,64.67420670849859,1.0,0.5708043663127454,0.5515406336677756,85.02960200463076,91.10754667887508,23.999439904753373,8.562952686871945,7.524100015468909,58.34199057222816,55.005253230403575,0.0383728933424678,279.46123717638636,0.8499642701777902,0.5163311427142474,0.0586412994404565,0.1684854499598713,0.054209880273877,0.0297604689045271,0.0223102399496141,0.0216752048508646,0.0285635203256684,0.021670728095077,0.0152290539698505,0.0155663059293871,0.0111588820100872,0.0120459539031884,0.0117068193041102,0.0136094807813377,0.0120493795655752,0.0091002856308568,0.0085594825964047,0.0087966464892052,0.0066869244644338,0.0067999052141282,0.0073303492828248,0.0071529941070907,0.0081928973147787,,DMSO,BR00116991,JUMP-Target-1_compound_platemap,IAZDPXIOMUYVGZ-UHFFFAOYSA-N,DMSO,679.0,,,control,negcon,CS(=O)C,compound
BR00116991,C16,3703.015048908954,6659.599699021821,610.4507148231753,591.5071482317531,531.744920993228,510.6523702031603,570.8337528915719,550.5267464545733,1.925105796517126,0.7218916058947306,66.52479266817173,1.0,0.5684859260389441,0.5404809856249526,88.09747017079157,94.45688049756076,24.352220270847575,8.703612055465848,7.653955682560984,59.9943842021342,56.310217619180314,0.0366080158747095,290.5563354557061,0.8471361756451413,0.5099998100597609,0.0591422226138725,0.1689524329659258,0.055116527613703,0.0302370889007981,0.0218099965815927,0.0209544625822968,0.0293060047794816,0.0218024840799256,0.0149386887059388,0.0154640149971604,0.0107744989215561,0.0116690718061625,0.0117517441389167,0.0139822821491749,0.0119570326305249,0.0092503942627915,0.0086066502146094,0.0088296103118898,0.0067074028487148,0.006967088784599,0.0074317757803693,0.0070228689841804,0.0081650865717449,BRD-K51662849-001-05-4,DMSO,BR00116991,JUMP-Target-1_compound_platemap,NITYDPDXAAFEIT-DYVFJYSZSA-N,ilomastat,132519.0,MMP2,ACAN|ADAM28|MMP1|MMP12|MMP13|MMP14|MMP2|MMP3|MMP8|MMP9,trt,,CNC(=O)[C@H](Cc1c[nH]c2ccccc12)NC(=O)[C@H](CC(C)C)CC(=O)NO,compound
BR00116991,C17,3680.672256097561,6671.7172256097565,589.9626524390244,578.6272865853658,510.1036585365854,498.5914634146341,549.475316828851,538.2017394372788,1.93924958133432,0.7198789228215229,66.35482071399073,1.0,0.566045715324214,0.5422008523140496,87.88096291843314,94.86824574932795,24.4185571473119,8.711663824816343,7.64353437123236,60.01974247151629,56.33382092925504,0.0173724925836077,290.46879541032166,0.8450535324321091,0.5062599220784445,0.05992577962597,0.1679630706906849,0.0535907344699392,0.031053515510141,0.0213635523060548,0.0217283068803764,0.0287009358776764,0.021863366240887,0.015066475676033,0.0151377644619122,0.0108237715143548,0.0116490237327502,0.0115313705731872,0.0138645340419362,0.0117831523882697,0.0094849169787361,0.0087782264529682,0.0089616997801027,0.0067223146295918,0.0067659505951392,0.0071679830193002,0.007070067613293,0.0081013780803926,BRD-A65597028-003-08-1,DMSO,BR00116991,JUMP-Target-1_compound_platemap,HQGWKNGAKBPTBX-UHFFFAOYSA-N,RX-821002,108094.0,ADRA2B,ADRA1A|ADRA1B|ADRA1D|ADRA2A|ADRA2B|ADRA2C,trt,,COC1(COc2ccccc2O1)C1=NCCN1,compound
BR00116991,C18,3697.452088452088,6606.027846027846,614.1777231777231,599.7665847665847,535.2997542997543,520.2719082719083,574.2645431869795,559.5952466641168,1.8799738359091285,0.712808890087338,66.25045042555986,0.9991809991809992,0.5745650783073969,0.5566752539977158,87.23750292150203,93.50383044738174,24.474022923409052,8.756092522064368,7.700515678862466,59.890560477760495,56.40025870799067,0.0569597880105086,285.88791105549876,0.8514374928420907,0.5189243881124073,0.0591583169843154,0.1688116313479526,0.0545201782721711,0.0289725668210587,0.0220375710297043,0.0219120069695717,0.0284161894387282,0.0219790446284069,0.0151084751485097,0.0156177045771242,0.0109062535090467,0.0116664877670049,0.0116765165779585,0.0138986622473679,0.0120188576191232,0.009163629635273,0.0086996453834878,0.0089962573588846,0.0068172040333066,0.006885224453393,0.0073524536883439,0.0071828910204686,0.0080456862020543,,DMSO,BR00116991,JUMP-Target-1_compound_platemap,IAZDPXIOMUYVGZ-UHFFFAOYSA-N,DMSO,679.0,,,control,negcon,CS(=O)C,compound
BR00116991,C19,3677.783222591362,6562.988372093023,547.1187707641196,570.937707641196,468.74916943521595,490.640365448505,507.37239957139366,530.2567033828259,1.8852635453875928,0.7142678853737952,66.33673191721805,1.0,0.5721710359551553,0.555132022868117,87.15602323804356,93.59579464314476,24.561013527245382,8.784168075346471,7.711984846778071,59.93239645586155,56.51450867201901,0.008111995227511,285.8874056236996,0.8509820612892084,0.517598878221255,0.059405211481405,0.1688113038552622,0.0540388584977812,0.0304079859643442,0.0217986640999931,0.021470222980698,0.0282809539619519,0.0217855554978815,0.0148100120814571,0.0154332200765388,0.0110708879078017,0.0114829748724202,0.0118592332252241,0.013734495838033,0.0120676835537845,0.0095349970522219,0.0086019030029093,0.0088545194257927,0.0065621433664927,0.006608278169792,0.007324523500641,0.0070513498665462,0.0081684850864444,BRD-K24282351-001-01-4,DMSO,BR00116991,JUMP-Target-1_compound_platemap,LPGBXHWIQNZEJB-UHFFFAOYSA-N,TUG-891,57522038.0,FFAR4,FFAR4,trt,,Cc1ccc(cc1)-c1ccc(F)cc1COc1ccc(CCC(O)=O)cc1,compound
BR00116991,C20,2036.967032967033,3229.604395604395,609.0769230769231,614.1868131868132,553.5714285714286,558.6813186813187,580.7712268670782,586.0244159804182,1.6358479333387126,0.5829693335090181,49.64369397099201,1.0,0.6460867561816308,0.6561238871995544,58.40475333342068,62.04983828965431,20.762557044275415,7.433916876230582,6.503776493980195,45.39363799751646,44.61889862027799,0.0852743697524743,199.2320572883668,0.9010109592497796,0.6535741574589279,0.0611554252802345,0.1617045177583184,0.0470845514221039,0.0204496452521438,0.0190764435623203,0.0352830006952141,0.0195718756404413,0.0171516902495006,0.0163204022033909,0.0115080890493713,0.0097665788166088,0.0136353046775398,0.0119463121674507,0.0090584420408125,0.0089196820530468,0.0092101468003243,0.0076271004421597,0.0066102703640075,0.0062054958165493,0.007368495262722,0.0074910100829813,0.0061732604455642,0.0056234079997959,BRD-K44227013-001-08-0,DMSO,BR00116991,JUMP-Target-1_compound_platemap,PHXJVRSECIGDHY-UHFFFAOYSA-N,ponatinib,24826799.0,LYN,ABL1|BCR|FGFR1|FGFR2|FGFR3|FGFR4|FLT3|KDR|KIT|LCK|LYN|PDGFRA|RET|SRC|TEK,trt,,CN1CCN(Cc2ccc(NC(=O)c3ccc(C)c(c3)C#Cc3cnc4cccnn34)cc2C(F)(F)F)CC1,compound
BR00116991,C21,3462.6351446718418,6183.900494001411,572.5970359915314,576.9738884968243,496.05575158786166,499.86309103740297,533.8026050329864,537.8850413930189,1.8732653315062735,0.7163175088470667,64.21259799133931,1.0,0.5686996753209541,0.554900280671191,84.31230170044039,90.60394250270444,23.710824571619007,8.498899530722124,7.473447964736422,57.93731442407495,54.613760658721574,0.0166599399380081,276.5248733750802,0.8506421051052041,0.513923919852976,0.0604490805262099,0.1688717173380148,0.0543053406745584,0.0304991001888716,0.0216831445166983,0.0211278143692133,0.0291575671853059,0.0217475091796796,0.0150592321045187,0.0158710685385104,0.0110643907629518,0.0113776448739458,0.0115610743177084,0.0136775060790872,0.0117575045953602,0.0092605459713307,0.0087095983052534,0.0090706252072443,0.0066952533875298,0.0068040274661177,0.0074225878826493,0.0070735829966823,0.0081055539432764,,DMSO,BR00116991,JUMP-Target-1_compound_platemap,IAZDPXIOMUYVGZ-UHFFFAOYSA-N,DMSO,679.0,,,control,negcon,CS(=O)C,compound
BR00116991,C22,2070.8367346938776,3277.4617346938776,589.3494897959183,602.9897959183673,534.8928571428571,548.2168367346939,561.4166573646809,575.2324084253751,1.5222655800134248,0.5810024858494083,49.0923078600448,1.0,0.6590907216154678,0.7101209752023527,58.84599883758922,61.84796432228322,20.406093605753085,7.350205106941719,6.458840261876614,44.83463954678956,44.01350201171215,0.0707109290278015,190.46233753455655,0.910010340238654,0.672067898372206,0.060316251489046,0.1419063351145818,0.0474106068335277,0.0229146094542196,0.0190330440441845,0.0358109535758916,0.0200564140335443,0.0183214437727191,0.0149267887627922,0.0116724745104756,0.0093190983461002,0.0143624341402859,0.0110083653982938,0.0102038194706672,0.0101946861036368,0.0092854140672965,0.0078143489055949,0.0067173857952512,0.0059898071056958,0.0074581879541445,0.0073310093850099,0.0058462014554432,0.0060970969606388,BRD-K01824976-300-02-9,DMSO,BR00116991,JUMP-Target-1_compound_platemap,RXWNCPJZOCPEPQ-DYKMBDCPSA-N,puromycin,5702164.0,RPL23A,NHP2L1|RPL10L|RPL11|RPL13A|RPL15|RPL19|RPL23|RPL23A|RPL26L1|RPL3|RPL37|RPL8|RSL24D1,trt,,COc1ccc(C[C@H](N)C(=O)N[C@@H]2[C@@H](CO)OC([C@@H]2O)n2cnc3c(ncnc23)N(C)C)cc1,compound
BR00116991,C23,3489.677874186551,6195.0531453362255,541.8177874186551,598.9837310195228,464.736442516269,521.590021691974,502.67443110521486,559.9182710791861,1.8476605627848748,0.7107417554939717,64.79352909125282,0.9989154013015183,0.5737040476630835,0.5613165961586336,85.0181518597687,90.97866554498934,23.85836265215431,8.558293479511333,7.548426458992631,58.86848021509945,55.34674133213035,0.0535828294651022,276.7685416279805,0.8546752946262681,0.5183658975653765,0.0586207527648836,0.1694771917661467,0.0540815383727021,0.0300287604482903,0.023100588086143,0.0201626773153512,0.0288853397331783,0.0223271878800123,0.014327585631132,0.0162092218144656,0.0110619703748123,0.0117648089523279,0.0114664780694184,0.0142670526774975,0.0122830807184449,0.0093889735332003,0.0084221071693382,0.0089350184271204,0.0068969655191155,0.0066799239457485,0.007301075591847,0.0071179435259732,0.0080833291669315,BRD-K50495309-001-02-0,DMSO,BR00116991,JUMP-Target-1_compound_platemap,DMWVGXGXHPOEPT-UHFFFAOYSA-N,SRC-kinase-inhibitor-I,1474853.0,CSK,CSK|LCK|RIPK2,trt,,COc1cc2ncnc(Nc3ccc(Oc4ccccc4)cc3)c2cc1OC,compound
BR00116991,C24,3599.073302469136,6418.509259259259,579.5717592592592,547.4382716049382,501.3942901234568,468.9992283950617,539.9402599610723,507.8144817483655,1.8637407887365376,0.7223135659587664,65.48787119289193,1.0,0.5715742178255622,0.5584451173939428,86.64816509998697,92.6591245825791,24.080481852493143,8.634531185072806,7.608214052570292,58.98996818761165,55.42521744356863,0.0245395848219214,281.214394044357,0.8527251721020506,0.5124382667760284,0.0586041538946231,0.1688406459184088,0.0556639043240995,0.0304033692255227,0.022296996146039,0.0211078323745959,0.0295118848010309,0.0222059849072655,0.0145255885969725,0.0158359726745602,0.0108178886733262,0.0116366980382484,0.0116605533277608,0.0139171254926704,0.0118980629939814,0.0094136744697228,0.0086273698030234,0.0089147190271337,0.0068758783035753,0.0068165122325098,0.0073889409090409,0.0069542569178118,0.0081941901001878,BRD-K59058747-001-19-1,DMSO,BR00116991,JUMP-Target-1_compound_platemap,PWKSKIMOESPYIA-BYPYZUCNSA-N,acetylcysteine,12035.0,SLC7A11,ACY1|CHUK|GRIN1|GRIN2A|GRIN2B|GRIN2D|GRIN3A|GSS|IKBKB|RELA|SLC7A11,trt,,CC(=O)N[C@@H](CS)C(O)=O,compound
BR00116991,D01,3590.105956471936,6374.59049255441,546.2565864833906,559.237686139748,468.5796105383734,480.91867124856816,506.8793629077365,519.5096350822812,1.886416341145254,0.719817656308713,65.37115551710748,0.997709049255441,0.5747234111863602,0.552290091353324,86.36259811628891,92.23258839448972,23.94214965533572,8.591250236739313,7.569047941865013,58.80383842102123,55.29026481613704,-0.0312887312329837,282.410099320095,0.8501097960129157,0.5168187822024284,0.0577330796034782,0.1689733524949515,0.055694779741732,0.0296309976782748,0.0217697310133599,0.0211962613977435,0.0293062697276472,0.0220866183518797,0.0150269932172352,0.0156752387579965,0.0110462763395932,0.011252511567509,0.0116831929691809,0.013766925946501,0.0118140767756694,0.0092686600626366,0.0086047908786699,0.0089173119470956,0.0066476243021852,0.006776537156536,0.0073469302250703,0.0072388840885759,0.0082025752993135,BRD-K62949423-001-03-1,DMSO,BR00116991,JUMP-Target-1_compound_platemap,KFAKESMKRPNZTM-UHFFFAOYSA-N,NSC-625987,3004085.0,CDK4,CDK2|CDK4,trt,,COc1ccc(OC)c2c1[nH]c1ccccc1c2=S,compound
BR00116991,D02,3213.956821026283,5791.505006257822,505.41927409261575,584.775969962453,431.82165206508137,510.41927409261575,467.9876680422626,546.9607241168346,1.875477642772497,0.7246946863642699,61.597158802197576,1.0,0.5676595277740462,0.5567492624337005,81.57564830169848,87.43887231932078,22.60340865886607,8.122370620713928,7.156708773870625,55.496627288577706,52.217933032079955,0.0447947110547885,265.15023910416835,0.8486055351120295,0.5094559549523485,0.0589655423081004,0.1678581445078134,0.0549658503979171,0.0306875097237262,0.0220494083220557,0.021486323470408,0.0294771607641176,0.0223857141544171,0.0147323298135069,0.0158193459292944,0.0110205115447441,0.0113187879325046,0.0115546174169834,0.0139962595331301,0.0117201706920892,0.0094656118146612,0.0087846872740278,0.0089830537641281,0.0065923965938512,0.0068604189330664,0.0073787315270372,0.0071120214376456,0.0081363439384318,BRD-K22482860-001-20-6,DMSO,BR00116991,JUMP-Target-1_compound_platemap,NUKYPUAOHBNCPY-UHFFFAOYSA-N,dalfampridine,1727.0,KCNH7,KCNA1|KCNA10|KCNA2|KCNA3|KCNA4|KCNA5|KCNA6|KCNA7|KCNB1|KCNB2|KCNC1|KCNC2|KCNC3|KCNC4|KCND1|KCND2|KCND3|KCNF1|KCNG1|KCNG2|KCNG3|KCNG4|KCNH1|KCNH2|KCNH3|KCNH4|KCNH5|KCNH6|KCNH7|KCNH8|KCNJ13|KCNJ5|KCNQ1|KCNQ2|KCNQ3|KCNQ4|KCNQ5|KCNS1|KCNS2|KCNS3|KCNV1|KCNV2,trt,,Nc1ccncc1,compound
BR00116991,D03,3342.148351648352,6138.235478806907,562.3045525902669,562.7221350078493,486.1467817896389,486.7197802197802,523.6151071043162,524.14404007734,1.8910802666854811,0.7375091731590913,62.72718895083127,0.999215070643642,0.5594362097281197,0.5571794666382218,84.74485417848722,90.3168411616096,22.777987847312,8.214400915533322,7.251916187898442,56.092972681472645,52.50767073478966,-0.0026227674084991,271.3146682689827,0.8472702414451234,0.5009767813994329,0.0591688161901258,0.1647036606137447,0.0564977936548886,0.0316947815424648,0.0212963049730951,0.021930506108285,0.0304737198817595,0.0221642421129894,0.0148701578004512,0.0154208293059702,0.0107792655730824,0.0112482916581418,0.0119319597012284,0.0141447102073,0.0121240396577106,0.0093839499411605,0.0088323634832836,0.0089226172809713,0.0064500124433239,0.0067233473271115,0.0073560818245981,0.007133153910327,0.0079945377384578,BRD-K68143200-001-11-7,DMSO,BR00116991,JUMP-Target-1_compound_platemap,MAASHDQFQDDECQ-UHFFFAOYSA-N,NSC-95397,262093.0,CDC25A,CDC25A|CDC25B,trt,,OCCSC1=C(SCCO)C(=O)c2ccccc2C1=O,compound
BR00116991,D04,3348.1137800252845,6065.096713021492,585.1106194690266,585.1498103666245,509.9228824273072,508.7724399494311,547.0176147182497,546.4296197194953,1.874173162221129,0.714828889862501,63.06277817468594,1.0,0.5664662747367891,0.558804853963452,83.4080500045439,89.2803153613383,23.194526972758226,8.312744099380863,7.311498817225866,56.96150218957103,53.652619858192246,0.0659774334846324,271.5636798818957,0.8493973504174233,0.5152189712011536,0.0591419693516254,0.1679791631280439,0.0546626291189933,0.0297564402666026,0.0217784658905319,0.0213311895523375,0.0286922782952895,0.0226228117614124,0.0152404369930989,0.0156363308289116,0.011003074126187,0.0115888074640486,0.0115134764375916,0.01415077889079,0.0121948904823103,0.0092551631138976,0.0086612240654273,0.0090378528267477,0.0067632626054974,0.006668229059941,0.0073471133094075,0.0072381725024137,0.0083200552564055,BRD-K35498378-001-06-1,DMSO,BR00116991,JUMP-Target-1_compound_platemap,GCUCIFQCGJIRNT-UHFFFAOYSA-N,alrestatin,2120.0,AKR1B1,AKR1B1,trt,,OC(=O)CN1C(=O)c2cccc3cccc(C1=O)c23,compound
BR00116991,D05,3390.7448979591836,6053.144897959183,554.6795918367347,577.5231292517007,478.4278911564626,500.96666666666664,516.1075751671581,538.6765389909555,1.864135065127016,0.7141618657958793,63.91804712387367,0.9993197278911564,0.5700254185739052,0.5595742258743648,83.72868205390151,90.01039824525188,23.635474953622108,8.47595035056073,7.458256606450069,57.81637194582982,54.57207799142597,0.0258195840059868,273.8029784225667,0.8509644985303864,0.5160932834587182,0.0607794965350442,0.1687772989863366,0.0545826029135124,0.0305030824370549,0.0222851887055296,0.0207964631779979,0.0285616227348414,0.0219807855925647,0.0145935602186953,0.0156762049128484,0.0111429123734851,0.0118107530243915,0.0116652737507148,0.013905037907593,0.0116988125397511,0.0096130471413334,0.0087695726783297,0.0089258958309381,0.0068360599723231,0.0068598783561959,0.0073012965860054,0.0072468198334932,0.0080414664139261,BRD-K37764012-001-03-3,DMSO,BR00116991,JUMP-Target-1_compound_platemap,AYCPARAPKDAOEN-LJQANCHMSA-N,PF-03758309,25227462.0,PAK4,PAK4,control,poscon_diverse,CN(C)C[C@@H](NC(=O)N1Cc2c(Nc3nc(C)nc4ccsc34)n[nH]c2C1(C)C)c1ccccc1,compound
BR00116991,D06,3516.667678300455,6371.971168437026,581.329286798179,592.1418816388467,503.3619119878604,513.5242792109257,541.8548413489461,552.3186470351336,1.9179307470034517,0.7266570893759597,64.95446245379948,1.0,0.5655204655254508,0.5473454206251467,86.79741654917122,92.8621532311344,23.755676316029337,8.499449527005346,7.481999759501722,58.53584823627194,54.92807904978044,0.0533520077067196,281.7859161368253,0.8441229686055982,0.5059074024659755,0.0592200846945068,0.1657462182269317,0.0551161643497067,0.0311701142631179,0.0213925411631709,0.0217864428544206,0.0292638305511692,0.0221062881123402,0.0154305567929786,0.0157766892145744,0.0109069072062376,0.0111096836081513,0.0118032896922824,0.0142252117145564,0.0118815517318026,0.0093005059917938,0.0088766917283845,0.009004004718758,0.0066974576767855,0.00662322546703,0.0072443640078286,0.0071014898388831,0.0083361484682479,BRD-K98357249-001-02-9,DMSO,BR00116991,JUMP-Target-1_compound_platemap,UZDORQWMYRRLQV-JHOUSYSJSA-N,IRL-2500,5311192.0,EDNRB,EDNRB,trt,,CN([C@H](Cc1ccc(cc1)-c1ccccc1)C(=O)N[C@@H](Cc1c[nH]c2ccccc12)C(O)=O)C(=O)c1cc(C)cc(C)c1,compound
BR00116991,D07,3402.092633114515,6124.246535375638,573.9044493070751,571.9671772428884,498.03792851932894,495.490882567469,535.5226226094377,533.2749867412364,1.8596456707941944,0.7171188225656685,63.49837117251341,1.0,0.5664626861483026,0.5598958364719688,83.57773088767884,89.73692534996226,23.449884311698156,8.407366803001588,7.399694593308375,57.29509753607237,54.01928161191851,0.0256550902203685,272.23872484232203,0.8509835674287418,0.5141216798319059,0.0604148548639731,0.1681411105050904,0.0546269417357215,0.030854909434544,0.0219522350173659,0.0206740375418587,0.0290560798608736,0.0224025971465398,0.0149102039901765,0.0155162191698519,0.0107418029126421,0.0117188556440358,0.0114588212485383,0.0138666447239516,0.0119885769393053,0.009374928461495,0.0086523245739234,0.0089050623893266,0.0068496871868498,0.0069015173704538,0.0074181699421304,0.0070597929336332,0.0081183030122725,BRD-K73319509-001-08-0,DMSO,BR00116991,JUMP-Target-1_compound_platemap,PDMUGYOXRHVNMO-UHFFFAOYSA-N,PF-04217903,17754438.0,MET,MET,control,poscon_cp,OCCn1cc(cn1)-c1cnc2nnn(Cc3ccc4ncccc4c3)c2n1,compound
BR00116991,D08,3563.682614555256,6321.039757412399,581.1522911051213,579.4871967654987,504.2243935309973,501.0592991913747,542.1367853812609,539.8080403687712,1.884983221168504,0.7106732881351464,65.20346490342342,1.0,0.5717671571803643,0.5515520536250599,85.0700643080121,91.20449365637296,24.004486368566777,8.58586109286048,7.551118917238306,59.35964358911969,55.81840801236379,0.0643952683983627,280.9649613353734,0.8481955755892114,0.5197609377823662,0.0598016450241338,0.169868176838124,0.0538289709341609,0.0300612956588101,0.0223922717155199,0.0209745713787217,0.0281207664385869,0.0220829092360561,0.0148907351541582,0.0160527985901077,0.0113284871108866,0.0116059431347992,0.0117347088708019,0.0137418830140209,0.0119475147383726,0.0094694732748511,0.0088960937732607,0.0093893732651456,0.0069053983025368,0.0066614247139787,0.0072451468783903,0.0070927214835411,0.0082365805584776,BRD-K58550667-001-08-7,DMSO,BR00116991,JUMP-Target-1_compound_platemap,KPBNHDGDUADAGP-VAWYXSNFSA-N,FK-866,6914657.0,NAMPT,NAMPT,control,poscon_diverse,O=C(NCCCCC1CCN(CC1)C(=O)c1ccccc1)\C=C\c1cccnc1,compound
BR00116991,D09,3637.073926868045,6459.631955484897,581.1804451510334,534.6263910969793,503.40302066772654,455.66057233704294,541.8848044218095,494.7269677844389,1.8438563701497284,0.71032861063683,65.71386669225308,1.0,0.5730337867748535,0.5638314406045675,85.92221599531753,92.47941627513056,24.37662316016466,8.738727407624996,7.695971491142795,59.30810496521997,55.96347718410241,0.0110862399112295,280.1983482621827,0.855002681578861,0.517152179962909,0.0593157546668888,0.1701800849895344,0.0536494360383474,0.0294319044976446,0.0220988222181381,0.0220469192630738,0.0285447910182235,0.0220254845602533,0.0152974551208333,0.0156211601688587,0.0109150861582349,0.0115122408247574,0.0113943800065333,0.0135183930963137,0.0120162469947107,0.0095750813403879,0.008768891532954,0.0089171469185436,0.0065489722106921,0.0066818066461286,0.0073232310359469,0.0071228496855665,0.0080759032061577,BRD-K29530284-001-06-2,DMSO,BR00116991,JUMP-Target-1_compound_platemap,SGRYPYWGNKJSDL-UHFFFAOYSA-N,amlexanox,2161.0,FGF1,FGF1|IL3|PDE4A|PDE4B|PDE4C|PDE4D|S100A12|S100A13,trt,,CC(C)c1ccc2oc3nc(N)c(cc3c(=O)c2c1)C(O)=O,compound
BR00116991,D10,3389.2387543252594,6123.523183391004,575.0449826989619,591.876124567474,499.24982698961935,514.6678200692041,536.5816423693374,552.9029383679144,1.9151847047577293,0.7189736169406716,63.61921339196933,0.9986159169550172,0.564903461373206,0.5461127291629493,84.19406325417965,90.49430964290548,23.351338791523393,8.357022724308237,7.3489338653614125,57.63091462481621,54.09182374306592,0.0209644051272215,276.5946715562855,0.8443059531574637,0.5086590978374699,0.059502884747619,0.1671866233796675,0.053986419618574,0.0310008267734692,0.0218477005488427,0.0214351677088699,0.0289758562263242,0.0218206398458467,0.0148096113970593,0.0158240177917001,0.0108789894099388,0.0114784156794638,0.0117879860068653,0.0137419356649947,0.0121321775615935,0.0092799571070943,0.008843650747299,0.0090415926079381,0.006742426530256,0.0067075825325717,0.0074127444101911,0.0069692693975363,0.0082237052885788,BRD-K37864785-001-01-0,DMSO,BR00116991,JUMP-Target-1_compound_platemap,NDNKNUMSTIMSHQ-URZKGLGPSA-N,GW-311616,9800961.0,ELANE,ELANE,trt,,CC(C)[C@H]1[C@H]2[C@@H](CCN2C(=O)\C=C\CN2CCCCC2)N(C1=O)S(C)(=O)=O,compound
BR00116991,D11,3043.9664694280077,4812.347140039447,586.3214990138067,559.189349112426,518.9289940828403,492.11242603550295,552.1355610441262,525.2598482868337,1.535552396477833,0.6409085581884257,60.034131096365805,1.0,0.6440187463885465,0.6887193867864263,73.6251779147185,76.39451732058494,24.06935935559849,8.769151385146884,7.7802338658373245,53.73223740727957,52.53834701520895,0.01358005034299,232.61890500642497,0.9076183217495282,0.6387008113119303,0.0660426392332985,0.145684326713188,0.0541285330038271,0.0263786043586858,0.0199247604822412,0.0297828469913345,0.0233173170432631,0.0186328853698637,0.015005930942091,0.0124911443346552,0.0097100269378689,0.013248171225101,0.0120555359492223,0.0101489403288746,0.0095352980349797,0.0088572559023742,0.0080570333758043,0.0071512671456458,0.0057677779384934,0.0075431390674772,0.0071073168597194,0.006582429694467,0.0059073241175293,BRD-K42191735-001-08-7,DMSO,BR00116991,JUMP-Target-1_compound_platemap,CWHUFRVAEUJCEF-UHFFFAOYSA-N,buparlisib,16654980.0,PIK3CG,PIK3CA|PIK3CG,control,poscon_diverse,Nc1cc(c(cn1)-c1cc(nc(n1)N1CCOCC1)N1CCOCC1)C(F)(F)F,compound
BR00116991,D12,3193.7383845604004,5690.082201572552,563.1551107934239,599.3781272337384,489.6032880629021,525.6347390993567,525.8436664091915,561.9907479548358,1.843883026458755,0.7167498264521696,61.64853227734061,0.9992852037169406,0.5715651798212258,0.5646863137516327,81.05326603893845,86.89175389735306,22.852295999249815,8.202333056682164,7.225375763440088,55.53379996588192,52.376403268938525,-0.0097870457467775,262.5693751227614,0.8532888278581113,0.5158706826144042,0.0592315495644042,0.1696155051755928,0.0545560035284042,0.0300309628554179,0.0217143843743588,0.0208522560041878,0.0291644179098685,0.0219462024204927,0.0149197085833521,0.0154938200653813,0.0111051707513166,0.0114456183524065,0.0118199948430412,0.0136861961987532,0.0117366250628324,0.0094867466250634,0.0086767406455535,0.0090012384361453,0.0066212631181444,0.0067166445174717,0.0074389144574666,0.0069471325614145,0.0080956119854304,BRD-K97181089-003-24-7,DMSO,BR00116991,JUMP-Target-1_compound_platemap,XSDQTOBWRPYKKA-UHFFFAOYSA-N,amiloride,16231.0,ASIC1,AOC1|ASIC1|ASIC2|ASIC3|PKD2|PKD2L1|PLAU|SCNN1A|SCNN1B|SCNN1D|SCNN1G|SLC9A1|TRPC7|TRPV2,trt,,NC(=N)NC(=O)c1nc(Cl)c(N)nc1N,compound
BR00116991,D13,3355.3283582089553,6036.481539670071,580.2521602513747,566.2820109976434,504.93558523173607,489.3220738413197,542.1402837270791,527.3783516308143,1.8889501139328695,0.7157697182065376,63.47662923727943,1.0,0.5681614447333775,0.5538132543266361,83.7446387107174,89.95642666245492,23.51932084503383,8.404766630282765,7.390145863069467,57.38739937070979,53.99125324488001,0.0261731156524205,273.37134338929144,0.8484927312906007,0.5128293458918425,0.0593692814503778,0.1677487606944425,0.0540526149928996,0.0298139892780639,0.0219351297015875,0.0219498688099457,0.0285069574163037,0.0220569033399416,0.0150354245610557,0.0155800971879755,0.0105440988875982,0.0115802402208273,0.0119033465723597,0.0139634507400866,0.0119749318582135,0.0092739317440519,0.0088700740545692,0.0087218790095063,0.0064735300140039,0.0068597831332914,0.0074949105141943,0.0071651495591168,0.0080740227489946,BRD-K75748943-300-01-3,DMSO,BR00116991,JUMP-Target-1_compound_platemap,ZJMDTBBCNMGFMS-SAPNQHFASA-N,DG-172,57342889.0,PPARD,PPARD,trt,,CN1CCN(CC1)c1ccc(cc1)\C=C(/C#N)c1ccccc1Br,compound
BR00116991,D14,3614.7869269949065,6548.765704584041,555.4932088285229,579.4872665534805,476.23259762309,500.6307300509338,515.2959149329627,539.7373655585574,1.9218151673032735,0.7209385542816038,65.64160034823071,0.9991511035653652,0.5666635004132854,0.548182630893118,87.03857618426174,93.7313133343538,24.199884078354103,8.642120668216618,7.585766550874915,59.13413367473473,55.75097167445315,0.0016590011804732,285.6484952115733,0.8471567080759902,0.5097367893394716,0.0602767098836465,0.1668976339398847,0.0539194184798098,0.0311190907699651,0.0210558740089163,0.0214076706709833,0.0279037186631562,0.0217702906529974,0.0152668674166696,0.0152870165505597,0.0106656253183582,0.0118475593322019,0.0116720126197145,0.0137109208416657,0.0117799172606065,0.0094439783296303,0.0089004674480024,0.0089997189880701,0.0068105642950382,0.0070430949896369,0.0072445169863033,0.0069858303901431,0.0080999653902815,,DMSO,BR00116991,JUMP-Target-1_compound_platemap,IAZDPXIOMUYVGZ-UHFFFAOYSA-N,DMSO,679.0,,,control,negcon,CS(=O)C,compound
BR00116991,D15,3503.2983164983166,6306.288888888889,554.6505050505051,582.4996632996633,477.0740740740741,504.1003367003367,515.2746785287444,542.7788878288864,1.9215595901697151,0.7192581765092179,64.89209826715819,1.0,0.5659387444103655,0.544711679664137,86.01553126959416,92.3224453922631,23.78436423517217,8.51706207629028,7.488048328201177,58.744052637499,55.04147117726277,0.0470682331746608,282.09688993613264,0.8440046094896848,0.5089417349438032,0.0589103919631562,0.1681764845995413,0.0542540544201439,0.030490361545988,0.0217224703032649,0.0211212098797978,0.0290105834667456,0.0218638508281172,0.0151895323743187,0.0160301216082805,0.0108381288337969,0.0116473403718738,0.0119690264853602,0.0138594073479229,0.0117655332144161,0.0092841737892785,0.0086647312089978,0.0090261355268942,0.0067532589107474,0.0066956819422245,0.0072357178320492,0.0071341738438854,0.0081323927141161,,DMSO,BR00116991,JUMP-Target-1_compound_platemap,IAZDPXIOMUYVGZ-UHFFFAOYSA-N,DMSO,679.0,,,control,negcon,CS(=O)C,compound
BR00116991,D16,2856.3735795454545,5157.586647727273,533.9460227272727,601.6647727272727,464.796875,530.2883522727273,498.6531074450568,565.4729306184234,1.7769782751293073,0.711200866831589,58.54025092585191,1.0,0.5835749886039721,0.6083123002058679,79.10334158995487,83.58709092746022,21.86713392654154,7.947341276451851,7.038222244893522,51.60747615128044,49.03895465363841,-0.0359557256955218,244.5232584919041,0.8684449706733456,0.5354217442737685,0.06131398038434,0.1545823345748396,0.0554643235168596,0.0300019956885319,0.0204996336984633,0.0256234208138983,0.0281017017008703,0.0213653539894671,0.0152201801123127,0.0143355577612627,0.010059604233614,0.0120405893679313,0.0118493535493466,0.0130379400989812,0.0115099703722493,0.0095205268278298,0.008313261037601,0.0082174782969569,0.0059030559247941,0.0067808301808232,0.0071107347180817,0.0068727309676104,0.0075294477523299,BRD-K15179513-001-04-2,DMSO,BR00116991,JUMP-Target-1_compound_platemap,LSFLAQVDISHMNB-AFARHQOCSA-N,NVP-ADW742,,IGF1R,IGF1R,control,poscon_cp,Nc1ncnc2n(cc(-c3cccc(OCc4ccccc4)c3)c12)[C@H]1C[C@H](CN2CCCC2)C1,compound
BR00116991,D17,3855.236977256053,6892.143800440205,588.3528980190756,568.8760088041086,507.8980190755686,486.0983125458547,547.3433205545978,526.9346985832724,1.894875395200196,0.7230584730404875,68.09333739162851,1.0,0.568077373421981,0.5519445949442076,90.26350509970524,96.5346139817504,25.093331227365624,8.976176207865697,7.90152838715632,61.232117182670784,57.517296430734035,0.034401188930644,293.60173747982975,0.8493260565004018,0.5121240614518676,0.0587086486471567,0.1675226584741921,0.0553178883252534,0.0299502837300201,0.0214376620350013,0.0215576110076165,0.029411793038562,0.0218230741412353,0.0148481689179594,0.0152035605516124,0.0109032345568738,0.0115546503760533,0.0120429946101655,0.0136215917788802,0.0118074677956952,0.0094474461608444,0.0087469674827561,0.0087892741003062,0.006747486267225,0.0067431472236239,0.0075079879850923,0.006902194755542,0.0081237251865908,BRD-A72351335-001-04-5,DMSO,BR00116991,JUMP-Target-1_compound_platemap,OJLOPKGSLYJEMD-URPKTTJQSA-N,misoprostol,5282381.0,PTGIR,PTGER2|PTGER3|PTGER4|PTGIR,trt,,CCCCC(C)(O)C\C=C\[C@H]1[C@H](O)CC(=O)[C@@H]1CCCCCCC(=O)OC,compound
BR00116991,D18,3906.056049822064,7069.368327402135,558.288256227758,575.4386120996442,475.7580071174377,493.19928825622776,516.4107817598579,533.7028167525208,1.9388698144887024,0.7173287838591518,68.4209386998321,1.0,0.5653687189024127,0.5426465523404379,90.1571047843134,97.55512252066416,25.292543387868378,8.976156514039427,7.862645593690836,62.293891644393774,58.467813675482695,0.0444675342809826,299.32008058658647,0.8428240584479182,0.5063023465805816,0.0608393074449507,0.1679771353953674,0.0529323555973762,0.0314309925866657,0.0213439937216172,0.0210691655895722,0.0279850457269914,0.0218598085730364,0.0149516333945475,0.0154545785649701,0.0109725056655456,0.0117544822707155,0.0115711146657393,0.014264259986192,0.0116791020565974,0.0095030295697236,0.0089340282172298,0.0091358779813588,0.0066703578831,0.0069321461907211,0.0073080409649056,0.0068692467013603,0.0081226336567236,BRD-K37385792-003-02-1,DMSO,BR00116991,JUMP-Target-1_compound_platemap,IKENVDNFQMCRTR-UHFFFAOYSA-N,conivaptan,151171.0,AVPR1A,AVPR1A|AVPR2,trt,,Cc1nc2CCN(C(=O)c3ccc(NC(=O)c4ccccc4-c4ccccc4)cc3)c3ccccc3-c2[nH]1,compound
BR00116991,D19,3699.727756653992,6628.779467680608,604.5269961977186,577.1422053231939,525.8752851711026,496.6912547528517,564.6024625764065,536.3375747994309,1.9204081484412832,0.7137047915828681,66.53568933482136,1.0,0.5722437006946628,0.5461027427586852,87.12092102584485,93.95958608769976,24.701020394473257,8.782776915297656,7.702679677100497,60.33139764872791,56.73466045663635,0.0577134758923636,290.1880574783029,0.848074411437389,0.5166137798049582,0.0588289800171119,0.1702474346464491,0.0536553821104301,0.0300363471132837,0.0214867443044635,0.0219503524076545,0.0277438157214742,0.0216514303536196,0.0148095742636093,0.0155779957139713,0.0110404313752404,0.011992347542623,0.0117835142181211,0.0135647803548765,0.0119951225314234,0.0095098420948683,0.0085907093384296,0.0087677770528015,0.0064506383412045,0.0069005805689934,0.0074293740530635,0.0069057507414794,0.0082695158592978,BRD-A72483914-001-03-7,DMSO,BR00116991,JUMP-Target-1_compound_platemap,JVGBTTIJPBFLTE-UHFFFAOYSA-N,spiroxatrine,5268.0,ADRA2B,ADRA1A|ADRA1B|ADRA1D|ADRA2A|ADRA2B|ADRA2C|HTR1A|HTR2B,trt,,O=C1NCN(c2ccccc2)C11CCN(CC2COc3ccccc3O2)CC1,compound
BR00116991,D20,3522.6088495575223,6371.798230088496,591.6654867256638,551.6893805309735,513.9203539823009,473.03274336283187,552.4195241933257,511.7967827483963,1.933727043733797,0.7240866451987599,64.90666303445776,1.0,0.5678719332285482,0.5460707989607448,86.71412956541808,92.95058209837298,23.872724345522915,8.523929835841246,7.479995273355828,58.328183630881234,54.922888113089215,0.0487633202219931,283.4695673789132,0.8448666117335683,0.5077584551540595,0.0607803607330576,0.1664507144626084,0.0543468280642715,0.0313466395203654,0.02095502406894,0.0212119136975214,0.0280542962048816,0.022000394521297,0.0154166114954923,0.0156719626957316,0.0110834039933978,0.01160591292149,0.0119852692380838,0.0138405165296486,0.0119417026638148,0.0094207235005156,0.0087108756868237,0.0091559575175602,0.00658317085943,0.0066077381785779,0.0072666402413349,0.0070357231159068,0.0082533829431764,BRD-K69122748-001-10-1,DMSO,BR00116991,JUMP-Target-1_compound_platemap,TYNLGDBUJLVSMA-UHFFFAOYSA-N,diacerein,26248.0,IL1B,IL1B,trt,,CC(=O)Oc1cccc2C(=O)c3cc(cc(OC(C)=O)c3C(=O)c12)C(O)=O,compound
BR00116991,D21,3605.247843137254,6480.052549019608,581.7239215686275,597.7670588235294,504.0572549019608,517.5929411764706,542.4788179381025,557.0515409970266,1.863295273840026,0.7229364984979062,65.87666326667117,1.0,0.5701580807165776,0.5608035689461888,86.93012316773047,93.14387202588608,24.282559027025975,8.722652117576649,7.680466076836851,59.23897141191976,55.77167740577155,0.0555126298760375,282.3598090953802,0.8522261660297821,0.5153343967752977,0.0590153872043087,0.1683849850834817,0.0552599854884786,0.0307105051851654,0.0214567383218362,0.0212360538124338,0.0289744218751208,0.0219247809939303,0.0147535844199869,0.0158702076197156,0.0107856562625279,0.01189141887146,0.0116832814834305,0.0135859104461704,0.0119396060674788,0.0097865982946974,0.0087392044868893,0.0089788237975985,0.0065816685075015,0.0064710338278947,0.0073891698172549,0.0069772014875677,0.0081131275017116,,DMSO,BR00116991,JUMP-Target-1_compound_platemap,IAZDPXIOMUYVGZ-UHFFFAOYSA-N,DMSO,679.0,,,control,negcon,CS(=O)C,compound
BR00116991,D22,3530.4761215629524,6294.573806078148,595.8480463096961,560.397973950796,519.1917510853835,482.1910274963821,556.8604911943742,520.9242391778932,1.843588306698812,0.7156701537235776,64.81528451765698,1.0,0.570957899551971,0.5637873002998172,85.18343615243099,91.14187925189236,23.97949025309738,8.608198904690687,7.587736841922759,58.37627099778084,55.0837797149218,0.0145317879535895,276.48139643780286,0.854606004203325,0.5163827043799027,0.0601661246899324,0.1684725773995041,0.0549239355284446,0.0304741622327981,0.0223668235047196,0.0206808451945632,0.0292910286737764,0.0217775332906889,0.0151390117585504,0.0160181468013705,0.0113270228140804,0.0112220134328911,0.0117290708574416,0.0134334147950571,0.0117918043418782,0.0092500499672598,0.0086012199724965,0.0090317723772968,0.0066557567741011,0.0065500014838203,0.0074553707807104,0.0069810798917074,0.0079829827621494,,DMSO,BR00116991,JUMP-Target-1_compound_platemap,IAZDPXIOMUYVGZ-UHFFFAOYSA-N,DMSO,679.0,,,control,negcon,CS(=O)C,compound
BR00116991,D23,3574.605839416058,6385.63503649635,583.0394160583942,581.1503649635036,505.9613138686131,502.2766423357664,543.9384701312299,541.0914021915828,1.8696221879855113,0.7192192786604996,65.2283598471258,0.9985401459854014,0.5735147786210331,0.5587986540163167,85.77562658060943,92.28337289712492,24.11418090082313,8.63672867389661,7.601111165430288,58.91337424853763,55.466205710486186,0.0732382039650806,280.52768868026504,0.851641429834488,0.5137204293957075,0.0603929744835726,0.1692300845234549,0.054523153569808,0.0308425314656554,0.0212116360468806,0.0207600754302875,0.0292067603484462,0.0219632339139673,0.0148481414038653,0.0156762837597368,0.0109427597748311,0.0116416499061939,0.0118409734596293,0.0136502731625791,0.0116923978188507,0.0095138733184248,0.0087466462668208,0.0089946921983558,0.0068404766590032,0.0069015734359213,0.0072063543357212,0.006971184579327,0.0080410503283261,BRD-K36927236-001-36-7,DMSO,BR00116991,JUMP-Target-1_compound_platemap,ZNNLBTZKUZBEKO-UHFFFAOYSA-N,glyburide,3488.0,SLCO2B1,ABCA1|ABCB11|ABCC8|ABCC9|CFTR|CPT1A|KCNJ1|KCNJ11|KCNJ5|KCNJ8|SLCO2B1,trt,,COc1ccc(Cl)cc1C(=O)NCCc1ccc(cc1)S(=O)(=O)NC(=O)NC1CCCCC1,compound
BR00116991,D24,3666.105621805792,6733.575809199318,607.0340715502556,558.4471890971039,527.2649063032368,477.4957410562181,566.6656212330129,517.346776582127,1.9362133655342193,0.7297514494201514,66.280199985064,0.9991482112436116,0.5623939736602985,0.543221851961955,89.44441201107256,95.63518434259912,24.079780625241256,8.629105212935537,7.6014009094550365,59.40393099173297,55.623158767104954,0.0140947219170065,289.6832338458158,0.843369771811621,0.5012653359331415,0.0591717835016711,0.1653060424115,0.0553421273329656,0.0315747872409972,0.0218289683062591,0.0211997948824904,0.0299080735084615,0.0214814610313179,0.0152214676952756,0.0161773857105106,0.0109196108241361,0.0112211957079715,0.0117241565642754,0.0137576397580645,0.0120199752538429,0.0095003914212566,0.0089646174037826,0.0089711457982772,0.0065965098368036,0.0064452314553737,0.0072850284163347,0.0070386515426676,0.008189579367237,BRD-K31170746-001-01-6,DMSO,BR00116991,JUMP-Target-1_compound_platemap,QUGDTMONBLMLLD-UHFFFAOYSA-N,ANR-94,11805896.0,ADORA2A,ADORA2A,trt,,CCOc1nc2c(N)ncnc2n1CC,compound
BR00116991,E01,3371.8933415536376,6013.16954377312,544.7626387176325,563.940813810111,469.5104808877928,487.57336621454994,506.62864183007264,525.1327206182112,1.8809073492399515,0.727597708436663,63.43298159006292,1.0,0.5714600920640523,0.5527231621152006,83.97369182154183,89.63629144615183,23.282212548211685,8.370952087970252,7.386147184058697,57.07475820967953,53.523290314312554,0.0594506935728091,273.1153260230886,0.8497931190831132,0.513333022663182,0.0581872078323623,0.1690611256959478,0.0566432615904585,0.0298367549028393,0.0214034460937021,0.020909151310705,0.0300131063554057,0.0221903356045717,0.0148539250316365,0.0156005939342622,0.0110801137843714,0.0115741576710317,0.0115955007497116,0.0137347624804138,0.0116636052705784,0.0093411009581782,0.0086204864138812,0.0092198461596867,0.0065746915466698,0.0065677326047861,0.0073361119981645,0.0072610164608804,0.0080464025702213,BRD-K57708067-001-01-3,DMSO,BR00116991,JUMP-Target-1_compound_platemap,NLSSUSRERAMBTA-UHFFFAOYSA-N,TFC-007,16040067.0,HPGDS,HPGDS,trt,,O=C(Nc1ccc(cc1)N1CCC(CC1)C(=O)N1CCOCC1)c1cnc(Oc2ccccc2)nc1,compound
BR00116991,E02,3441.3101567825493,6167.488070892979,574.6952965235174,591.2174505794138,498.69529652351736,513.6646216768917,535.9262801645016,552.0710575271992,1.9063370353061715,0.7266738839398859,64.03084638554317,1.0,0.5676785654387728,0.5476118555726108,84.88306943565956,90.79933138986851,23.44553528293319,8.415672344830654,7.405084387220604,57.50885273495219,54.063755795848465,0.0077802162313371,277.72500316989584,0.8465381960831535,0.5103800390594202,0.0584921774874525,0.1675357349617536,0.0558137866732495,0.0308819737661158,0.021606829491816,0.0217225346581034,0.0295923136803103,0.0220449356026549,0.0142479673470649,0.0156410525967342,0.0108117398865894,0.0112629932844839,0.0116998501957669,0.0138172598736216,0.0119334172156671,0.0094364346805523,0.0088382847022878,0.0090626651127181,0.0066183956233449,0.0068403741099561,0.0073767206918728,0.007076827622395,0.0082848124147546,BRD-A48180038-003-24-3,DMSO,BR00116991,JUMP-Target-1_compound_platemap,HWHLPVGTWGOCJO-UHFFFAOYSA-N,trihexyphenidyl,5572.0,CHRM3,CHRM1|CHRM2|CHRM3|CHRM4|CHRM5,trt,,OC(CCN1CCCCC1)(C1CCCCC1)c1ccccc1,compound
BR00116991,E03,3411.4214992927864,6138.23125884017,539.4547383309759,543.5615275813295,462.7142857142857,466.48585572843,500.6929300056098,504.2189240353738,1.9276228097413353,0.72684412892744,63.99225970221888,1.0,0.5668218848493379,0.542990734844651,85.09089160133193,91.08848673975264,23.43607033852867,8.405778759181066,7.393995793208291,57.594950897016055,54.05563901731792,0.0287810285989874,278.67223161747893,0.8449457906990251,0.5081015368301292,0.0588269915109279,0.1676029856408366,0.0554304298513434,0.0308218698742605,0.021498832353382,0.0208316313503421,0.0292917552213125,0.021782662837359,0.0149708391160296,0.0157444487009933,0.0108323139868407,0.0115569822757506,0.0116539247287684,0.013758610248429,0.0117155622872607,0.00929069438656,0.0088932286012738,0.0089388961180827,0.0065656250582882,0.0068391813328491,0.0072324002888733,0.0070649233575613,0.0080395603486594,BRD-K64054020-001-02-7,DMSO,BR00116991,JUMP-Target-1_compound_platemap,KAQKFAOMNZTLHT-OZUDYXHBSA-N,epoprostenol,5282411.0,PTGIS,P2RY12|PTGER1|PTGER4|PTGIR|PTGIS,trt,,CCCCC[C@H](O)\C=C\[C@H]1[C@H](O)C[C@@H]2O\C(C[C@H]12)=C/CCCC(O)=O,compound
BR00116991,E04,3564.039301310044,6363.736743605739,568.3830318153463,557.1210230817218,491.13225202744854,478.4722395508422,529.2337748301445,517.0981196560357,1.926607965915759,0.7240890040365363,65.16839383445675,1.0,0.5714517916046183,0.5411377910398176,86.25523660938005,92.28394514022432,23.86946367496881,8.549330773934257,7.52711462922584,58.80395244180245,55.09229307480715,-0.0017325145003394,284.2225893886353,0.8469896001197967,0.5120466262366409,0.0589895291685874,0.1690529314892498,0.0551696622218813,0.0304983324969469,0.0217149969724189,0.0212465905516277,0.0292340568107173,0.0221340074571974,0.0149040947816418,0.0159863555704556,0.010733264032729,0.0114609436683399,0.0115226154608624,0.013950878274916,0.0117151274496916,0.0093698828694926,0.0089766673386494,0.0088921262531107,0.0066507536894988,0.0067496052697153,0.0073795517636558,0.0070265530998975,0.0079927474835986,BRD-K91456750-001-01-9,DMSO,BR00116991,JUMP-Target-1_compound_platemap,PYNXFZCZUAOOQC-UTKZUKDTSA-N,sacubitril,9811834.0,MME,MME,trt,,CCOC(=O)[C@H](C)C[C@@H](Cc1ccc(cc1)-c1ccccc1)NC(=O)CCC(O)=O,compound
BR00116991,E05,3948.692551505547,7862.62440570523,540.486529318542,572.2995245641838,456.65768621236134,484.9841521394612,497.98302587685765,527.966070958251,2.0938652874639905,0.7647566732142279,68.1474359721662,0.9968304278922344,0.5356752464910945,0.5157339003949786,98.84096808432032,103.4767332016268,23.44660775156633,8.39250570428589,7.4407118399447,60.97371015591725,56.06841509789677,-0.0078576283988973,311.2784469148589,0.8176404803789656,0.4673994343896086,0.0593826639902044,0.1504385118220196,0.0579257627384825,0.0347919719341429,0.0212847826081323,0.0210212254181584,0.0329152369040617,0.0222625797651802,0.0158431104649672,0.0166927660454209,0.011170838505294,0.011308266107204,0.01160860736487,0.0147537307406842,0.012021540824749,0.0092557898016009,0.0091834978662971,0.0093350375659591,0.0067658114220928,0.0067279587758287,0.0076193257919475,0.0069541581801917,0.0086786771812293,BRD-K07881437-001-03-8,DMSO,BR00116991,JUMP-Target-1_compound_platemap,XKFTZKGMDDZMJI-HSZRJFAPSA-N,danusertib,11442891.0,RET,AURKA|AURKB|AURKC|FGFR1|NTRK1|RET|SLK,control,poscon_diverse,CO[C@@H](C(=O)N1Cc2[nH]nc(NC(=O)c3ccc(cc3)N3CCN(C)CC3)c2C1)c1ccccc1,compound
BR00116991,E06,3832.4514106583074,6229.379310344828,574.1786833855799,588.3699059561128,498.6739811912226,512.153605015674,535.8259937595878,549.8703523065647,1.652875225545705,0.6263729004438239,67.15362335569485,0.9968652037617556,0.6406078171516102,0.6473214769922613,82.52283036326541,86.55249662631938,26.766737032494873,9.606140549387383,8.467864119406507,60.83772792441449,59.063979526692954,0.0445716465156918,272.2087891160799,0.895494154569802,0.6334269755259465,0.0656938685042782,0.152133675178057,0.0519169975202623,0.026027271563067,0.0193504565679349,0.031075962006616,0.0230093759346633,0.0169176225531793,0.0158408436456918,0.012957259923082,0.0097880412489057,0.0137623183091004,0.0112143406688619,0.0094133989845184,0.0093720617178016,0.0094922400179179,0.0084803844576753,0.0072885725771646,0.0061040408962408,0.0071617361075821,0.0071429844704225,0.0062284827864535,0.0059879178350683,BRD-K23363278-001-02-1,DMSO,BR00116991,JUMP-Target-1_compound_platemap,MTJHLONVHHPNSI-IBGZPJMESA-N,CYT-997,11351021.0,TUBB,TUBB,control,poscon_diverse,CCC[C@H](Nc1nc(ncc1C)-c1ccc(NC(=O)NCC)c(OC)c1)c1cccnc1,compound
BR00116991,E07,3369.6923076923076,6070.076923076923,553.2937062937064,583.6321678321679,477.12587412587413,507.63566433566433,514.6589240085592,545.0155120447885,1.8945156657442996,0.7208939711023232,63.41864202468432,1.0,0.566587290436195,0.5517276632483475,83.55950854242448,89.61097125612754,23.305938794456775,8.357545574099136,7.354118286912333,57.312118781929385,53.96696679014559,0.0460298743529116,274.1268129629418,0.8475033034571821,0.5127340884093803,0.0605701874025359,0.1680167517080323,0.0548278313158528,0.0311079191912466,0.0216367053811014,0.020637558067234,0.0290732630591685,0.0220700979523937,0.0151724249094967,0.0157639699556652,0.0111276205009725,0.0111905200701523,0.011328807862201,0.013853628224326,0.0119543667625987,0.0095168469889839,0.0089651300617717,0.0091313830661913,0.0068866929771034,0.0067540320181404,0.0072770104672823,0.0070557673295133,0.0081090431966092,,DMSO,BR00116991,JUMP-Target-1_compound_platemap,IAZDPXIOMUYVGZ-UHFFFAOYSA-N,DMSO,679.0,,,control,negcon,CS(=O)C,compound
BR00116991,E08,3382.0556274256146,6281.426908150064,582.2768434670116,566.6811125485123,506.0426908150065,488.035575679172,543.8207966412723,526.811666973753,2.3950533664209233,0.7112888935747238,63.74599562611025,1.0,0.5554735546138263,0.4497910036879493,84.6156856200931,91.20170861678,22.524970278511233,7.80756662202199,6.740908558020182,59.60966050162725,55.27625635855932,0.0925826256702938,312.3152924080961,0.806689108628196,0.5025185285985457,0.0580898603189739,0.1669225775950844,0.0521783600386137,0.0311517765537838,0.021312276678038,0.0202962743657833,0.0278290272747224,0.0214528764828958,0.0146810224687774,0.016165276402196,0.0111065170761819,0.0113431755461217,0.0116507859992837,0.0144827615808441,0.0118570259303508,0.0091378332242076,0.008862439127684,0.0097757417860385,0.0071094588284595,0.0065721634205983,0.0071804700986636,0.0072553662426876,0.0087991382218813,BRD-K02490038-236-03-8,DMSO,BR00116991,JUMP-Target-1_compound_platemap,LPAHKJMGDSJDRG-DJYQTOCQSA-N,BQ-788,5311032.0,EDNRB,EDNRB,trt,,CCCC[C@@H](NC(=O)[C@@H](Cc1cn(C(=O)OC)c2ccccc12)NC(=O)[C@H](CC(C)(C)C)NC(=O)N1[C@@H](C)CCC[C@H]1C)C(O)=O,compound
BR00116991,E09,3593.607511045655,6587.880706921944,544.0589101620029,605.2938144329897,466.22533136966126,524.2047128129602,504.4655070288761,564.1026429648593,1.955311951312119,0.7299965479093022,65.61824074206336,1.0,0.559211885032261,0.5379432327487598,87.76631488731314,94.29017442148032,23.987529202705,8.549907845837962,7.508795083437144,59.39747915141488,55.54170230881391,0.0279401929911539,288.01677112607456,0.8385483120621909,0.4993948320142423,0.0601812985766865,0.1660535106929609,0.0550877246404566,0.0320732522254844,0.0212043660963449,0.0210858737179956,0.0297882521972614,0.021735035985348,0.0153045709559745,0.0156386862476711,0.0109710399667441,0.0111040898572787,0.0116851380013507,0.0141265976270351,0.0118847858381311,0.0092689048734326,0.0089855236524041,0.0090270802214243,0.0063937696394279,0.0067761981025569,0.0073890306207813,0.0069353994868408,0.0081683832550913,BRD-K54330070-001-19-6,DMSO,BR00116991,JUMP-Target-1_compound_platemap,QHKYPYXTTXKZST-UHFFFAOYSA-N,SB-202190,,MAPK14,AKT1|ALOX5|CHEK1|GSK3B|LCK|MAPK1|MAPK11|MAPK12|MAPK14|MAPK8|PRKCA|ROCK1|RPS6KB1|SGK1,control,poscon_orf,Oc1ccc(cc1)-c1nc(c([nH]1)-c1ccncc1)-c1ccc(F)cc1,compound
BR00116991,E10,3854.255263157894,6866.600877192983,533.5850877192983,549.4289473684211,452.6,467.71491228070175,492.42862238524634,507.9687482914419,1.8946555292411635,0.6995733929479226,68.33172395847733,1.0,0.5757852988448443,0.5543512060451357,88.28523517043372,95.21036018605376,25.58174357762209,9.101484782998098,7.979118740957471,62.478459854749794,59.05229212263622,0.0221896882153337,294.55022152909356,0.8502008515471301,0.5266934339215387,0.0605570470435437,0.1699361256007946,0.052398836078279,0.0294930856430914,0.0216296661091887,0.0217491543186263,0.0264476130770792,0.0223828066362475,0.0155322126268959,0.0151175502294556,0.0108052086051153,0.0114980983819556,0.0117224249223196,0.0135928246229503,0.0118280149102337,0.0095169517099382,0.0086760472758287,0.0088636050898937,0.0068095657578942,0.006943905141584,0.0071723127177837,0.0071042733956873,0.0079819616058305,BRD-K25412176-001-01-9,DMSO,BR00116991,JUMP-Target-1_compound_platemap,AFJRDFWMXUECEW-LBPRGKRZSA-N,GSK2110183,46843057.0,AKT1,AKT1|AKT2|AKT3,control,poscon_diverse,Cn1ncc(Cl)c1-c1cc(sc1Cl)C(=O)N[C@H](CN)Cc1cccc(F)c1,compound
BR00116991,E11,3626.218921032056,6471.185301016419,535.9202501954652,574.9202501954652,457.93823299452697,495.6270523846755,496.37012730891394,534.845623026036,1.9228229632011664,0.7169412889916974,65.74516580078134,1.0,0.5716039592965064,0.5456212762494003,86.8146495532992,92.99616284273382,24.248070513031937,8.653425761386396,7.599959102186531,59.35185393672094,55.850069990425574,0.0300558252204649,286.1009620055521,0.8460240108663563,0.5142942947871317,0.0602330389540244,0.1671769680813195,0.0544613714245643,0.0302933301746899,0.0214497661683801,0.0218758112941454,0.0289177059778766,0.0217756191944017,0.0148234155306874,0.0151657231176082,0.0110143207550811,0.0117285363560159,0.0118199601096492,0.0135671810554267,0.0118502873816432,0.0094300174913342,0.0090931367384523,0.0090710588769753,0.0067693909237226,0.0066796235037336,0.0074615842651456,0.0069107091733799,0.0081011984360551,BRD-K03155172-001-03-0,DMSO,BR00116991,JUMP-Target-1_compound_platemap,JFUIMTGOQCQTPF-UHFFFAOYSA-N,GSK3787,2800647.0,PPARD,PPARD,trt,,FC(F)(F)c1ccc(nc1)S(=O)(=O)CCNC(=O)c1ccc(Cl)cc1,compound
BR00116991,E12,3801.518624641834,6823.510028653295,579.8825214899714,568.4383954154728,498.9169054441261,487.72206303724926,538.9382839529828,527.3761236491965,1.90848458022776,0.7145354350353315,67.49773141089267,0.9992836676217765,0.5713365112619235,0.5508024809555638,89.05249260296043,95.43890269460135,24.908336590332553,8.881817709962885,7.806445978166074,61.22866399302416,57.5371612261699,0.0203797988126882,292.8912358575976,0.8488662950630843,0.5155406670655988,0.0592357202448038,0.1677405892273283,0.0540024105793756,0.0301756740026956,0.0223255277078319,0.0220151617193197,0.0282692671134871,0.0217160985293862,0.0152152962507116,0.0157728609703324,0.0109945912576479,0.0115209162223824,0.0114714390058922,0.013792856976233,0.0120460637514748,0.0093445523842841,0.0087959219799783,0.0089436568424304,0.0066788607669225,0.006457239336775,0.0072422819122216,0.0069807150967698,0.0081265945042245,BRD-K07442505-001-03-6,DMSO,BR00116991,JUMP-Target-1_compound_platemap,KOCVKGYKBLJEPK-LYBHJNIJSA-N,BAM7,5754137.0,BAX,BAX,trt,,CCOc1ccccc1N\N=C1C(=O)N(N=C\1C)c1nc(cs1)-c1ccccc1,compound
BR00116991,E13,4033.866515837104,7026.013574660634,608.3529411764706,588.6153846153846,526.9276018099547,507.4049773755656,567.2359816672856,547.36782432662,1.7372965964304576,0.6932296821855298,69.08666123755279,1.0,0.5889386009570355,0.6011122362564632,88.99112489409072,94.7289659346769,26.315839556012623,9.456101378260811,8.337326573580443,62.08322513519524,59.10722151765861,0.1161476899240027,285.9442834523399,0.8754892687135162,0.5495491178247757,0.0626078770117122,0.1649551443804968,0.0540909341708359,0.0294008662865137,0.0208459540230385,0.0249940574522597,0.0270072233803854,0.0209656367151236,0.0153636914300188,0.014736756112311,0.0108908720685624,0.011392719491577,0.0113720550259049,0.0124351729746919,0.0112444895361402,0.0095593092838748,0.0085033239046005,0.008504548038668,0.0063141807477349,0.0071130635094028,0.007423272370993,0.0066915217639746,0.0072848418954049,BRD-K64800655-001-09-0,DMSO,BR00116991,JUMP-Target-1_compound_platemap,HUXYBQXJVXOMKX-UHFFFAOYSA-N,PHA-793887,46191454.0,CDK7,CDK1|CDK2|CDK4|CDK5|CDK7|CDK9,control,poscon_diverse,CC(C)CC(=O)Nc1n[nH]c2c1CN(C(=O)C1CCN(C)CC1)C2(C)C,compound
BR00116991,E14,3804.932501834189,6816.67131327953,593.6272927366105,570.527512839325,514.0763022743947,490.2743947175349,553.365018512816,530.047419884008,1.9302123053913744,0.7145524467615726,66.75870546456166,1.0,0.5703634846518574,0.5436555594907101,87.70049665810201,94.35708984995463,24.68929142574857,8.779524861804985,7.6998787635460175,60.61486159398443,56.987253980711415,0.0811957894666875,292.20219359456354,0.8473620279901726,0.5148870804129834,0.0596288081264588,0.1697623603382628,0.0534297948312066,0.0305288279209181,0.0214103987789922,0.0205838224944153,0.0283739431492285,0.0215629384727045,0.0151531065801222,0.0157836042877188,0.010652820990421,0.0115791745495534,0.0117000551455171,0.0137760281478527,0.0120986172194437,0.0093524232330983,0.0087752015615629,0.0087362589157602,0.0065982656684418,0.0067363430147799,0.0073501992625826,0.006981419304032,0.0083865011927295,,DMSO,BR00116991,JUMP-Target-1_compound_platemap,IAZDPXIOMUYVGZ-UHFFFAOYSA-N,DMSO,679.0,,,control,negcon,CS(=O)C,compound
BR00116991,E15,3774.658374792703,6722.256218905472,554.9344941956882,562.2048092868988,474.8291873963516,481.424543946932,514.5027742345079,521.210301537889,1.9110986869635556,0.7142790990730875,67.33257804719143,1.0,0.5727914145187657,0.5486543584718523,88.37373656556719,95.0765813936026,24.946154949486697,8.895223679329844,7.814479286336225,61.07709701522111,57.539219105153904,0.0270225562286233,291.6646550533416,0.8484570270159888,0.5137553138141232,0.0604904028766395,0.1688834934944797,0.0537228235037278,0.0304837259263988,0.0215150743305501,0.0201549959704876,0.0284693253268979,0.0217664945455237,0.0148028387012339,0.015770768731623,0.0108036024397106,0.0118647896106189,0.0119080540577526,0.0137493415257104,0.0117967214408805,0.0096944020195009,0.0085054321843796,0.0089437708182117,0.0067268904121312,0.0067332237752501,0.0073541452757769,0.006952026350593,0.0082499240625307,BRD-K26514105-001-01-7,DMSO,BR00116991,JUMP-Target-1_compound_platemap,FQUAFMNPXPXOJE-UHFFFAOYSA-N,GSK-37647,743974.0,FFAR4,FFAR4,trt,,COc1ccc(cc1)S(=O)(=O)Nc1c(C)cc(C)cc1C,compound
BR00116991,E16,4608.58458961474,8079.65661641541,576.8090452261307,577.1139028475712,490.48157453936346,488.1742043551089,532.9474871607206,532.3478018409309,1.858182999579624,0.7173340533811815,73.88862218794254,1.0,0.5809478467809843,0.5589293584724491,96.85272972844744,103.86781481146195,27.3555799272937,9.79280872581832,8.637415240659049,66.20653729529933,62.40550227084552,-0.0088205519300281,316.6134425632451,0.8620689677721692,0.5195525531957139,0.0581426221419581,0.1712373214595981,0.055230593714934,0.0292091579843637,0.0214311872537672,0.021892648688364,0.0289441803744611,0.021949755545599,0.0146726096464835,0.0151951534263504,0.0110640381895775,0.0117460418068732,0.011705215931095,0.0136033287831889,0.0117867730290183,0.0092972684174782,0.0086211693737599,0.0088950075226483,0.0064953464450775,0.0067515587527467,0.0075015459299937,0.0071697873794078,0.0079244848531659,BRD-K21528677-001-04-4,DMSO,BR00116991,JUMP-Target-1_compound_platemap,WBGKWQHBNHJJPZ-LECWWXJVSA-N,desonide,5311066.0,PLA2G1B,NR3C1|PLA2G1B,trt,,CC1(C)O[C@@H]2C[C@H]3[C@@H]4CCC5=CC(=O)C=C[C@]5(C)[C@H]4[C@@H](O)C[C@]3(C)[C@@]2(O1)C(=O)CO,compound
BR00116991,E17,3851.177899686521,6891.775862068966,573.1246081504702,568.903605015674,493.41457680250784,486.5266457680251,532.7495122600473,527.1927033313085,1.914135529147479,0.7221084731662778,67.74936419273733,1.0,0.5694899916632362,0.5476406489238935,89.17855423669236,95.65457242218008,25.03469567444797,8.926033773283654,7.837477364683372,61.25571223957147,57.601387614434515,0.0142878837517392,294.0418568404083,0.8475032050463376,0.5131522620820367,0.0586231752539635,0.1696872267419912,0.0550719899927757,0.0303732427798589,0.0214766609383943,0.0210588019683942,0.0290762241689374,0.0218172887584965,0.0145818138861554,0.0155903446357234,0.0109138557380931,0.011525393274378,0.0117318238184848,0.0137409224171151,0.0120783855344802,0.009527832149713,0.0087609843002001,0.008798098265842,0.0066050109196727,0.0067010270478314,0.0075525814191369,0.0070236096108419,0.008277753533446,,DMSO,BR00116991,JUMP-Target-1_compound_platemap,IAZDPXIOMUYVGZ-UHFFFAOYSA-N,DMSO,679.0,,,control,negcon,CS(=O)C,compound
BR00116991,E18,3781.779231398202,6758.039247751431,589.699100572363,590.4889615699101,509.4627964022894,509.5805396565822,549.228801961722,549.6422602689801,1.8941066855446085,0.7250500564923172,67.23535944229619,1.0,0.5685599133170445,0.5507143399509495,88.71253212347958,95.41516348945524,24.803549139509677,8.865066219917605,7.795225669318091,60.55210218795492,56.98459112118594,0.0349149731514811,290.64992985572854,0.8497971647685028,0.5102998141693117,0.0597973597302089,0.1686132474075167,0.0550518857118039,0.0312040550831117,0.0208987931397382,0.0216167624367146,0.0291154098702718,0.022139921037767,0.0148826042078859,0.0154391646589221,0.0107594714312527,0.0115382036194623,0.0118859720220486,0.0139818481225035,0.0119226190376116,0.0096239582330452,0.0085896651550952,0.0090348007894081,0.0064335160253368,0.0069411968148104,0.007388819063563,0.0069921448531767,0.008083643885583,BRD-K91188791-001-17-5,DMSO,BR00116991,JUMP-Target-1_compound_platemap,SRVFFFJZQVENJC-IHRRRGAJSA-N,aloxistatin,65663.0,CTSG,CTSG,trt,,CCOC(=O)[C@H]1O[C@@H]1C(=O)N[C@@H](CC(C)C)C(=O)NCCC(C)C,compound
BR00116991,E19,3685.585460170147,6522.412993039443,579.4655839133798,583.1585460170147,500.8824439288477,503.89791183294665,539.8116701869876,543.0493808548825,1.8970633785048787,0.7099559212761918,66.19062154074102,0.9992266047950504,0.5745981149796413,0.5524589295334658,86.76162381390458,93.19644467499356,24.50149210491545,8.757573233058514,7.693755589749846,59.98957126030902,56.608510254530735,0.0219726293586471,286.01842027415046,0.8487826449377669,0.5179358932389763,0.0600071045387068,0.1691301488623713,0.0533110444487523,0.029945879072961,0.0222458537234308,0.0215526934673408,0.0278910913431471,0.0217846412506112,0.0147030693566075,0.0159467325421637,0.0112001475849372,0.0118460796849704,0.011775096760221,0.013601405425919,0.0116882783305492,0.0096479596209598,0.0086427183996733,0.0089623986422129,0.0067745760439984,0.0068950707722323,0.0075288359321682,0.0070905127882401,0.008110436053606,BRD-K32821942-001-22-1,DMSO,BR00116991,JUMP-Target-1_compound_platemap,LMEKQMALGUDUQG-UHFFFAOYSA-N,azathioprine,2265.0,PPAT,HPRT1|IMPDH1|PPAT,trt,,Cn1cnc(c1Sc1[nH]cnc2ncnc12)[N+]([O-])=O,compound
BR00116991,E20,3866.4568574023615,7048.270663033606,562.465940054496,626.5958219800182,480.9100817438692,543.9518619436875,521.013231774537,584.6857022067883,1.9768813489993529,0.7273398820243815,67.97959540989687,1.0,0.5647595255158321,0.5351761667213348,91.01680583373256,97.62319018962036,24.88996150350313,8.837294664767228,7.750494879576349,61.75894196597475,57.58323446328162,0.0026205643146666,300.0907639905422,0.838206741939801,0.5031916124636062,0.0597470497596759,0.1662348839815085,0.0546411537457677,0.0309967247509744,0.0213908565695188,0.0214246281359139,0.0292536789312477,0.0217702790393352,0.0151913802705304,0.0154376856890412,0.0108089196538058,0.0114412557337736,0.0117199738758472,0.0139225294743938,0.0117598115616736,0.0092048490720315,0.0086761688673515,0.009026864668479,0.0066017211614407,0.0068276326576382,0.0075239353272893,0.0070904814679193,0.0081425925244303,BRD-K33882852-003-02-8,DMSO,BR00116991,JUMP-Target-1_compound_platemap,ALBKMJDFBZVHAK-UHFFFAOYSA-N,ZK-93423,121926.0,GABRB2,GABRA1|GABRA2|GABRA3|GABRA5|GABRB2|GABRG2,control,poscon_diverse,CCOC(=O)c1ncc2[nH]c3ccc(OCc4ccccc4)cc3c2c1COC,compound
BR00116991,E21,3864.814814814815,7185.436026936027,579.4006734006734,570.1835016835017,501.2070707070707,491.1666666666667,539.962296373984,530.1055243303774,1.9431832754657223,0.6828001445684918,65.34012365805798,0.9966329966329966,0.57901361346114,0.5784464604971108,85.82982555239128,92.15386235555764,24.602435186975583,8.706247812418681,7.6220490066749615,60.35534054397351,56.9967599592083,0.0303866325188413,287.60372378331806,0.8471014343862441,0.5479830027105878,0.0593366241970893,0.1524632914347935,0.0520722489049742,0.0290401243314595,0.0203073747824529,0.0266125783154553,0.0269605412277546,0.0199550177804943,0.0152889193913473,0.014357659160686,0.0104610802512215,0.0129207707439599,0.0114271655445757,0.01210995334039,0.0113762815997856,0.0091668982582413,0.0086462268097163,0.0085223608506083,0.006160221915763,0.0071827193080977,0.0072327445697859,0.0067446906202961,0.0075680969515246,BRD-K64890080-001-02-1,DMSO,BR00116991,JUMP-Target-1_compound_platemap,XQVVPGYIWAGRNI-JOCHJYFZSA-N,BI-2536,11364421.0,PLK1,BRD4|PLK1|PLK2|PLK3,control,poscon_diverse,CC[C@H]1N(C2CCCC2)c2nc(Nc3ccc(cc3OC)C(=O)NC3CCN(C)CC3)ncc2N(C)C1=O,compound
BR00116991,E22,3887.295813953489,6955.253953488372,633.9293023255814,559.953488372093,552.8241860465116,478.4186046511628,592.8945426662048,518.4639939531492,1.849821314250932,0.7153147588172746,68.03656287433881,0.9990697674418604,0.5734456146281486,0.5662928559237264,89.63519866764344,96.02435102040104,25.230248748469993,9.029302020463312,7.956870849192335,61.35321396823044,57.79113996967421,0.0102147912021271,290.41572069039887,0.8550645428630052,0.5173375084325476,0.0592062351738415,0.1692776171630564,0.0547748108073164,0.0293657982229815,0.0219991845039445,0.0216909173653291,0.0285741547500812,0.0221109146057834,0.0152127618667861,0.0156462671705402,0.0109686949622255,0.0116496493481965,0.0117056501646724,0.0138497480129093,0.0117097959130914,0.0094068907824209,0.0090041122893576,0.008937925034765,0.0067296709205947,0.0066931154163831,0.0071898669561682,0.0069142379937218,0.0078946111502191,BRD-K91535048-001-01-2,DMSO,BR00116991,JUMP-Target-1_compound_platemap,PFHDWRIVDDIFRP-UHFFFAOYSA-N,EI1,72199293.0,EZH2,EZH2,control,poscon_cp,CCC(CC)n1ccc2c(cc(cc12)C#N)C(=O)NCc1c(C)cc(C)[nH]c1=O,compound
BR00116991,E23,6143.444610778443,11485.845808383234,628.9491017964071,608.252994011976,525.3637724550898,501.52994011976045,576.6769697781074,554.3748703039408,2.1987571518505193,0.759983499846385,85.71540219543,1.0,0.550629931571219,0.484840074916505,120.16696896772814,127.2488572278956,29.757330782095146,10.491920428341729,9.228592200884172,76.8772064865192,70.6657606170357,0.0414202609793405,398.9177158554464,0.8246026454861953,0.4719467427703999,0.0571515797866371,0.1599277993882216,0.0568834345007146,0.032878588303045,0.0209192449661139,0.021891163948082,0.0326806529446847,0.0221220137114627,0.015086483689509,0.0164473354227196,0.0105154327079092,0.0107421803688117,0.0115174573882209,0.0151997086741226,0.0115617243234299,0.0091306809990379,0.0089034635871421,0.0093451886424378,0.0062552397591417,0.0067461497198075,0.0076194455640629,0.0071537838083297,0.0084847897304253,BRD-K67915505-001-01-2,DMSO,BR00116991,JUMP-Target-1_compound_platemap,WSMQUUGTQYPVPD-OAHLLOKOSA-N,NVP-HSP990,46216556.0,HSP90AB1,HSP90AA1|HSP90AB1,trt,,COc1cccc(n1)-c1cc(F)ccc1[C@H]1Cc2nc(N)nc(C)c2C(=O)N1,compound
BR00116991,E24,3619.803996925442,6506.856264411991,588.37048424289,620.5372790161414,510.55034588777863,540.7655649500384,548.9511149552765,580.2103096738784,1.899053964665347,0.7285481058674613,65.66469907145539,1.0,0.5680756052737723,0.5502639821773996,87.33912372461354,93.44196101004871,24.07373584612207,8.634485970369314,7.603411989845407,59.054631308187616,55.36691883483924,0.0298072282399514,284.1656223118095,0.8487522279910361,0.5076526618772007,0.0591756956056844,0.1674147188688201,0.0556604966603283,0.030740532452721,0.0213669650418868,0.0212024683268196,0.0298695222356117,0.0219997259962431,0.014993171268636,0.0156534500467172,0.0110447402737067,0.0113735712502752,0.0116718502700164,0.0139515151577494,0.0117766456402753,0.009391214936973,0.008673361197122,0.0089151438401539,0.0066542673572263,0.0066468035209454,0.0074355988248338,0.0072531390068123,0.0080573306142125,,DMSO,BR00116991,JUMP-Target-1_compound_platemap,IAZDPXIOMUYVGZ-UHFFFAOYSA-N,DMSO,679.0,,,control,negcon,CS(=O)C,compound
BR00116991,F01,3495.7256020278833,6265.540557667934,521.8333333333334,570.0494296577947,444.56020278833967,492.61660329531054,482.6566135730294,530.8050169014053,1.8791874589176616,0.7217845926585006,64.61086813508035,0.9987325728770596,0.5696651582757332,0.5538528558347103,85.39652760047194,91.27323676877744,23.65558634133564,8.495296545960088,7.492155251283185,58.16890356418797,54.62694935023583,-0.0181946891198009,278.2846081034837,0.8499251999547306,0.5148123545365887,0.0586714923491723,0.1691977217291228,0.0556967551067702,0.0300303638593271,0.0221975596420682,0.0207190452919331,0.029542256423771,0.0223141090130316,0.0149109530017025,0.0159463261056993,0.0108419523744421,0.0114176520398746,0.0115318138645877,0.0139927514005466,0.0117333668755982,0.0093300007773061,0.00874454135308,0.0089283754264677,0.0066849984485387,0.0066284363786926,0.0072301985967696,0.0072077394475772,0.0080023637497889,,DMSO,BR00116991,JUMP-Target-1_compound_platemap,IAZDPXIOMUYVGZ-UHFFFAOYSA-N,DMSO,679.0,,,control,negcon,CS(=O)C,compound
BR00116991,F02,3685.849216710182,6580.271540469974,555.5985639686684,566.7382506527415,476.7617493472585,487.8022193211488,515.520988759909,526.752307272005,1.8791324264131744,0.7286482630654038,65.86597009514166,1.0,0.5694540345854906,0.555539733515157,87.42695572716698,93.45813840591862,24.195662125123516,8.6808290600484,7.654262177724476,59.09763832408545,55.496111763215474,0.0219649564171776,283.67022096085094,0.8509486124745854,0.5096712985864119,0.0599161673463062,0.1679201645836227,0.0553509966299268,0.0310190829451107,0.0211018546714407,0.0206236708549123,0.0290506518898151,0.0223640111722322,0.0152570772843781,0.0155774120676093,0.0105001953570059,0.0115317128103216,0.0116560228326905,0.0140582712415625,0.0118124448173219,0.0094283942932248,0.0088358081908189,0.0089064893541292,0.0066937543354364,0.006776024792943,0.0073253480687674,0.0071327067396295,0.0079492250495784,BRD-K12102668-001-25-5,DMSO,BR00116991,JUMP-Target-1_compound_platemap,NOIIUHRQUVNIDD-UHFFFAOYSA-N,nialamide,4472.0,COMT,COMT|MAOA|MAOB,trt,,O=C(CCNNC(=O)c1ccncc1)NCc1ccccc1,compound
BR00116991,F03,3470.991525423729,6235.788906009245,543.3251155624037,570.348998459168,466.53389830508473,492.90909090909093,504.4990842422216,531.078600197747,1.8529550785827231,0.7150984964155601,64.38511909846524,0.9992295839753468,0.5688060351251097,0.5649858354951887,84.79375505548664,90.80857434520998,23.84068183761428,8.550955453585043,7.52813802784211,58.079764096107915,54.78588234258292,-0.00040491630681280055,274.85624831494437,0.8527078901746893,0.5164327614334343,0.0591116864382928,0.1675408936691244,0.0546732668079352,0.0306587736858901,0.022338796679631,0.0217594172060735,0.0286773661923816,0.0218869142570947,0.0148256542534938,0.0160117206563147,0.0111704784273154,0.0113915151945214,0.0117426969678997,0.013463476824152,0.0118349675897511,0.0095585223118936,0.0087967210503339,0.0087135802885423,0.0066861404059334,0.0066542324387814,0.0073765816179537,0.0071548449946332,0.0081303778286627,,DMSO,BR00116991,JUMP-Target-1_compound_platemap,IAZDPXIOMUYVGZ-UHFFFAOYSA-N,DMSO,679.0,,,control,negcon,CS(=O)C,compound
BR00116991,F04,3564.1323943661973,6398.450704225352,535.3274647887324,572.1112676056338,457.2845070422535,493.4204225352113,495.8586827619754,532.0878119508004,1.8887802526719633,0.716735862049468,65.3793067710588,1.0,0.5663365504615213,0.5505793661547314,85.92096422323152,92.11305970955452,24.10726020400772,8.631324426154059,7.590564973840549,59.04267360832871,55.587485093045046,-0.0132234022383247,282.1146395290029,0.8481471163950794,0.5145980621999143,0.0595857652384821,0.1684901322651177,0.0547899079704581,0.0303073122975544,0.0224564594952289,0.0211698063498698,0.0289200774091693,0.0217033282685278,0.0148065775987481,0.0160773679435181,0.0111020534509382,0.0112510733108429,0.0115282019063031,0.0135132150850803,0.0118602256538458,0.0092589250452846,0.0086540522031539,0.008839513696563,0.0066325349985288,0.006959604253404,0.0073710626064053,0.0070477224613833,0.008113069022506,BRD-K49223707-001-01-0,DMSO,BR00116991,JUMP-Target-1_compound_platemap,YCYMCMYLORLIJX-SNVBAGLBSA-N,arundic-acid,208925.0,S100B,PTGS2|S100B,trt,,CCCCCC[C@@H](CCC)C(O)=O,compound
BR00116991,F05,3467.3782216494847,6282.450386597938,559.5367268041238,600.5573453608248,482.9284793814433,522.451675257732,520.7661854437074,561.0715106257585,1.890290792944686,0.7260223532534609,64.25866791333833,1.0,0.5637289314753817,0.5531547992393684,85.44491932205497,91.371094881641,23.51805300110764,8.440567877961428,7.434730464358469,57.85314364254094,54.34205628977816,0.0265744523374071,277.3604886609474,0.8472409564017287,0.5076451985221554,0.0589051601015149,0.1673207015761683,0.0554492483287836,0.0306891008458205,0.0221380084724741,0.0213899492054364,0.0296641366767577,0.0218826035514709,0.0152101668555071,0.0159731796763546,0.0109245946821507,0.0113094109676924,0.0117271526346382,0.0138551864092123,0.0119923706747915,0.0093860635964156,0.0085972761465642,0.0090069909667307,0.0067194171613343,0.0068844935863641,0.0074458396975006,0.0072171318690032,0.0082935399738925,BRD-K91822704-003-07-2,DMSO,BR00116991,JUMP-Target-1_compound_platemap,CKTSBUTUHBMZGZ-SHYZEUOFSA-N,torcitabine,13711.0,DCK,DCK|TK2,trt,,Nc1ccn([C@H]2C[C@H](O)[C@@H](CO)O2)c(=O)n1,compound
BR00116991,F06,3514.2503649635037,6346.316058394161,546.0364963503649,592.0364963503649,468.3138686131387,514.2642335766424,506.64488867922785,552.5829592785316,1.883244904497391,0.7204967687609665,64.66113319445486,1.0,0.564812048235142,0.5559650748241336,85.79271763693637,91.71590637584151,23.667265666751337,8.514279701109421,7.509656515423,58.16413636189921,54.68392360685098,-0.0011459117602525,278.5453657364589,0.848238300957293,0.5116780527077875,0.0593228675882936,0.1668466994060555,0.0550441784310066,0.030451277692043,0.0223806898864147,0.021705163470259,0.0291193774799117,0.0221961183277048,0.0153292118033271,0.0156710042226476,0.0109121751382898,0.0113623366101105,0.0115492091077174,0.0139092868759243,0.0117418263231259,0.0093690242250196,0.0086913480903964,0.0089452373047088,0.006812527342134,0.0068327229167555,0.0072542590439272,0.0071964307363896,0.0079569127912788,,DMSO,BR00116991,JUMP-Target-1_compound_platemap,IAZDPXIOMUYVGZ-UHFFFAOYSA-N,DMSO,679.0,,,control,negcon,CS(=O)C,compound
BR00116991,F07,3828.1093117408905,6142.5526315789475,558.7894736842105,598.4271255060729,483.31983805668017,521.9838056680162,520.4828360934271,559.7666428271993,1.5388766124594535,0.6075854752853765,67.51088554749425,1.0,0.6387546738393907,0.6861265097552288,81.51880722655376,85.28755718716754,27.3385769111839,9.84362922732085,8.70904142424629,61.55687055646001,60.05205382482447,-0.0258946802654308,262.7299847376805,0.9089727045758352,0.6509586265698095,0.0623887576830071,0.1461349095503279,0.0507779870775079,0.0244734420418059,0.020190510470432,0.0329659733093215,0.022053602721025,0.0172779652754752,0.0152096119542015,0.012699683867687,0.009893016192986,0.0141555489461457,0.0118348148323493,0.0097831802254131,0.009283508621394,0.0087895931479988,0.0079504660249656,0.0072805352664547,0.0057843297803514,0.0079915730231334,0.0070403673235527,0.0062697580477467,0.0055675944594524,BRD-K68164687-001-01-6,DMSO,BR00116991,JUMP-Target-1_compound_platemap,QXRSDHAAWVKZLJ-AXCXJGFASA-N,epothilone-b,129010071.0,TUBB3,TUBA1A|TUBA1B|TUBA1C|TUBA3C|TUBA4A|TUBA8|TUBB|TUBB1|TUBB3|TUBB4A|TUBB4B,trt,,C[C@H]1CCC[C@@]2(C)O[C@H]2C[C@@H](OC(=O)C[C@@H](O)C(C)(C)C(=O)[C@H](C)[C@H]1O)C(\C)=C\c1csc(C)n1,compound
BR00116991,F08,3764.6207376478774,6686.545581071677,556.0013917884481,574.2741823242867,476.6374391092554,494.00556715379264,515.757872785624,533.5383082085999,1.8684694203559091,0.7165518066848174,66.9321484827271,0.9979123173277662,0.5727390410178621,0.5592843072878035,88.01196765833485,94.1814475071069,24.734676872350917,8.85486556688557,7.797376117255824,60.349660609751005,56.85024467040563,0.0013124469167019,287.1193163315745,0.8519209325602924,0.5186078199989689,0.0592732553150446,0.1691015940357173,0.0550476041040334,0.0301573992756099,0.0219915042939623,0.0212089314614908,0.0285133523550296,0.022336409955911,0.0151615617175047,0.0157105210659464,0.0111939070973219,0.0114426944749369,0.0116386850871974,0.0136490656597075,0.011852465795823,0.0095574289812789,0.0086793664666554,0.0090222098867885,0.006870655663752,0.0067337772684128,0.0071742836005497,0.0070191642277901,0.0080279611101117,BRD-A00827783-001-24-6,DMSO,BR00116991,JUMP-Target-1_compound_platemap,KSCFJBIXMNOVSH-UHFFFAOYSA-N,dyphylline,3182.0,PDE7A,ADORA1|ADORA2A|PDE3A|PDE4A|PDE4B|PDE4C|PDE4D|PDE7A|PDE7B,trt,,Cn1c2ncn(CC(O)CO)c2c(=O)n(C)c1=O,compound
BR00116991,F09,3452.018909090909,6178.539636363636,564.8516363636363,590.4181818181818,487.9956363636364,513.5890909090909,525.8472033092174,551.5579334712087,1.867599762542361,0.7219441007675085,64.1963401720296,0.9992727272727272,0.5698174392168325,0.5588355740724529,84.62750458158509,90.63359337924535,23.6224622605486,8.486620299547818,7.470587313626867,57.731513597517235,54.43875973860676,-0.0157525938338498,275.2117791528625,0.8496728022228062,0.5146497348017323,0.0593381874978828,0.168030312671271,0.0555637423777658,0.0304382481341369,0.0213738182028097,0.0206492996102105,0.029073379324257,0.0217336409610151,0.015148862844645,0.0154978832131794,0.0111014072486826,0.0116602986312471,0.0118005011940289,0.0137790833698007,0.0118419861921979,0.0093510641215889,0.0087116990818377,0.0090168229900531,0.0067086729711305,0.0068282241783207,0.0074633787450118,0.0069821530400159,0.0082061123850384,,DMSO,BR00116991,JUMP-Target-1_compound_platemap,IAZDPXIOMUYVGZ-UHFFFAOYSA-N,DMSO,679.0,,,control,negcon,CS(=O)C,compound
BR00116991,F10,3418.7023460410555,6098.789589442816,582.8797653958944,557.9728739002933,506.90175953079176,481.62609970674487,544.3669332861937,519.18084942216,1.8615352863805512,0.7086002766987219,63.73665812024019,1.0,0.5704140490368026,0.5607012895090987,83.31737973568971,89.43051782569187,23.625917557414603,8.474059772507665,7.457664295865894,57.74386896830706,54.48495817809134,0.0234438798989183,273.0276061203608,0.8515734087017692,0.5195788387303694,0.0599740884245086,0.1688795175543642,0.0536649482912035,0.0301250866691792,0.0225807783817112,0.0216647098171082,0.0282396915576241,0.0217214802381041,0.0148583361679102,0.0158777024931965,0.0110474441424948,0.0117860973025693,0.0115349113085347,0.013275169162497,0.0119250140206326,0.0094425973120306,0.0088985768410049,0.0088949312180572,0.0067750712749656,0.0067200933218531,0.0073910235784666,0.0070987555262424,0.0078813445927228,BRD-K59632282-052-03-1,DMSO,BR00116991,JUMP-Target-1_compound_platemap,LOUPRKONTZGTKE-LHHVKLHASA-N,quinidine,441074.0,KCNK1,KCNA5|KCNA7|KCNH1|KCNH2|KCNH5|KCNK1|KCNK6|SCN5A|SLC29A4,trt,,COc1ccc2nccc([C@H](O)[C@H]3C[C@@H]4CC[N@]3C[C@@H]4C=C)c2c1,compound
BR00116991,F11,3922.284482758621,7004.097701149425,585.2557471264367,577.8994252873563,504.3860153256705,495.93390804597703,544.5070010821956,536.7410148381895,1.894933910341433,0.7242907049296798,67.97842623243626,1.0,0.5713512695046534,0.5543929033047379,90.5636897396675,96.4973699846281,24.892371429821033,8.913507144565543,7.851890198129137,61.267430472977,57.48246992723306,0.0340300582014331,294.23959712019246,0.8491682533514767,0.5119579928063551,0.0590112392649608,0.1660652989115688,0.0556327996782597,0.0307164206019776,0.0214438581407407,0.0216027186523981,0.0296977300088039,0.0220258746678959,0.0148124007978126,0.0154581208867421,0.0111511887430131,0.0114386534963201,0.0114991907230858,0.0139091849217827,0.0117828095043999,0.0092412374748503,0.0087636043408543,0.0091049224775959,0.0065824021760232,0.0066498737776512,0.0073493942614281,0.0070693890480231,0.0079361558386199,BRD-K50055394-001-03-6,DMSO,BR00116991,JUMP-Target-1_compound_platemap,NBHPRWLFLUBAIE-UHFFFAOYSA-N,halopemide,65490.0,PLD1,PLD1|PLD2,trt,,Oc1nc2cc(Cl)ccc2n1C1CCN(CCNC(=O)c2ccc(F)cc2)CC1,compound
BR00116991,F12,3593.4485714285715,6442.506428571429,562.1264285714286,568.88,483.3278571428572,490.0057142857143,522.2290266204756,528.9397662548596,1.9119825954039655,0.7200941440737576,65.74864885524393,1.0,0.5690214181028472,0.5465383448807203,86.6080523855105,93.36996779406284,24.264940471033565,8.667854139301001,7.60889032441804,59.39181238175912,55.89419987894454,0.0409866582734497,285.2093122833373,0.8461444460177879,0.5099889032814953,0.0595697669189195,0.1692546686032411,0.0541438807882824,0.0307136702775704,0.0210023356268924,0.0210084719997222,0.0289887599688389,0.0214593865945894,0.0151747087917247,0.0155871321554278,0.0107838977121921,0.0114746452485281,0.0119468883504639,0.0134889166898325,0.0118038034484566,0.0093769499197099,0.0088360029042006,0.0089995997206565,0.0065252255695904,0.0066593920670606,0.0073171365701602,0.0069689610097772,0.0083047142041629,BRD-A36217750-001-16-3,DMSO,BR00116991,JUMP-Target-1_compound_platemap,MBGGBVCUIVRRBF-UHFFFAOYSA-N,sulfinpyrazone,5342.0,FPR1,ABCC1|ABCC2|FPR1|SLC22A12,trt,,O=C1C(CCS(=O)c2ccccc2)C(=O)N(N1c1ccccc1)c1ccccc1,compound
BR00116991,F13,3891.2422557585382,7048.037331215251,583.0476568705321,573.0849880857824,501.4519459888801,490.89277204130263,541.7209419144741,531.3942317892141,1.954359147582949,0.7291688864302227,67.89763605713871,0.999205718824464,0.5650776313794972,0.5383696637450655,90.8082828368644,97.36466997307512,24.73932194191402,8.829470658999362,7.759966655420724,61.41081359573101,57.39024717276713,0.0040504840070172,298.3337968839872,0.8413670271009636,0.5015722789218464,0.0601641893049901,0.1662609033634501,0.0548869294803636,0.0316599528172402,0.0216099005719406,0.0211148906017129,0.0297252150424626,0.0217304813549226,0.0149300870392396,0.0158397003091988,0.0109388775414675,0.0112072283509639,0.0116219023866316,0.0138370307781278,0.0119009281611981,0.009639342597303,0.0088126070337071,0.0090208464167973,0.0066239002545161,0.0066316270895455,0.0074718585778031,0.0070414568676127,0.0081909981695135,BRD-K93942811-001-01-3,DMSO,BR00116991,JUMP-Target-1_compound_platemap,VUIRVWPJNKZOSS-UHFFFAOYSA-N,ML-323,60167849.0,USP1,USP1,control,poscon_cp,CC(C)c1ccccc1-c1ncc(C)c(NCc2ccc(cc2)-n2ccnn2)n1,compound
BR00116991,F14,3609.358867610325,6439.18151540383,548.5195670274771,598.7160699417152,470.4163197335554,519.5420482930891,508.79393891687,558.5334007421721,1.8875388852598665,0.7090273194316492,65.82896347599458,0.9991673605328892,0.5726806115698192,0.5546115887983015,86.16896501279795,92.63928352586616,24.50435841220264,8.7299819154279,7.662657271068259,59.675180550469754,56.28668138689726,0.049779183781043,284.1581414634805,0.8508644996085445,0.5187312338578091,0.0595531047370752,0.1688687645565514,0.0537006301012095,0.0298075053343505,0.0214424487346646,0.0214877523580266,0.0275509231025824,0.0218045415884418,0.0148272988053361,0.0152247206951395,0.0107291503666802,0.01197740526722,0.0117187467617455,0.0136729022716703,0.0119327259397472,0.0093052920561097,0.0089056469111519,0.0087590206374286,0.0067732114721489,0.0069904462883857,0.0074189763703672,0.0069195180237878,0.0080951262720621,BRD-A08187463-001-12-9,DMSO,BR00116991,JUMP-Target-1_compound_platemap,ODUOJXZPIYUATO-UHFFFAOYSA-N,racecadotril,107751.0,MME,MME,trt,,CC(=O)SCC(Cc1ccccc1)C(=O)NCC(=O)OCc1ccccc1,compound
BR00116991,F15,3732.162098668755,6762.379796397808,563.1401722787784,578.123727486296,482.7901331245106,497.4675019577134,522.1356289924531,537.2924749055439,1.8956572646216192,0.7247155774557885,66.93175309134222,1.0,0.5657707313211374,0.5538675289245135,88.52096701833811,94.9270013062472,24.657543679892736,8.828561970200992,7.764206046970502,60.40736309569447,56.67122585273429,-0.0352362687879937,289.10726262635626,0.8473830534968151,0.512890572063424,0.0590200268444095,0.1680922709482179,0.0557275000670874,0.0307364116554551,0.0207650767991326,0.0216389603696271,0.0288971957395977,0.0223034964056101,0.0148183430779287,0.0151345724695254,0.0107893198845448,0.0110169553480799,0.0118133361607693,0.0139767481227702,0.0120107962230849,0.0095137074691515,0.0085839523567154,0.0089949663972501,0.0064239546804334,0.006754586229984,0.0074129389150258,0.0071131729641762,0.0080531579459707,BRD-K84266862-001-03-2,DMSO,BR00116991,JUMP-Target-1_compound_platemap,IFIUFCJFLGCQPH-UHFFFAOYSA-N,BRL-50481,2921148.0,PDE7A,PDE7A|PDE7B,trt,,CN(C)S(=O)(=O)c1cc(ccc1C)[N+]([O-])=O,compound
BR00116991,F16,3889.2986111111113,6807.149305555556,575.2118055555555,570.1875,495.2161458333333,487.93315972222223,534.5058624995652,528.4737397494338,1.8374960262817177,0.7009071684594387,68.60933099704863,1.0,0.5826466548930791,0.5710454305087203,88.51071977277124,95.06053116836424,25.85927864603144,9.224930825210924,8.10587102302336,62.28400323590173,59.005673643400115,0.0126235621364757,291.3318244599672,0.8581880858829724,0.5345698234493163,0.0588431993635787,0.1703769118809658,0.054318465018505,0.0277114240760292,0.0213385196743307,0.0230343433237672,0.0268526048902849,0.0216345185604796,0.0151809988070002,0.014989242147836,0.0110813158800214,0.0116752108988641,0.0122675101586277,0.0129000662574809,0.0120340541605488,0.0094388967173773,0.008660075186291,0.0087480852101728,0.0067531707849228,0.006700990937972,0.0073578327074208,0.0071285692007957,0.0080188123929273,BRD-K25412176-001-01-9,DMSO,BR00116991,JUMP-Target-1_compound_platemap,AFJRDFWMXUECEW-LBPRGKRZSA-N,GSK2110183,46843057.0,AKT1,AKT1|AKT2|AKT3,control,poscon_diverse,Cn1ncc(Cl)c1-c1cc(sc1Cl)C(=O)N[C@H](CN)Cc1cccc(F)c1,compound
BR00116991,F17,3600.9167852062587,6514.4110953058325,557.2972972972973,572.5014224751067,478.773826458037,493.7247510668563,517.501351587701,532.7433426804852,1.9136681006066865,0.7098523317110691,65.4303745270324,0.9992887624466572,0.5670944575422427,0.5478798777775052,86.10284973776221,92.7161597174622,24.192122894352018,8.62674000585429,7.574073900994546,59.47739943972077,55.92602129029345,0.0485914401362226,284.33616281561046,0.8455194379795671,0.5148893589651204,0.0599650144996498,0.1676832797992648,0.0525086541645331,0.0303184236029823,0.0222581295026201,0.0220233289918511,0.0279119158981548,0.0219391578670067,0.0152848321079866,0.0159173796063564,0.0107865778216819,0.0118120440451318,0.0117655394118652,0.0140137976671629,0.011832359480457,0.0092163912356426,0.0086334492445794,0.0088798984353961,0.0067813249501898,0.0068081632705965,0.0073538821123998,0.0072227634310039,0.0081284748174676,BRD-K36660044-001-24-2,DMSO,BR00116991,JUMP-Target-1_compound_platemap,MXJWRABVEGLYDG-UHFFFAOYSA-N,bufexamac,2466.0,HDAC6,HDAC10|HDAC6,trt,,CCCCOc1ccc(CC(=O)NO)cc1,compound
BR00116991,F18,3781.85873015873,6819.096825396826,589.3444444444444,571.8333333333334,509.2785714285714,490.9222222222222,548.7262597632338,530.9129435303532,1.9255933691235971,0.7125776891194798,67.07059928442247,0.9984126984126984,0.5674510108965983,0.5455012780211115,87.96986351992571,94.9188562610695,24.767280110883217,8.827714006204035,7.752741074388183,61.20422511140282,57.45176924174448,0.0356291572800767,291.9011757233341,0.844541143804901,0.5137459081240073,0.0589799951953499,0.1693542648529546,0.0536743723629157,0.0307099535472014,0.0217306198511375,0.0211838710983362,0.0282668080167356,0.0217942990346175,0.0146962752011955,0.0156143275600925,0.010735357093476,0.0113974383077699,0.0116711350771208,0.0142886095621893,0.0119639468651374,0.0094234742161903,0.0086111377961849,0.0089052011270374,0.0064652331903719,0.0066875479354896,0.0073172393619558,0.0071443999362008,0.0081960767942154,BRD-K42352790-001-05-3,DMSO,BR00116991,JUMP-Target-1_compound_platemap,LGEQQWMQCRIYKG-DOFZRALJSA-N,anandamide,5281969.0,GPR55,CACNA1G|CACNA1H|CACNA1I|CNR1|CNR2|GLRA1|GPR18|GPR55|KCNA2|KCNK3|KCNK9|TRPM8|TRPV1,trt,,CCCCC\C=C/C\C=C/C\C=C/C\C=C/CCCC(=O)NCCO,compound
BR00116991,F19,3618.7392550143263,6709.172874880611,554.8452722063038,575.847182425979,474.9407831900669,495.0429799426934,514.2746945094206,534.8339978271097,1.9029815820256129,0.7469068379725322,65.86729047407908,1.0,0.55777616677575,0.5551721348724937,90.58598280784749,96.4999578524087,23.845700760211315,8.588616771818614,7.596147125433001,58.37479516027595,54.61140419668577,0.0543902915650013,284.7325511262114,0.8485528851359597,0.4870151978194348,0.0593433943009012,0.1629758644814172,0.0557529507961026,0.0322668744555042,0.0210601219593325,0.0218040527871673,0.030466987055542,0.0227632646354057,0.014882036879145,0.0161317569897863,0.0105131063689575,0.0117197255295044,0.0117737554737807,0.0147215767855866,0.0119118943126009,0.0092577712735799,0.0087866227469742,0.0090226230859996,0.0062210049075506,0.0067325562130972,0.0074989161031066,0.0069454480610015,0.0083181831759837,BRD-K49350383-001-13-7,DMSO,BR00116991,JUMP-Target-1_compound_platemap,WYWHKKSPHMUBEB-UHFFFAOYSA-N,thioguanine,2723601.0,IMPDH1,IMPDH1|IMPDH2,control,poscon_diverse,Nc1nc2nc[nH]c2c(=S)[nH]1,compound
BR00116991,F20,3905.333590138675,7078.221109399075,579.9283513097073,549.4329738058551,497.9499229583975,466.002311248074,538.5212617492292,507.1883785798828,1.978052699760714,0.7265938952242262,68.57062933977787,0.9992295839753468,0.5666278157264597,0.5340533366106127,91.81321871425072,98.59348788084138,25.06241500673474,8.938214975707732,7.845500126501392,61.628248027499936,57.707765975882886,-0.0095496761564852,302.77275185283895,0.8416227847572897,0.503498120789597,0.0583755811589889,0.1671043848931701,0.0547635064827516,0.0305075832003797,0.0211038304883365,0.0222485187639306,0.0292074987740084,0.0215188775469422,0.014713573877051,0.0153231510217714,0.0108412887076075,0.0113954916687089,0.0116407454778603,0.0136436462456774,0.0117745328841961,0.0093360615490123,0.0088034275201954,0.0089248030719503,0.0065921478772082,0.0068534401519234,0.0073142152519461,0.0073115802175636,0.0082150599424598,BRD-K53234107-001-01-6,DMSO,BR00116991,JUMP-Target-1_compound_platemap,QESQGTFWEQMCMH-UHFFFAOYSA-N,IWP-L6,71601111.0,PORCN,PORCN,trt,,O=C(CSc1nc2CCSc2c(=O)n1-c1ccccc1)Nc1ccc(cn1)-c1ccccc1,compound
BR00116991,F21,3627.961454545454,6489.587636363636,547.4821818181819,565.6152727272728,468.6632727272727,486.6138181818182,507.5633159193608,525.4297946100736,1.8901439589050664,0.7188497881388699,65.8932596329019,1.0,0.5693762713966762,0.5529144357220903,86.75068597898297,93.22396284189077,24.29580688943452,8.705468121321982,7.658782597275857,59.63184760431977,55.977734424452734,0.0035555555557113,284.2248208114152,0.8489288396158309,0.5123512578920493,0.0591610539612331,0.1689151882370382,0.0546863688869016,0.0300004072358049,0.0215140766274267,0.0211370784112735,0.0288159649274277,0.0222648824597331,0.0151214870855825,0.0159843607455351,0.0107335302585131,0.0114403602440187,0.0118215601866706,0.0137826182345922,0.0118207634218238,0.0092461519419653,0.0088295578231527,0.0088494918035167,0.0065572615113125,0.006953715083422,0.0071998219215103,0.0069110161827243,0.0080297610811419,BRD-K29322660-001-01-9,DMSO,BR00116991,JUMP-Target-1_compound_platemap,HGVDHZBSSITLCT-KMFMINBZSA-N,edoxaban,49822384.0,F10,F10,trt,,CN(C)C(=O)[C@@H]1CC[C@H](NC(=O)C(=O)Nc2ccc(Cl)cn2)[C@H](C1)NC(=O)c1nc2CCN(C)Cc2s1,compound
BR00116991,F22,4426.9338624338625,8238.637566137566,574.1384479717813,574.0123456790124,485.3509700176367,484.63139329805995,529.265712900489,528.9027995610282,2.0213697453510595,0.726052328560429,73.07257465027261,1.0,0.5568644037709671,0.5324082487017802,98.34065516981263,106.26810652489216,26.593250858672583,9.425488345959115,8.261227304328358,66.54918545743139,62.24653896606732,0.0175836695352108,325.16103736645323,0.8350689384957644,0.4919005780282728,0.0595656105898524,0.1642508884775594,0.0529896266134814,0.0326146983330778,0.0214538217653765,0.0224611297808837,0.0286346052290998,0.0217221113181288,0.0147935007895941,0.0157707903594065,0.0109018674192906,0.011266791877784,0.0116994627809583,0.0138959257803444,0.0117680338750286,0.0094435412773902,0.0087943640105641,0.0090162732070991,0.0067217519764387,0.0068354750885909,0.0072996078602564,0.0071897293174388,0.0082627957463996,BRD-K41599323-001-02-3,DMSO,BR00116991,JUMP-Target-1_compound_platemap,DHMTURDWPRKSOA-RUZDIDTESA-N,lonafarnib,148195.0,KRAS,FNTA|HRAS|KRAS|NRAS,control,poscon_diverse,NC(=O)N1CCC(CC(=O)N2CCC(CC2)[C@H]2c3ncc(Br)cc3CCc3cc(Cl)cc(Br)c23)CC1,compound
BR00116991,F23,3612.2432195975503,6506.3385826771655,598.8241469816273,562.4470691163605,520.2957130358706,483.0489938757655,559.0330493126288,522.115969350786,1.8893407421127,0.7184620959510408,65.99358069836634,1.0,0.5746202595743941,0.5549848807103153,87.03388298415521,93.37259465833073,24.41199698429913,8.728992138626976,7.675354353991115,59.675290313153894,56.15894807875367,0.000743731994193931,284.90346527449856,0.8481571884860148,0.5162804912466823,0.0601614530638524,0.1683368943986383,0.0549941586590766,0.0304856248107055,0.0213468482581972,0.0208672223406448,0.0284920221863092,0.0217270169271643,0.0151654881432924,0.0153307093628713,0.0110146260592791,0.0116390018634536,0.0117724497541364,0.0134709745739036,0.0117763112898603,0.0094542153279343,0.0085978618012479,0.009287853228033,0.006557738491425,0.0069226929717914,0.0074022602696494,0.0070966858157544,0.0081015876873209,BRD-K44771174-066-01-0,DMSO,BR00116991,JUMP-Target-1_compound_platemap,UMUPQWIGCOZEOY-JOCHJYFZSA-N,ibutamoren,178024.0,GHSR,GHR|GHSR,trt,,CC(C)(N)C(=O)N[C@H](COCc1ccccc1)C(=O)N1CCC2(CN(c3ccccc23)S(C)(=O)=O)CC1,compound
BR00116991,F24,3783.418884120172,6772.88669527897,602.4944206008583,565.9845493562232,521.5905579399142,485.39141630901287,561.4305510805568,525.3065976143478,1.90224089096167,0.7242182112666498,67.33675734069278,1.0,0.5708471172032306,0.5532489817317977,89.52464998881727,96.0805598153134,24.74668608392685,8.862739946166567,7.800575094015877,60.432434245811294,56.842881841700205,0.0315200397238513,291.4746929231032,0.8511950956695438,0.5094273556878105,0.0593199123498567,0.1670655163358747,0.0546002736820062,0.0308584196483855,0.0212213286851449,0.0218849738298927,0.0290584362114504,0.0221702985605899,0.0149345506096147,0.0155264951470116,0.0105236957686915,0.0114723769142048,0.011699881858756,0.0136948471142698,0.0118746693606055,0.0093726949664212,0.0085550199926811,0.008663304037474,0.0064521869292915,0.0067821421402556,0.0074031958125433,0.0069407219155047,0.0081145270234355,BRD-K14681867-001-01-6,DMSO,BR00116991,JUMP-Target-1_compound_platemap,NHXLMOGPVYXJNR-ATOGVRKGSA-N,somatostatin,101826531.0,SSTR2,OPRD1|OPRM1|SSTR1|SSTR2|SSTR3|SSTR4|SSTR5,trt,,C[C@@H](O)[C@@H]1NC(=O)[C@H](CCCCN)NC(=O)[C@H](Cc2c[nH]c3ccccc23)NC(=O)[C@H](Cc2ccccc2)NC(=O)[C@H](Cc2ccccc2)NC(=O)[C@H](CC(N)=O)NC(=O)[C@H](CCCCN)NC(=O)[C@H](CSSC[C@H](NC(=O)[C@H](CO)NC(=O)[C@@H](NC(=O)[C@H](Cc2ccccc2)NC1=O)[C@@H](C)O)C(O)=O)NC(=O)CNC(=O)[C@H](C)N,compound
BR00116991,G01,3382.6319396847157,6117.388622344071,546.0486634681289,561.5901302261823,469.92186429061,484.33790267306375,507.40159630162873,522.5764660209893,1.9483031601056344,0.7293077448807886,63.74186808872716,1.0,0.5675212764127334,0.5366793282949769,85.35747109613511,91.23522684307856,23.17711243390004,8.307591693117198,7.3033521315239,57.27668417729951,53.5783412591287,0.0545485582914694,279.61409020700415,0.841670766779466,0.5044506500953351,0.0577042310722414,0.1668802744004852,0.0555131954922603,0.0308008044588385,0.021942827376214,0.0223869804352022,0.0298080706526501,0.0220048014302854,0.014881444356491,0.0157430505468471,0.0108507526381744,0.0109800470928741,0.0116817167779804,0.0139159605333921,0.0117812848729292,0.0090474122627738,0.0089769287748149,0.0090193295528226,0.0065172823777895,0.0065275435234567,0.0073466975325671,0.0069573814149864,0.0080586521400112,BRD-K01666412-001-02-0,DMSO,BR00116991,JUMP-Target-1_compound_platemap,ONIBWKKTOPOVIA-BYPYZUCNSA-N,L-proline,145742.0,P3H1,EPRS|L3HYPDH|P3H1|P3H2|P3H3|P4HA1|P4HA2|PARS2|PPIA|PPIB|PPIC|PPIF|PPIG|PPIH|PRODH|PROSC|PYCR1|PYCR2|PYCRL|SLC6A14|SLC6A7,trt,,OC(=O)[C@@H]1CCCN1,compound
BR00116991,G02,3263.167481662592,5895.954767726162,562.2322738386308,571.9853300733496,487.8911980440098,496.0696821515892,524.4294057290186,533.4082793326419,1.8918488946055425,0.7202385283475725,62.49838382242439,1.0,0.5654095550295635,0.5516586137325592,82.73309894262803,88.36293158320396,22.91029599441502,8.235223192986782,7.261808850789628,56.50206215837138,53.126465594924426,-0.0038361699711007,269.81768781857716,0.8466637444746127,0.5130490059278078,0.0597171235244007,0.1673424225979732,0.0552552571482393,0.0306418156496187,0.0220510838592964,0.0205996281478711,0.0295169602281958,0.0221113253719513,0.0150077501523159,0.0160988872430455,0.0109522288037678,0.0114309322951648,0.0117541947032047,0.0140273932478647,0.0118392912934865,0.0093664449904179,0.0087320757349435,0.0090524352383931,0.0067299787248742,0.0066490145622228,0.0072663430294964,0.0071777023883121,0.0080462185106058,BRD-K80451230-051-02-6,DMSO,BR00116991,JUMP-Target-1_compound_platemap,BDNFQGRSKSQXRI-XMMPIXPASA-N,zamifenacin,3086618.0,CHRM3,CHRM3,trt,,C(Cc1ccc2OCOc2c1)N1CCC[C@H](C1)OC(c1ccccc1)c1ccccc1,compound
BR00116991,G03,3337.011340893929,5959.396931287525,587.1214142761842,599.650433622415,511.80987324883256,523.6197464976651,549.0450242226858,561.0743217200815,1.8844632390876812,0.7212693631454083,63.25007666583754,1.0,0.5695687144814011,0.5520200299979181,83.3987007234713,89.00725576968307,23.248810080960173,8.35272973803705,7.359926779783186,56.991598676272666,53.63101092018214,-0.0094354446876191,272.5807428335225,0.8506540373886599,0.5156811180239805,0.0595713811709171,0.1684619432570157,0.0553817839362932,0.0308404980170934,0.0222871228773999,0.0205175618441721,0.028938484713692,0.0216850524439769,0.0148749250666556,0.0159960738196296,0.0112381583446411,0.0113378079648438,0.0118053542379506,0.0137750603093151,0.0118477327914192,0.0093558533565779,0.0088055065531793,0.0089572569808569,0.0068478844502749,0.0066126796099828,0.0072714637649182,0.007262854446015,0.0079896680616941,BRD-K60476892-001-16-1,DMSO,BR00116991,JUMP-Target-1_compound_platemap,OQQVFCKUDYMWGV-UHFFFAOYSA-N,YC-1,5712.0,GUCY1B1,GUCY1A2|GUCY1A3|GUCY1B3|HIF1A,trt,,OCc1ccc(o1)-c1nn(Cc2ccccc2)c2ccccc12,compound
BR00116991,G04,3539.1221662468515,6410.515113350126,564.8337531486146,585.4615869017632,486.6555415617128,506.9395465994962,525.2122758110188,545.8069856742965,1.999057570760452,0.7266943957942332,65.10291004247402,1.0,0.5645984961127715,0.5225548291779756,86.52618586409926,92.66997867565658,23.640310413493985,8.425384067083362,7.388951821722109,58.93680946483853,55.07610307390005,0.0205553357183697,289.18407925586797,0.8393308592710071,0.5071050038296318,0.0578880169841125,0.1678664764974749,0.0552738953327873,0.0308599979961636,0.0215898203513354,0.0211757757707335,0.029362251688066,0.0218907083646225,0.0145862665899922,0.0157613083355835,0.0110669431671175,0.0113170905111553,0.0119084231125672,0.0139070495588146,0.0118966000203003,0.0091920244346955,0.008657271277949,0.009154972903675,0.0067590502108783,0.0066140396217882,0.0072805372641281,0.0071296059729947,0.0082026282386052,,DMSO,BR00116991,JUMP-Target-1_compound_platemap,IAZDPXIOMUYVGZ-UHFFFAOYSA-N,DMSO,679.0,,,control,negcon,CS(=O)C,compound
BR00116991,G05,3239.8088341781317,5757.145546705286,518.9637943519189,578.9992758870384,445.7328023171615,503.9275887038378,481.7067821636125,540.9006214546206,1.8493180609601512,0.70859864059243,62.206176275842054,1.0,0.5720222589526699,0.5629230677463667,80.94549040457375,86.87662972300325,23.089125607157055,8.2955720877011,7.306655496420559,56.54952024161893,53.29598419810267,0.0416477608532921,265.7832680960687,0.8541239559287298,0.5211254226498561,0.0596572545827084,0.1700728298480636,0.0540044073210157,0.0301808117565316,0.0221051211665196,0.0209555713928121,0.0285921268287787,0.0220753775029683,0.0148248182015089,0.0156899030431624,0.0110058974752775,0.0115021080296519,0.0117176388201786,0.0137314130849106,0.0119593740930292,0.0094759136836861,0.0087826678880567,0.0089813695821608,0.0065739665359733,0.0069553445498636,0.0072222009836574,0.0070203771699463,0.0080930738284558,BRD-K24283677-001-01-9,DMSO,BR00116991,JUMP-Target-1_compound_platemap,QIHBWVVVRYYYRO-ZDUSSCGKSA-N,ME-0328,71571526.0,PARP3,PARP3,trt,,C[C@H](NC(=O)CCc1nc2ccccc2c(=O)[nH]1)c1ccccc1,compound
BR00116991,G06,4105.563398692811,7740.788235294118,558.5503267973857,596.8862745098039,473.7503267973856,510.4235294117647,515.8808176159512,553.1180351719429,2.534468993120573,0.7174506455011658,70.06905770435239,1.0,0.5549587846507249,0.4409442711331561,94.54159915591636,101.51714545666796,24.750841683017057,8.534830525656961,7.349678235310393,65.303687171068,60.49690392166254,0.0124042511372829,352.4587474686095,0.8054632990261094,0.4964606636305545,0.0592102639555333,0.1638287800104849,0.0521660433699691,0.0314324410755114,0.0207844848287061,0.0203935463271968,0.0288124762232418,0.0210444852823,0.014820314156111,0.0159567434866841,0.0105412689653291,0.0112348487493674,0.0117199716477038,0.0138513367277159,0.0115269894754219,0.0091361537147582,0.0090149786689707,0.0093242619022545,0.0068905265848348,0.0069870373099262,0.0075263124469636,0.0076163256243675,0.0088372924275784,BRD-K03109492-001-02-2,DMSO,BR00116991,JUMP-Target-1_compound_platemap,BMKPVDQDJQWBPD-UHFFFAOYSA-N,NSC-663284,379077.0,CDC25A,CDC25A|CDC25B|CDC25C,trt,,ClC1=C(NCCN2CCOCC2)C(=O)c2ncccc2C1=O,compound
BR00116991,G07,3747.607503607503,6794.314574314574,578.495670995671,592.3015873015873,498.034632034632,511.1089466089466,537.7519750002639,551.1067488342165,1.9365416812642464,0.7241525297672073,67.11222264983003,1.0,0.567014694207426,0.5427416302157924,89.45549542413237,95.9620375530243,24.620385834763844,8.787214873897057,7.723457939954247,60.29783193306677,56.76867649961633,0.0255161889444071,293.355841944572,0.8447214761226871,0.5071673804857114,0.0596084286298781,0.1663037285550477,0.0543775508881838,0.0313445913989419,0.0217444413723427,0.0216933215686144,0.0290761764053579,0.0219103023559505,0.0150952733221401,0.0155819822304746,0.0109439110596763,0.0112691533526472,0.0117107560792693,0.0137254980035682,0.0119173382576748,0.0092865886140205,0.0088386416973676,0.0090826556889983,0.0065493555107099,0.0065447502427113,0.007260723914412,0.0070438338184741,0.0080019570666766,BRD-K80666802-003-01-0,DMSO,BR00116991,JUMP-Target-1_compound_platemap,QWJOPXDAQCDRRM-UHFFFAOYSA-N,CYM-50358,53358422.0,S1PR4,S1PR4,trt,,Cc1cc(CN)cc(C)c1NC(=O)c1ccc(o1)-c1cc(Cl)ccc1Cl,compound
BR00116991,G08,3759.902545454546,6649.04,532.8058181818182,586.096,454.0647272727273,505.58327272727274,492.7981645989214,545.2930073338755,1.867905076826386,0.7068966076489777,66.99355255983983,1.0,0.5767549915749491,0.5588173561683174,87.08741604598978,93.22044696050727,24.924404444911406,8.909099156296971,7.838651867365851,60.80202763268232,57.33534371263737,0.0257786272896156,287.60976712926566,0.8528002828767929,0.528239347829138,0.0594475451585121,0.1707358633916226,0.0546455560439059,0.029166258427141,0.0221441886589776,0.0203797495985816,0.0281630212947838,0.0217944484430898,0.0152511483698675,0.0154363957282626,0.011135222034033,0.0119547047895914,0.0118273600495779,0.0136474520449913,0.0116571312875298,0.0096343256527388,0.008551694319715,0.0087940579482533,0.0068251666848565,0.0066865311990827,0.0072336503382883,0.0071010368619918,0.0079370847837037,BRD-K70778732-003-27-5,DMSO,BR00116991,JUMP-Target-1_compound_platemap,PHLBKPHSAVXXEF-UHFFFAOYSA-N,trazodone,5533.0,HTR2C,ADRA1A|ADRA2A|HRH1|HTR1A|HTR2A|HTR2B|HTR2C|SLC6A4,trt,,Clc1cccc(c1)N1CCN(CCCn2nc3ccccn3c2=O)CC1,compound
BR00116991,G09,3506.4452887537996,6234.509878419452,536.7636778115501,597.7059270516718,459.56382978723406,520.4460486322189,497.7381503191071,558.4170656075723,1.890736976600276,0.7172078056942752,64.72541420914781,1.0,0.5727921759215662,0.5525322933431567,85.06721732048403,91.02900233298752,23.84854177974475,8.540585167947752,7.515182252824194,58.578805773357125,55.09802394444965,-0.026896154501262,279.75648574108726,0.8497927485937333,0.5188566284918609,0.0589298824154928,0.1693307325699399,0.0555548964374914,0.0297654297205785,0.0220923711632853,0.020852892199823,0.0289776646742293,0.0218078689810093,0.0150039627071893,0.0160678607715098,0.0110596673999359,0.0111925099639637,0.0117139026142226,0.01373380157505,0.0118450352332264,0.0094177095188949,0.0087854304462212,0.0088166813226619,0.0066912253672225,0.0065873451193527,0.0071973485021163,0.0070545778477357,0.0080748232865426,,DMSO,BR00116991,JUMP-Target-1_compound_platemap,IAZDPXIOMUYVGZ-UHFFFAOYSA-N,DMSO,679.0,,,control,negcon,CS(=O)C,compound
BR00116991,G10,3669.385097493036,6608.196378830084,576.0271587743732,594.5132311977716,496.56615598885793,514.6169916434541,535.6202618633491,554.0879928438492,1.904547677868703,0.725297975126679,66.34016987831795,1.0,0.5672901692891551,0.5497177758664387,88.12115725214805,94.28455556258938,24.41269316523945,8.718105198201462,7.663244793344457,59.63036793967047,55.98690309347268,-0.0127755321795265,287.9798217402002,0.848129458778944,0.5106666303922268,0.0598808444842679,0.167683134448777,0.0551378121926083,0.0310603747610721,0.0216411827610931,0.0219050667211557,0.0289603966780137,0.0220820384323383,0.0148836293154799,0.0155541434481854,0.0109134622195871,0.0114196985922948,0.0117359082192164,0.0137314426368047,0.0119283223878843,0.0092617977828424,0.0085523324041111,0.0090249879835869,0.0067094319977958,0.0068463423027176,0.0073292494359227,0.0069133892048103,0.0080415185142424,,DMSO,BR00116991,JUMP-Target-1_compound_platemap,IAZDPXIOMUYVGZ-UHFFFAOYSA-N,DMSO,679.0,,,control,negcon,CS(=O)C,compound
BR00116991,G11,3463.3056768558954,6217.029112081514,589.627365356623,584.8267831149927,513.216885007278,507.1419213973799,550.9930251970237,545.4853901687713,1.9152801036317155,0.7254241943354964,64.23713764747315,0.9978165938864628,0.5675502141234589,0.5442545200229633,85.29155688968756,91.1816398648307,23.51112192484179,8.412116134215369,7.40733176638086,58.07778602291792,54.46713615625358,-0.0652423126490332,279.0469340539823,0.8457323699657282,0.5070682128450096,0.0592227261367425,0.1669134144463721,0.0555332187196486,0.0314694635797152,0.021883972146937,0.0208748821099151,0.0299177460588316,0.0219438627719198,0.014992008984773,0.0157673875613677,0.0110678223246084,0.0112042211756079,0.0117506972426859,0.0140540975554147,0.0120146406177583,0.0094030252115336,0.0087077657532542,0.008960141006656,0.0066644436701348,0.0066079635518658,0.0075063594511891,0.0070570185176289,0.0082965051455021,BRD-K10670311-001-17-1,DMSO,BR00116991,JUMP-Target-1_compound_platemap,NCEXYHBECQHGNR-QZQOTICOSA-N,sulfasalazine,,PLA2G1B,ACAT1|ALOX5|CHUK|IKBKB|PLA2G1B|PPARG|PTGS1|PTGS2|SLC46A1|SLC7A11|TBXAS1,trt,,OC(=O)c1cc(ccc1O)\N=N\c1ccc(cc1)S(=O)(=O)Nc1ccccn1,compound
BR00116991,G12,3823.697311361665,6795.772766695577,561.9549002601908,605.7571552471812,481.5117085862966,524.9115351257589,521.1026280947433,564.6855544541011,1.9120398940831824,0.7213266730810011,67.52094624687363,1.0,0.5735609776715161,0.548171132809342,88.9183611181441,95.44436672451909,25.016093629066543,8.916077270527829,7.821816187541541,61.06337948158961,57.357070686208075,0.0186213921936454,293.0329667132306,0.8479518574334833,0.5158846035945034,0.060261490916313,0.1684855239814001,0.0548916817476112,0.030550590672024,0.0205803783244014,0.021499310494573,0.0282505564431289,0.021675166781425,0.0152430105704342,0.0149352011254254,0.0108974154154674,0.0114902182049754,0.0116800825295739,0.0136103635401151,0.0119598006484811,0.0093187644855577,0.0087465005744896,0.0088303297984924,0.0065592343489264,0.0069200695425487,0.0073836731331355,0.0072011418810439,0.0082299315307903,BRD-K29791386-001-01-8,DMSO,BR00116991,JUMP-Target-1_compound_platemap,DSLRVRBSNLHVBH-UHFFFAOYSA-N,"2,5-furandimethanol",74663.0,HBB,HBB,trt,,OCc1ccc(CO)o1,compound
BR00116991,G13,3526.3776479181884,6316.560262965669,597.563915266618,626.2965668371074,520.0058436815193,548.0832724616508,558.477448236666,586.746225470427,1.919206829699472,0.7146974198165548,64.99172112803959,1.0,0.569511495462239,0.5453391978243716,85.55942654706872,92.23120037007178,23.96590141905265,8.559509037791237,7.51648685152296,59.105483727505515,55.504442320541706,0.0365655128459116,282.70950779856315,0.8439745614421799,0.5108851131660085,0.0595989705578722,0.1689168629250069,0.0535203734665487,0.030276990730408,0.0216738697056756,0.0213182614242064,0.0284159754941806,0.0217777185111945,0.0150030924086795,0.0156994765672368,0.0111388519552929,0.0116665418394985,0.0118577235035643,0.0138127841508413,0.0117993544759987,0.0094185700562008,0.0088325207587379,0.00923034550517,0.0065880864311111,0.0070279568221478,0.0072197443042918,0.0069893242785942,0.0081636399084427,,DMSO,BR00116991,JUMP-Target-1_compound_platemap,IAZDPXIOMUYVGZ-UHFFFAOYSA-N,DMSO,679.0,,,control,negcon,CS(=O)C,compound
BR00116991,G14,3797.886295180723,6736.548945783133,559.3012048192771,589.7003012048193,478.9585843373494,509.29743975903614,518.5851967806321,549.0976270713526,1.8795996583041237,0.7065296625888585,67.49089512970615,1.0,0.5760425579748543,0.5556858296882586,88.16496874001379,94.50987345212845,25.07313150297254,8.943025894723862,7.86097049230326,61.30808929982288,57.71522827907645,0.0294944588771639,290.4857329314838,0.8511400712233129,0.5241413056565358,0.0583098588982998,0.170176927631752,0.0536564149823033,0.0287705897935002,0.022168770991217,0.0219956915820355,0.0280403345396365,0.0220044267000266,0.0149773005664275,0.0157462224955458,0.0109877105460528,0.0118275167305529,0.0116667208487018,0.0137483860359809,0.0119112038296094,0.0093913032033589,0.0084330546620864,0.0087788158008723,0.0066969454479536,0.0069523969879363,0.0074950813758853,0.0070533057295556,0.0081977066030842,BRD-K48722258-300-11-0,DMSO,BR00116991,JUMP-Target-1_compound_platemap,QVZCXCJXTMIDME-UHFFFAOYSA-N,dilazep,3074.0,SLC29A1,SLC29A1,trt,,COc1cc(cc(OC)c1OC)C(=O)OCCCN1CCCN(CCCOC(=O)c2cc(OC)c(OC)c(OC)c2)CC1,compound
BR00116991,G15,3994.7772761474794,7023.890142964635,567.04589917231,573.5854025583145,486.1015801354402,491.83897667419114,525.9093813114105,532.1339838981554,1.8850555060533012,0.7049113027674538,68.51216719527483,1.0,0.5775420811821868,0.5548655169130372,89.00508476966279,95.5770282019012,25.421422835944337,9.081132993252083,7.98071362182577,62.31509928937774,58.7183453527791,-0.003529133760398,295.9084823096214,0.852071697684967,0.5266043461828341,0.0590940530591488,0.1702573632153842,0.0544306864373269,0.0291278172110594,0.0219445862556899,0.0213292230354012,0.0277907839773385,0.0217417039538759,0.0153391745750954,0.0154860492268405,0.011086417509216,0.0119147970948688,0.0118542652176245,0.013470007443812,0.0119088353246621,0.0092198378886728,0.0089390405376607,0.0088232109388977,0.0066181145716529,0.0066402241341223,0.007122099091534,0.0071853959910601,0.0080346980742942,BRD-A30815329-001-12-1,DMSO,BR00116991,JUMP-Target-1_compound_platemap,RZTAMFZIAATZDJ-UHFFFAOYSA-N,felodipine,3333.0,TNNC1,CACNA1C|CACNA1D|CACNA1F|CACNA1H|CACNA1S|CACNA2D1|CACNA2D2|CACNB2|CALM1|CFTR|NR3C2|PDE1A|PDE1B|TNNC1|TNNC2,trt,,CCOC(=O)C1=C(C)NC(C)=C(C1c1cccc(Cl)c1Cl)C(=O)OC,compound
BR00116991,G16,3820.208488458675,6794.023082650782,591.1995532390172,550.1660461653015,511.6396128071482,469.5182427401341,550.8961674939454,509.4175807325551,1.9053956943709345,0.7185093432315229,67.11400036977126,1.0,0.572037119633089,0.5477220141313719,88.40782863543727,94.52303448730449,24.74206360134387,8.834283539327021,7.767631968661311,60.70450416050727,57.12684719495146,-0.0371247890649131,291.07635315774564,0.8480251930442276,0.516593107825506,0.0605382931367795,0.167087437508571,0.0551558849570208,0.0307499993896908,0.0221179827668733,0.0207788386649217,0.0291965946832564,0.0221239229905004,0.0151861488666034,0.0157710885338841,0.0112069700446306,0.0113946350467424,0.0116796965556285,0.0138839942057127,0.0119809844053031,0.0094074541721009,0.00879926700452,0.009018294379684,0.0067934448821463,0.0066949046915088,0.0072309726645498,0.0069910739829704,0.0080103834644793,BRD-A99888680-001-05-3,DMSO,BR00116991,JUMP-Target-1_compound_platemap,PMXMIIMHBWHSKN-UHFFFAOYSA-N,paliperidone,115237.0,HTR2C,ADRA1A|ADRA1B|ADRA2A|ADRA2B|ADRA2C|CYP2D6|CYP3A4|CYP3A5|DRD1|DRD2|DRD3|DRD4|HRH1|HTR1A|HTR1D|HTR2A|HTR2C,trt,,Cc1nc2C(O)CCCn2c(=O)c1CCN1CCC(CC1)c1noc2cc(F)ccc12,compound
BR00116991,G17,3448.1211267605636,6277.9258215962445,542.0816901408451,558.5671361502348,465.37464788732393,480.1408450704226,503.4822636736107,519.1431463920682,1.8965946073907052,0.74082147927617,64.26780774194462,0.9981220657276996,0.5631719004328436,0.5512857560356065,86.57381326329961,92.20678712238632,23.33682554037815,8.41088908336618,7.430985932775712,57.417737921213046,53.686993480890585,0.0442448396197689,277.94905832446733,0.8508042089081287,0.4993389194927334,0.0605290928799253,0.1654294243785687,0.0571485837729044,0.0322050762778362,0.0215426133951076,0.0203373548925373,0.0312162164760574,0.0222047409326842,0.0150982949688583,0.0156826126850296,0.010921215488992,0.0112244776446562,0.0116762532828501,0.0142321487736356,0.0119657628849147,0.0094526003358738,0.0086285011396693,0.009003946317914,0.0064843001597815,0.0064384162623424,0.0072884117223542,0.0071196464369172,0.0082429712200331,BRD-K50836978-001-03-3,DMSO,BR00116991,JUMP-Target-1_compound_platemap,PMXCMJLOPOFPBT-HNNXBMFYSA-N,purvalanol-a,456214.0,CDK2,CDK1|CDK2|CDK4|CDK5|CSNK1G3|RPS6KA1|SRC,control,poscon_orf,CC(C)[C@H](CO)Nc1nc(Nc2cccc(Cl)c2)c2ncn(C(C)C)c2n1,compound
BR00116991,G18,3609.7431850789094,6401.554519368723,582.8350071736012,586.1406025824964,504.60760401721666,507.26111908177904,543.4240593620939,546.2820381546134,1.8672274639092667,0.7159936739028522,65.8775904528221,1.0,0.5732459671636806,0.5583031575535728,86.5314939016922,92.64655140079434,24.4248796768656,8.738257335495062,7.68843563939371,59.32624880330896,55.94167730955063,0.0013243305818689,282.2954607087993,0.8525737604431619,0.5180804745768468,0.0576016220681694,0.1699947179793677,0.0548562497174873,0.02923567938517,0.0216843245831111,0.0221789845757676,0.0288289579458655,0.0222392926445025,0.0146717490048148,0.0155436531637622,0.0109660495623382,0.0117457893878762,0.0118067572086936,0.0136260379435763,0.0117746583439111,0.0093339248030181,0.0086299468942639,0.0090961899183417,0.0066961534034771,0.0068526285998638,0.007447585523982,0.0070912240498853,0.008005688016805,,DMSO,BR00116991,JUMP-Target-1_compound_platemap,IAZDPXIOMUYVGZ-UHFFFAOYSA-N,DMSO,679.0,,,control,negcon,CS(=O)C,compound
BR00116991,G19,3690.9803773584904,6555.301886792453,585.223396226415,565.0475471698113,506.7109433962264,484.9788679245283,545.5467493457902,524.4745128192422,1.916139007981681,0.7136879157022918,66.4615533720014,1.0,0.5746577340459144,0.5449402597770187,87.27473726848409,93.8603359510321,24.53417919603503,8.751834396082396,7.684942514049248,60.21892544398213,56.56756231803044,0.0781699196037616,289.1304050066803,0.8478239254842987,0.5146414002220441,0.0589637095458044,0.1701853594891936,0.0540139397738822,0.0303915638151385,0.0211521657945541,0.0214140618275696,0.0285028232469154,0.0223425521634335,0.0151505683094092,0.0151523128372067,0.010836149555817,0.0117141876141176,0.0114764603239814,0.0137101077052025,0.0119427305786595,0.0093037389971251,0.0087714008898426,0.0089621496597582,0.0066491703602205,0.0068160025837341,0.0072924427385629,0.0071676188854028,0.0081046712984188,BRD-K77220725-003-01-5,DMSO,BR00116991,JUMP-Target-1_compound_platemap,GYYRMJMXXLJZAB-UHFFFAOYSA-N,Ro-1138452,9839644.0,PTGIR,PTGIR,trt,,CC(C)Oc1ccc(Cc2ccc(NC3=NCCN3)cc2)cc1,compound
BR00116991,G20,3876.521848739496,6909.924369747899,579.4067226890757,609.1378151260504,498.2201680672269,527.4621848739496,538.4665188304458,567.8274227304838,1.8963760906303828,0.7174283002112031,68.08650689973656,1.0,0.5719112905220711,0.5518381145877002,89.77925768852391,96.2439114923764,25.111357175589664,8.974415791093113,7.889441819083039,61.28418933272373,57.711899605841104,0.0338758365682468,294.7081535387872,0.8522695592792146,0.5154970972954246,0.0606231994482082,0.168107005789618,0.0546010979930589,0.0304560789622732,0.0219830469763297,0.0218221204881232,0.0287184378501325,0.0220672220847582,0.0149735796623458,0.0157503584902808,0.0109097759649858,0.011533912639508,0.0117190244243905,0.0136985464607445,0.0119442913342296,0.0092915515684362,0.0085889954582853,0.0087052227322543,0.0066454430063599,0.0066338693815376,0.0073388692516186,0.0070847605733317,0.0080189951146097,BRD-A89164055-001-03-3,DMSO,BR00116991,JUMP-Target-1_compound_platemap,LXANPKRCLVQAOG-UHFFFAOYSA-N,sorbinil,5252.0,AKR1B1,AKR1B1,trt,,Fc1ccc2OCCC3(NC(=O)NC3=O)c2c1,compound
BR00116991,G21,3742.541142303969,6376.435624394966,587.9022265246854,583.486931268151,510.5750242013553,505.6205227492739,548.8628208265891,544.2885744214019,1.7730379003730512,0.674819289267299,66.54873843056801,0.999031945788964,0.5926612631740982,0.5875260621844429,83.76678859437754,89.75204445783744,25.338040316772737,9.0735063114763,7.984143311524676,60.92207620457624,57.9971733392817,0.0532923358436635,278.1067385344118,0.8657080508571617,0.5557794968601719,0.0598821517808782,0.1695327050267022,0.0522238620000948,0.0276963783403532,0.0225260607324652,0.0231856774916663,0.025787259308212,0.0212275281334533,0.0151834346898214,0.0151316908431648,0.0108863147162759,0.0118344743843899,0.0119415366120303,0.012302632204819,0.0113353902107101,0.009449398374914,0.0089306258706593,0.00856731878329,0.0065777183870436,0.0068565923579854,0.007284962714665,0.0071014616891451,0.00742542917158,BRD-K89517477-001-01-4,DMSO,BR00116991,JUMP-Target-1_compound_platemap,CQKBSRPVZZLCJE-UHFFFAOYSA-N,TC-S-7004,57523919.0,DYRK1B,DYRK1A|DYRK1B,control,poscon_cp,COc1ncc2cc(C(=O)Nc3cc(ccc3Cl)C(=O)NCc3cccc(Cl)c3)c(=O)[nH]c2n1,compound
BR00116991,G22,3753.9828996282527,6765.814126394052,588.0594795539033,619.0044609665428,508.4371747211896,537.8334572490706,547.8093589107306,577.8032570551637,1.9001174511679984,0.7228037310405572,67.00802066961666,1.0,0.5703826132619769,0.5523549056186596,88.97453311925753,95.45995128446098,24.651935650036332,8.815751913546713,7.753231105827353,60.23455469901616,56.60202662094317,0.0063766526516961,290.56429637139223,0.8497076416618976,0.5115631213065056,0.0593738582860964,0.1669699263145992,0.0547630568848015,0.0304062160469506,0.0214949264806096,0.0218351271102146,0.0287955851376073,0.0217725766040639,0.0146707849847156,0.0154415749754575,0.0107861853327224,0.011702718275758,0.0119758495182522,0.0139026878545274,0.0118377744289539,0.0093115834051942,0.0085933413710521,0.0088193264697988,0.0064920489525636,0.0070997161406661,0.0073045199616612,0.0069647919733789,0.0081173239541762,BRD-A24122750-001-03-7,DMSO,BR00116991,JUMP-Target-1_compound_platemap,JYLNVJYYQQXNEK-UHFFFAOYSA-N,saclofen,122150.0,KCTD16,GABBR1|GABBR2|KCTD12|KCTD16|KCTD8,trt,,NCC(CS(O)(=O)=O)c1ccc(Cl)cc1,compound
BR00116991,G23,3842.508044030483,6936.866215071973,608.4767146486029,602.2895850973752,527.4784081287045,520.0753598645216,567.4939333884304,560.7443531310472,1.8899246324956545,0.7329796013457925,67.88478822222005,1.0,0.566241525267107,0.552347301095156,90.5994414156959,97.0400466085392,24.915548293225363,8.925210223236421,7.858912948900423,60.62881152312893,56.99027542655996,-0.0080794793890123,292.834738524877,0.8480658710277518,0.5039219410041257,0.0587502198875318,0.1678532609994735,0.0555849088130419,0.0307821980930922,0.0209667286527168,0.0217151086874611,0.0296176884351657,0.021990353554183,0.0149478414627689,0.015385492963259,0.0111338154200538,0.0118117178072602,0.0115803529949337,0.0139646640415796,0.0119390615724133,0.0095553242689821,0.0087196060530649,0.0093096052912816,0.0066510965707501,0.0069397527502749,0.0075433618103099,0.0071600990591323,0.007976964348683,BRD-K70463136-001-01-5,DMSO,BR00116991,JUMP-Target-1_compound_platemap,CDJNNOJINJAXPV-UHFFFAOYSA-N,BAY-87-2243,67377767.0,HIF1A,HIF1A,trt,,Cc1cc(nn1Cc1ccnc(c1)N1CCN(CC1)C1CC1)-c1nc(no1)-c1ccc(OC(F)(F)F)cc1,compound
BR00116991,G24,3679.3868552412646,6732.317803660566,586.3036605657238,582.2995008319467,506.4342762063228,501.4933444259568,545.7538813302804,541.3881488161245,1.9031156108040177,0.7267434169092476,66.45986715830105,1.0,0.5635331827853172,0.5517595489878963,88.92231017688088,95.2804953043942,24.446947776633387,8.725679733575546,7.669885305264008,59.81574551755037,56.10651118994955,-0.0329772404303782,287.9619484350543,0.8477670949147255,0.5051751097942634,0.0594539443639594,0.1675447151849783,0.0553470868563852,0.0309074923220614,0.0214333477451406,0.0211938651399089,0.0293871552864557,0.0218493427417089,0.01494578648546,0.0159011993107387,0.0108315253693789,0.0116436812551377,0.0118197074697114,0.0137866128316364,0.0121165441048907,0.0093891190402133,0.0087678762819381,0.0089944978582538,0.006583330462849,0.007047167517342,0.0074323950699157,0.0070222316561139,0.0083615793060409,BRD-K16444452-001-09-1,DMSO,BR00116991,JUMP-Target-1_compound_platemap,ZJVFLBOZORBYFE-UHFFFAOYSA-N,ibudilast,3671.0,PDE4D,IL1B|IL6|PDE3A|PDE4A|PDE4B|PDE4C|PDE4D|PDE5A,trt,,CC(C)C(=O)c1c(nn2ccccc12)C(C)C,compound
BR00116991,H01,3921.289156626506,6347.911646586345,538.85140562249,577.847389558233,463.8172690763052,500.94176706827307,500.679673525353,538.8105558696152,1.557492109174057,0.6239068000889904,67.29225433685421,1.0,0.6385616334483135,0.6821376861456369,82.37695855544034,85.96751802407616,27.118274732041968,9.805937223209694,8.678350796286155,60.6635179044472,59.1806205431269,0.0723529500021134,264.0118254646035,0.9097922706857506,0.6403720584954466,0.0668306548627097,0.1449113933259694,0.0520934919686763,0.0255100077641973,0.019144954663289,0.0311708080391013,0.0237917648976549,0.0170936564025633,0.0157788154990795,0.012729640950961,0.0094760997509519,0.0144557143690353,0.0115271923815951,0.0099074667448732,0.0089689764859501,0.0092519650477185,0.0081634892887489,0.0072199143559359,0.0055354626614177,0.0076114086727368,0.006856969709105,0.006192753152075,0.0058340104220732,BRD-K05531427-001-01-7,DMSO,BR00116991,JUMP-Target-1_compound_platemap,LXENKEWVEVKKGV-BQYQJAHWSA-N,briciclib,11248490.0,CCND1,CCND1,trt,,COc1cc(OC)c(\C=C\S(=O)(=O)Cc2ccc(OC)c(OP(O)(O)=O)c2)c(OC)c1,compound
BR00116991,H02,3579.4141971054446,6395.83321847002,569.1440385940731,604.7463818056513,491.2949689869056,526.2281185389387,529.6741119741091,565.1327937009522,1.847735371499124,0.7155438616503731,65.53433591018,1.0,0.5740439727671549,0.5655002373722979,85.98303896849734,92.19043400074229,24.277333386873728,8.708254943017323,7.673460195278938,59.16401617684545,55.71409199900291,0.0116537697928409,279.63149594010576,0.8550099132222939,0.518479710483151,0.0596174403244503,0.1698457823777128,0.0546924910685837,0.0299206962267792,0.0217429761703912,0.0206794355992862,0.0287769644388776,0.0218937894957737,0.0148105540226882,0.0155733298290661,0.0111180438205021,0.0114926067053403,0.0119368893205819,0.0138644807764413,0.0117278071911109,0.0094745488818175,0.0089038441194857,0.0091178042937989,0.0067541866485399,0.0069433255829488,0.0074038191481725,0.0068814726175416,0.0078665916400838,BRD-K77087341-001-02-4,DMSO,BR00116991,JUMP-Target-1_compound_platemap,UPWGQKDVAURUGE-KTKRTIGZSA-N,2-Oleoylglycerol,5319879.0,GPR119,GPR119,trt,,CCCCCCCC\C=C/CCCCCCCC(=O)OC(CO)CO,compound
BR00116991,H03,3885.209235209235,6997.2741702741705,563.6782106782107,601.5988455988456,482.3405483405484,518.8109668109668,522.5929909963791,559.817367432501,1.869302686729194,0.7146578964192979,68.458554460334,1.0,0.5708100288874857,0.5595339894014325,90.27614244769532,96.7688398938297,25.284830138923137,9.057177833706051,7.977105383843528,61.672749803818824,58.17216183221161,0.0363873590808324,293.7420531030059,0.8535406416723493,0.5156044810709234,0.0592974412488547,0.1690255972230621,0.0544018109111843,0.0298621037122267,0.0219477688145973,0.0215700448739626,0.0292631891954183,0.0215980177856937,0.0149673320681392,0.0156633475392349,0.0108796527541288,0.0116634816962967,0.0114480391394564,0.0136228009683404,0.0118352906372409,0.0093056522548223,0.0087615892442944,0.0088290405605682,0.0066855113086579,0.0067204061253005,0.007387724209841,0.0071497977543738,0.0080581725311679,BRD-K61688984-001-02-9,DMSO,BR00116991,JUMP-Target-1_compound_platemap,BLVQHYHDYFTPDV-VCABWLAWSA-N,RGFP966,56650312.0,HDAC3,HDAC3,control,poscon_cp,Nc1cc(F)ccc1NC(=O)\C=C\c1cnn(C\C=C\c2ccccc2)c1,compound
BR00116991,H04,3472.435421994885,6231.687979539642,538.4763427109974,589.3657289002557,462.37659846547314,511.7851662404092,499.72370324845855,550.0842289100821,1.8584824612658937,0.714949035400258,64.20066091550673,0.9987212276214834,0.570378719744832,0.5615777067893883,84.2511445713496,90.30235679369544,23.638633252949763,8.489456960018838,7.480800167273023,58.19916754723886,54.79932608034132,0.0087004812588792,274.9412820977662,0.8505827171923384,0.5188332147337442,0.0589639453976058,0.1693534428295292,0.0551638369345409,0.0299851599126679,0.0219796585452613,0.020275511649396,0.0288013503073097,0.0220421840158922,0.0149445137989468,0.0158665217181975,0.0113658636458014,0.0113229131628505,0.0116649020443389,0.0138844816689361,0.0117914912957967,0.009367047770829,0.0087494082746925,0.0091142652988536,0.0068059470372003,0.0066421187400772,0.0073294343463104,0.0072647970619789,0.0079197118984616,,DMSO,BR00116991,JUMP-Target-1_compound_platemap,IAZDPXIOMUYVGZ-UHFFFAOYSA-N,DMSO,679.0,,,control,negcon,CS(=O)C,compound
BR00116991,H05,3209.5383795309167,5653.062899786781,538.7164179104477,598.8550106609808,465.1226012793177,525.3081023454158,501.3556999752018,561.5381896610093,1.7520701036324775,0.7367877076640208,61.84038428344358,1.0,0.5818286589640486,0.5966137875961292,83.14920569209393,88.06438760008304,22.797013949801155,8.308069722815787,7.364269123546786,53.899870355089824,51.20345996374479,0.0195403979557987,257.57934151554406,0.8723395913742917,0.5145255253014008,0.0623392881485211,0.16366963149854,0.0577354019350341,0.0317358349845078,0.0208329230525638,0.0223793274478476,0.0298291117650843,0.0225634358176476,0.0152490321746553,0.0149101090345348,0.0106661088850037,0.0114755246941364,0.0118157776101255,0.0135101807561653,0.0120039669151511,0.0094530225166482,0.0085908738484077,0.0086084978273416,0.0065093709835607,0.0067149622074304,0.0072722610516336,0.0069479063196561,0.0076943748199657,BRD-K03406345-001-21-1,DMSO,BR00116991,JUMP-Target-1_compound_platemap,NMUSYJAQQFHJEW-KVTDHHQDSA-N,azacitidine,9444.0,DNMT3A,DNMT1|DNMT3A,control,poscon_diverse,Nc1ncn([C@@H]2O[C@H](CO)[C@@H](O)[C@H]2O)c(=O)n1,compound
BR00116991,H06,3625.105141980046,6454.9247889485805,586.2778204144282,551.2824251726785,508.0475825019186,472.6400613967767,546.7373788098232,511.4102836730568,1.8757436349438472,0.714386444653911,65.70060236421389,1.0,0.5727567998411488,0.558713236262016,86.24510320043011,92.51535245255543,24.293403275781756,8.695175072285545,7.662436032955285,59.614199846467216,56.15302756195144,0.0650467929745281,282.2250573588125,0.84939827771537,0.5173868016178151,0.0598491813320897,0.1688082784642656,0.0546956523205537,0.0304981642457688,0.0219839664601082,0.0207589171370931,0.0284957532399418,0.0217240492865869,0.0148283894496172,0.0155760114564613,0.0110258573759386,0.0115894486287259,0.0116268735807169,0.0135202602340685,0.0118889115633463,0.0095242497098899,0.008898913371559,0.0089085999411108,0.0067712874709815,0.0068224245394317,0.0074104547290539,0.0071084953430559,0.008239075175475,BRD-K60150510-001-15-6,DMSO,BR00116991,JUMP-Target-1_compound_platemap,SQMWSBKSHWARHU-SDBHATRESA-N,N6-cyclopentyladenosine,657378.0,SLC29A1,ADORA1|ADORA2A|ADORA2B|ADORA3|SLC29A1,trt,,OC[C@H]1O[C@H]([C@H](O)[C@@H]1O)n1cnc2c(NC3CCCC3)ncnc12,compound
BR00116991,H07,3660.509353741496,6430.8018707483,553.6437074829932,612.1309523809524,475.7576530612245,533.6938775510204,514.1972202797282,572.5630807951644,1.8302766328035471,0.7061390334694337,65.91815541943268,1.0,0.5743950397585458,0.5691793695721034,85.33973204008734,91.18234659504004,24.563097019975597,8.822065885861232,7.777054580457353,59.587711235804335,56.52057077545753,-0.0596706199553663,278.9387251513874,0.857808377777042,0.5305298983642693,0.0589687187613674,0.1689643067210214,0.0549079801558863,0.0287742003782175,0.022482410982831,0.0216786090896678,0.0282394154325308,0.0220653667474174,0.0148888350429633,0.0156355168654685,0.0110977474302463,0.0115338761995024,0.0120412146925597,0.0134215942848247,0.0117123034742956,0.0094051751510219,0.0086813211437605,0.0086851165217141,0.006689518430531,0.006793531941964,0.0073666562091254,0.0070711614366402,0.0077864586805664,BRD-K16803204-001-01-6,DMSO,BR00116991,JUMP-Target-1_compound_platemap,RIJLVEAXPNLDTC-UHFFFAOYSA-N,filgotinib,49831257.0,JAK1,JAK1|JAK2|JAK3|TYK2,control,poscon_cp,O=C(Nc1nc2cccc(-c3ccc(CN4CCS(=O)(=O)CC4)cc3)n2n1)C1CC1,compound
BR00116991,H08,3385.7101063829787,6072.395611702128,554.3636968085107,561.5345744680851,478.280585106383,484.6476063829787,515.7421359367278,522.6213846890888,1.8790669922010843,0.7215127292268211,63.81803199480191,1.0,0.5689790195333824,0.5540210088188551,84.35837287965299,90.42348384659432,23.436653678488604,8.412355367061691,7.405551946940078,57.691280663349026,54.13328413608603,0.0126535252271547,274.84286227042725,0.8478458322594462,0.5111031768440939,0.059733902333155,0.168526447562844,0.0550813592566776,0.0306752663292316,0.0222817366876514,0.0212416527821047,0.0294868735134215,0.022134970328141,0.0147371522701462,0.0160722948564153,0.010751759045963,0.0113074784274371,0.0114729490956677,0.0137396179115118,0.0119362030701791,0.0094848150719403,0.0089202467130585,0.0088805874146084,0.006839837546954,0.0064756261189806,0.007264045216669,0.0068871402576545,0.008038417235863,BRD-K76037122-001-02-5,DMSO,BR00116991,JUMP-Target-1_compound_platemap,ZRALSGWEFCBTJO-UHFFFAOYSA-N,guanidine,3520.0,RNASE1,ALDH2|DLG4|GAMT|RNASE1,trt,,NC(N)=N,compound
BR00116991,H09,3605.822204968944,6491.821428571428,561.4906832298136,564.2958074534162,483.8416149068323,485.0046583850932,522.1608144913442,523.9693148424055,1.907231680329578,0.7188047910263865,65.39959210536249,1.0,0.5678509136062694,0.5522197855126597,86.48457159061395,92.77558290028036,24.05627123494041,8.610550315948482,7.571819387407083,59.13633167594679,55.59542178300055,-0.0024019539556122,283.8588242320352,0.8478351028477829,0.5116451704993547,0.0592281432973104,0.1684403412841106,0.0546423322316373,0.0308578552488246,0.0216745696303784,0.0205211379858604,0.0289265170862238,0.0220780598821062,0.0149217038008224,0.015655426524645,0.0108467561668658,0.0116399806742951,0.0116841090139194,0.0140728010167318,0.0117794906452537,0.0097032142595184,0.0086326219231185,0.0087732757350055,0.0067871582340243,0.0069750522847695,0.0073836366606188,0.0069679856201409,0.0081141452400026,BRD-K23913458-001-20-7,DMSO,BR00116991,JUMP-Target-1_compound_platemap,ZYGHJZDHTFUPRJ-UHFFFAOYSA-N,coumarin,323.0,CA14,CA1|CA12|CA14|CA2|CA4|CA6|CA9|CYP2A6,trt,,O=c1ccc2ccccc2o1,compound
BR00116991,H10,3738.429508196721,6765.5918032786885,570.0803278688525,616.260655737705,489.5950819672131,535.6975409836066,529.3274114546595,575.5919653183577,1.908681123311484,0.7188353242431057,66.9755513861612,1.0,0.5664719402959758,0.5499943400104695,88.68640427269708,94.94227897155564,24.62796232645579,8.809963525455185,7.7479297381762064,60.61822251229088,56.915926526137795,0.0078704668372983,290.0388785979502,0.847431171211464,0.5128373405372461,0.0592403522432731,0.1677782841252227,0.0548566252916567,0.030431385758067,0.0224518588972421,0.0210046703740727,0.0288167601322359,0.021556991945822,0.0150201689260012,0.0162071449219629,0.0109782248946934,0.0114445586763981,0.0116804388475544,0.0136826216583538,0.0118387673539311,0.0093950710845444,0.0087098711929126,0.008886388693134,0.0065611574526478,0.0065840152938641,0.0073908104565351,0.0069582701536112,0.008119082494235,,DMSO,BR00116991,JUMP-Target-1_compound_platemap,IAZDPXIOMUYVGZ-UHFFFAOYSA-N,DMSO,679.0,,,control,negcon,CS(=O)C,compound
BR00116991,H11,3517.583074534162,6539.368788819876,548.7072981366459,579.0496894409938,468.5333850931677,499.7251552795031,507.9863787352611,538.7985558321606,1.9777261355588631,0.7375497975615083,65.30917658790975,1.0,0.5537482584829233,0.532685912928373,88.81844088400565,95.16336873757834,23.706830153786093,8.451989717785787,7.418004453782588,58.629270998012515,54.7761977422096,0.0298779086598688,288.25087265551304,0.8352524823328749,0.4893430243576744,0.0599033463679958,0.1634411156499025,0.0549268299795984,0.0325228624659706,0.0209757286368697,0.022031932611762,0.0297188755548675,0.0218558580235331,0.0155061712123928,0.0155444578319819,0.01041534720152,0.0112677104437801,0.0115430798066665,0.014098353496201,0.012359891322748,0.0093553497977981,0.0087137597590531,0.0089504322712748,0.0064942483978444,0.0066079937281094,0.0073741373932434,0.0069789700979877,0.0084803163920803,BRD-K73789395-001-09-9,DMSO,BR00116991,JUMP-Target-1_compound_platemap,PYEFPDQFAZNXLI-UHFFFAOYSA-N,ZM-336372,5730.0,BRAF,BRAF|LCK|MAPK14|RAF1,control,poscon_orf,CN(C)c1cccc(c1)C(=O)Nc1ccc(C)c(NC(=O)c2ccc(O)cc2)c1,compound
BR00116991,H12,3654.635479041917,6536.145209580838,556.0928143712575,615.8637724550898,476.7986526946108,536.2679640718563,515.7544492772324,575.7284072540774,1.9126138782472384,0.7141018535833198,66.44448638733259,1.0,0.5729480923459671,0.5499141114930661,87.7842728478577,93.82663325404296,24.48132540584523,8.74106721427561,7.683373484568078,60.101677584892066,56.581350892224066,0.0107006188450778,288.10757336603115,0.8469134346769743,0.5179111983626806,0.0592958969914242,0.1671116380843598,0.0549396462425432,0.0297439506684084,0.0219841229729108,0.0213330926835275,0.0283495979541276,0.0214653877917852,0.0150543037330014,0.0157658670491049,0.0111861184076766,0.011789172705901,0.0119264335372602,0.0135260182998859,0.0118040120556523,0.0092532114594236,0.0087281297660957,0.0089278815506009,0.0067386207453062,0.0070068577813581,0.0072835489669819,0.0070633105465119,0.0080829761205714,BRD-K76792669-001-08-1,DMSO,BR00116991,JUMP-Target-1_compound_platemap,KRKNYBCHXYNGOX-UHFFFAOYSA-N,citric-acid,19782904.0,RNASE1,AKR1B1|ANG|APRT|BHMT|C8G|CA4|CPB1|CS|CTDSP1|GNMT|HGS|HS3ST3A1|IL4I1|ITPA|LSM6|MDH2|MIF|PDE5A|PKD2L1|PLEKHA1|RNASE1|RNASE3|SRC|TNFSF13B|UCK2,trt,,OC(=O)CC(O)(CC(O)=O)C(O)=O,compound
BR00116991,H13,3605.527851458886,6423.25,590.5271883289124,588.7811671087533,512.0437665782493,510.5079575596817,550.8293200157709,549.1967002454529,1.897160819870094,0.7196131062614196,65.58578526974537,0.9993368700265252,0.571910056112057,0.5483017162309515,86.1480703530596,92.42343631438116,24.193734934723597,8.647460452679866,7.598749179918647,59.27078123079582,55.82820588566743,0.0089216984700348,283.4743496814174,0.8488049711219454,0.5146774970958473,0.0596761797605165,0.1688013657055046,0.0544606522075551,0.0311045259821982,0.0220590454883096,0.020572711357634,0.0283233973837058,0.0221740944863181,0.0147259853656011,0.0158290696883728,0.0108091825375061,0.0114243990645368,0.0119164651299018,0.0140603045756451,0.0120180061405876,0.0094041553676718,0.0086178552213164,0.0087993631217893,0.0066934185598143,0.0067635130269814,0.007466493522053,0.0068569689543087,0.0081668668186874,,DMSO,BR00116991,JUMP-Target-1_compound_platemap,IAZDPXIOMUYVGZ-UHFFFAOYSA-N,DMSO,679.0,,,control,negcon,CS(=O)C,compound
BR00116991,H14,3509.498916967509,6369.806498194946,570.2375451263538,569.8772563176896,492.4404332129964,491.2642599277978,530.6252505166465,530.002880600495,1.916416690954024,0.7201640202419106,64.93062518363796,0.9992779783393502,0.5655299282110372,0.5489406046522536,85.89126081873718,92.38474011948465,23.93732474421498,8.548427741666305,7.502043125822829,58.64137544551349,55.17357726425763,-0.0024061454760716,282.19187984239386,0.846616984829117,0.5108600940720538,0.0593704904776332,0.1675350738030593,0.054010120662588,0.030981924322413,0.021031579693393,0.0219672409063487,0.0287696446616197,0.0219126328850186,0.0144876121922515,0.0150448744369136,0.010814836239372,0.0116759711628075,0.0117412389194406,0.0138518300340478,0.0120413303601379,0.0095967475416933,0.008668592221145,0.0088216505385126,0.0066015274771601,0.0067872613121314,0.0073589136412823,0.0069765304516927,0.0081210306472311,BRD-K26970495-001-02-7,DMSO,BR00116991,JUMP-Target-1_compound_platemap,VFSVKVQMZDJFQX-NBVRZTHBSA-N,CCG-63802,6057678.0,RGS4,RGS4,trt,,Cc1cccc(Oc2nc3c(C)cccn3c(=O)c2\C=C(/C#N)c2nc3ccccc3s2)c1,compound
BR00116991,H15,3660.049472830495,6482.879156528792,566.2457420924575,603.5360908353609,487.580697485807,524.2854825628548,526.4252442259487,563.3649033644579,1.9031116054419623,0.6993141465290544,66.34653535971722,1.0,0.5767830427188958,0.55134184791885,86.28086565471268,92.88184416458886,24.71982168664302,8.797260842465509,7.717502632155833,60.504956941335784,56.98760769524,0.0071907847902918,287.276197793368,0.848571135704582,0.5245254961822963,0.0579046500131971,0.1701262206553295,0.0526795973955418,0.028432048038956,0.0217810392031557,0.0227204983830605,0.0277306577796834,0.0215247744759883,0.0152924448130515,0.0152786213860201,0.0109966439062386,0.0119653770762074,0.011825841057679,0.0135348993299143,0.0119056378154198,0.009463159866681,0.0086429121124228,0.0087852852625666,0.0067352643321157,0.0069188871184687,0.0071975743993591,0.0070486605933391,0.0080651789187903,BRD-A74391928-051-03-9,DMSO,BR00116991,JUMP-Target-1_compound_platemap,ALOBUEHUHMBRLE-UHFFFAOYSA-N,ibutilide,60753.0,KCNK1,CACNA1C|CACNA2D1|CACNB1|CACNG1|KCNH2|KCNH6|KCNH7|KCNJ11|KCNK1|KCNK6,trt,,CCCCCCCN(CC)CCCC(O)c1ccc(NS(C)(=O)=O)cc1,compound
BR00116991,H16,3894.270769230769,7015.246153846154,565.7538461538461,565.0469230769231,484.4123076923077,482.6384615384615,524.5681746303832,523.471209108127,1.9253461006211727,0.7162973821989463,68.19177849250941,0.9992307692307691,0.5677060870096055,0.5427905524910552,90.37958972088174,96.9449073245168,24.98797752318581,8.941211756721147,7.86161616401556,61.61523933928451,57.85593121878773,0.028477464303544,296.75121610156003,0.8456239727422098,0.5107924025520828,0.0594861081628644,0.168137242301299,0.0540559149506403,0.0304082821958862,0.0219743513166337,0.0213106499096973,0.0291780598946548,0.0218272724934811,0.0149126559697737,0.0157607319946048,0.010805626472074,0.011649926897087,0.0114836500597413,0.0136677789783097,0.0118903587995995,0.0093109296662514,0.0087363254679161,0.0091687269903076,0.0066172984066559,0.0064964620121694,0.0072485552338275,0.0071609360246603,0.0081555022706513,BRD-K82818427-001-04-8,DMSO,BR00116991,JUMP-Target-1_compound_platemap,XFILPEOLDIKJHX-QYZOEREBSA-N,batimastat,5362422.0,MMP2,ADAM28|ADAMTS5|MMP12|MMP16|MMP2|MMP8,trt,,CNC(=O)[C@H](Cc1ccccc1)NC(=O)[C@H](CC(C)C)[C@H](CSc1cccs1)C(=O)NO,compound
BR00116991,H17,3723.096568236233,6588.2976855546685,608.2498004788507,606.048683160415,528.5267358339984,527.1723862729449,567.8269639690654,565.9327186274711,1.884950456679582,0.711838244773397,66.53159247846325,1.0,0.5740833168229299,0.5532899461053473,87.19494161493411,93.63013970791349,24.682825135046965,8.820645054218522,7.757145417592746,60.08426088010403,56.69682945717362,-0.0037394020126492,286.221175439176,0.8520356596669728,0.5179391341452283,0.0596933098685421,0.169420352187769,0.0540339828386976,0.0299323838001967,0.021142306783164,0.021202095738682,0.0286710598868826,0.0220694143032939,0.0151425835648188,0.0154879806073568,0.0108020401884079,0.0113565317464685,0.0119321347541735,0.0136692101841598,0.0117538835512529,0.009485193777406,0.0088721654123582,0.0089950888050018,0.0067047116672648,0.0064672955854374,0.0073817389699154,0.0070810489280627,0.0080089722302745,,DMSO,BR00116991,JUMP-Target-1_compound_platemap,IAZDPXIOMUYVGZ-UHFFFAOYSA-N,DMSO,679.0,,,control,negcon,CS(=O)C,compound
BR00116991,H18,3682.239179954442,6595.680334092634,552.7668944570995,573.0182232346242,474.1814730447988,492.1913439635535,513.0128921147247,532.2733681343242,1.931843535256209,0.7088470502344811,66.54172190682759,1.0,0.5694227432143624,0.5443127994917436,87.11973925527514,93.91531977324952,24.71159115161725,8.781600897621828,7.697312668536139,60.46547742908744,57.02688113132145,-0.0010945750016347,290.0347866203965,0.8454317965199591,0.5177841217503784,0.0591289823519087,0.168837251446339,0.0532675862519378,0.0296401701395989,0.0218332099605548,0.0220046588344969,0.0277448630564531,0.0214471036937478,0.015350023711879,0.0155965285064837,0.011197200732242,0.0119350883172367,0.0115222789569899,0.0136153672631928,0.0116590275367745,0.0092490856640933,0.0087717917583944,0.0089238471496943,0.0067398082376882,0.0068837643652665,0.0072539570982416,0.0071316373015929,0.0080568705710998,,DMSO,BR00116991,JUMP-Target-1_compound_platemap,IAZDPXIOMUYVGZ-UHFFFAOYSA-N,DMSO,679.0,,,control,negcon,CS(=O)C,compound
BR00116991,H19,2136.766055045872,3897.30504587156,554.8922018348624,600.190366972477,493.1284403669725,540.0802752293578,523.3545590063699,569.6734529637097,1.785160724175091,0.690883085370022,50.73276570281918,1.0,0.5955339938941125,0.6215473063431002,69.93899339920372,73.42913926876929,19.397494979011988,7.0055734261107805,6.160267412070388,44.12060683226594,42.20172427734392,0.0138735032388523,213.0735187921397,0.8742206505729998,0.5496819924716664,0.0578277634140739,0.1444655071925356,0.0528595335851776,0.0286906050398124,0.017898321181516,0.0302819627850729,0.0269306982265275,0.0205824185685756,0.0144685569258171,0.012720699626215,0.0094198042087575,0.0130255580445093,0.0114515676214212,0.0119840847887022,0.0112890752841475,0.0091799710338003,0.0080829148746871,0.0077189086201089,0.0056923880734471,0.007343085214316,0.0076058179026711,0.0065842060875259,0.0074142885973431,BRD-K26989966-001-04-3,DMSO,BR00116991,JUMP-Target-1_compound_platemap,DPJNKUOXBZSZAI-UHFFFAOYSA-N,UNC1999,72551585.0,EZH2,EZH2,control,poscon_cp,CCCc1cc(C)[nH]c(=O)c1CNC(=O)c1cc(cc2n(ncc12)C(C)C)-c1ccc(nc1)N1CCN(CC1)C(C)C,compound
BR00116991,H20,3531.5431164901665,6310.312405446293,542.1301059001513,582.857034795764,465.41906202723146,504.8706505295008,503.1403520382797,543.2676004593256,1.8894365395063104,0.7199844200686627,64.67886181106793,1.0,0.5711496969419493,0.5534585985807049,85.46177949875015,91.5135205278928,23.826932874670888,8.53946925176388,7.517383889148747,58.25470482675688,54.85346178905118,0.0179216525158742,279.5336427183698,0.850076040919078,0.5137798505041901,0.0589309819215587,0.1685612822764597,0.055373671267956,0.029985389215934,0.0213736933811762,0.0209963555140028,0.0294186486098279,0.0217547972146582,0.0150025526239134,0.0152535298491155,0.0109139772091459,0.0116289931569475,0.0116015235213195,0.0136464386159859,0.0120166019135323,0.0092826324338425,0.0088617700969233,0.008762855545971,0.0067248290175653,0.006897488719349,0.0075143804991405,0.0069289716096075,0.0082186008104785,BRD-K83896451-001-06-7,DMSO,BR00116991,JUMP-Target-1_compound_platemap,ZDXPYRJPNDTMRX-VKHMYHEASA-N,glutamine-(l),5961.0,PPAT,CTPS1|GLUL|GPRC6A|PPAT,trt,,N[C@@H](CCC(N)=O)C(O)=O,compound
BR00116991,H21,3805.0236593059935,6711.46214511041,561.6766561514196,575.2034700315457,482.18690851735016,493.9842271293375,521.5749360097093,534.1691909997722,1.8454869968729548,0.7085460982113709,67.58206640355586,1.0,0.5744800236991093,0.5629723299713869,87.78444729089065,94.23713426052794,25.137203683727492,9.005456854459968,7.927641283420694,61.32858837449553,57.91875593881938,0.0362844759920832,287.97835369023073,0.8548215039942849,0.5237609719928206,0.0602594614360788,0.1698405413727465,0.054605743483408,0.0297181190147334,0.0225467581125623,0.0207987728982527,0.0280211038131765,0.0216435878961386,0.0151578240080752,0.0160713400179843,0.0113158161618923,0.0118329662049138,0.0116928293847583,0.0133525716711395,0.0117211830877697,0.0093188590854344,0.0089040331715863,0.0091523227649487,0.0066744254469771,0.0069002348375511,0.0071587074413225,0.0071932620870526,0.0079234207284835,BRD-K62810658-001-11-4,DMSO,BR00116991,JUMP-Target-1_compound_platemap,QFWCYNPOPKQOKV-UHFFFAOYSA-N,PD-98059,4713.0,BRAF,AKT1|CHEK1|GSK3B|LCK|MAP2K1|MAPK1|MAPK11|MAPK12|MAPK14|MAPK8|PRKCA|RAF1|ROCK1|RPS6KB1|SGK1,control,poscon_orf,COc1cccc(-c2cc(=O)c3ccccc3o2)c1N,compound
BR00116991,H22,3794.59509202454,6850.92791411043,586.3627300613497,606.8688650306749,506.3427914110429,525.4532208588957,545.9064165505376,565.7443783274973,1.8558892511492855,0.7160829604894687,67.32559869055795,1.0,0.5714991984308979,0.5668079089299123,88.74872452391632,95.22464230417742,25.007405255943507,8.940510045063135,7.864841412976149,60.878440999663255,57.45617167290375,0.0144831024587948,288.6453277708879,0.8540074000977378,0.5161764814606412,0.0609317282853496,0.1681393669149166,0.0547671894479054,0.0303623855290202,0.0215443124790987,0.0209921736441185,0.0284348408314602,0.0222929009930557,0.015041931514668,0.0153896819220227,0.0109247081703016,0.011917673039636,0.0117812177065239,0.0136714954148081,0.0119400012424832,0.0095503030219881,0.0088089929188562,0.0089037812224606,0.0065269628252274,0.0068043654357933,0.007357446394506,0.0071098744118621,0.0082660854984836,BRD-K01825690-065-01-9,DMSO,BR00116991,JUMP-Target-1_compound_platemap,PZBPKYOVPCNPJY-UHFFFAOYSA-N,enilconazole,37175.0,CYP1A2,CYP19A1|CYP1A2|CYP2B6|CYP2C9|CYP2J2|CYP3A4|CYP3A5|NR1I2|PPARA|PTGER2,trt,,Clc1ccc(C(Cn2ccnc2)OCC=C)c(Cl)c1,compound
BR00116991,H23,3581.5253067484664,6511.048312883436,593.8420245398773,570.032208588957,515.9486196319018,490.1664110429448,554.2778603204926,529.5432931506919,1.8961098482906185,0.7189826810257238,65.53266791796817,1.0,0.5688382125865167,0.5542405095760047,86.9836345836453,93.60093004080316,24.178133981927612,8.63254432497407,7.583257660577156,59.15203325658896,55.580643960808935,-0.0267239731265908,283.7848519352116,0.8467198579693561,0.5106111483841308,0.0597418711480851,0.1678428697621314,0.0536666611251105,0.0301884487598536,0.0214575387739689,0.0219794133642457,0.0285394758962391,0.0220793267323459,0.0152355187370429,0.0156633184058403,0.0108031419558929,0.011730300744533,0.0116968631100965,0.0138602003521392,0.0119568300333888,0.0094151184720282,0.0086428822737708,0.008965433370976,0.0065861411635929,0.0067468556181389,0.0074750284387456,0.0071223947388459,0.0082386190983875,BRD-K75390981-300-04-9,DMSO,BR00116991,JUMP-Target-1_compound_platemap,PHSPJQZRQAJPPF-UHFFFAOYSA-N,N-alpha-Methylhistamine-dihydrochloride,912.0,HRH4,HRH4,trt,,CNCCc1cnc[nH]1,compound
BR00116991,H24,3389.1065375302665,5856.5617433414045,588.728813559322,578.3656174334141,514.953995157385,502.769975786925,551.2607609185268,540.2317890017789,1.734908853893356,0.6854050585688086,63.85466309368786,1.0,0.603643305084624,0.6163487727205763,83.35810361046549,88.1279234982049,24.406217154800427,8.792850755281064,7.762424423590971,56.765324200484024,54.30492894507744,0.0223515264534532,263.78057773154904,0.8838245187976196,0.5600177674506451,0.0603935826871639,0.1545684949136328,0.0538244055376821,0.0288049533887924,0.0199881632387626,0.0275864165646116,0.0270179762087685,0.0198612157548917,0.0150214669298001,0.01416534501843,0.0098398391243971,0.0131961050721611,0.0115712375632232,0.0120440582053511,0.0107628465890356,0.0089440899264854,0.0080783325439486,0.0080385619991075,0.0058599354854896,0.0076401665653449,0.0074682082691007,0.0066265468035843,0.0070648519621585,BRD-K38272302-001-02-7,DMSO,BR00116991,JUMP-Target-1_compound_platemap,MNYJJHBAEYKXEG-UHFFFAOYSA-N,GK921,56682080.0,TGM2,TGM2,trt,,C(CN1CCCC1)Oc1nc2cccnc2nc1C#Cc1ccccc1,compound
BR00116991,I01,3538.3880685174245,6411.226225634968,565.3750738334318,566.4766686355582,488.1789722386296,486.91080921441227,526.3162070126291,526.2258779267283,1.9434502621550152,0.7201255766094005,65.11221418182365,1.0,0.5649912074799868,0.5412063882767203,86.31407808731589,92.39343163774998,23.851856240179117,8.537803552892475,7.5087048165541805,58.917788480559395,55.18431409475684,-0.0227514026023029,284.8255354462592,0.843911081403909,0.513168486762148,0.0573584095842841,0.1683209466513026,0.0548717859458061,0.0297726601192711,0.0215099626000656,0.0217695085368782,0.0291640558448485,0.0215739702899918,0.0147456060687855,0.0157214904922924,0.0112236418198286,0.0115198263407094,0.011633981514518,0.0135063781012841,0.0117727695751812,0.0090549392394053,0.0088600723535157,0.0091603364388655,0.0064372161716673,0.0068453234991627,0.0074710316456408,0.0072462030256792,0.0082191428371277,BRD-A84687895-001-03-2,DMSO,BR00116991,JUMP-Target-1_compound_platemap,FAIIFDPAEUKBEP-UHFFFAOYSA-N,nilvadipine,4494.0,CACNA2D3,CACNA1C|CACNA1D|CACNA1S|CACNA2D1|CACNA2D3|CACNB2,trt,,COC(=O)C1=C(NC(C)=C(C1c1cccc(c1)[N+]([O-])=O)C(=O)OC(C)C)C#N,compound
BR00116991,I02,3526.8188453881885,6271.132050431321,557.7305905773059,565.6489714664897,481.53881884538816,486.7186463171865,519.2777905326551,525.692541183825,1.891535123902744,0.7197010338333792,64.942269252914,1.0,0.5702973765223773,0.5497347976228936,85.25749047620137,91.48228010250332,23.965401786895573,8.58270095521474,7.550886316426875,58.69205509547739,55.223958871317514,0.0096943437181853,280.4227403350314,0.8476656996240908,0.5132713328094571,0.0597682401341846,0.1692269104278356,0.0550431306191641,0.0303029523068871,0.0216317284434436,0.0207440797048914,0.0290684964055651,0.0219194969343551,0.0151656848161963,0.0156127290873756,0.010987936984543,0.011122307785705,0.0115506609816129,0.0139350353030226,0.0120052642313742,0.0094644894420423,0.0088211916548809,0.0090860295012504,0.0066686683520594,0.0067166548155174,0.0073641721909735,0.0072511083836361,0.0082498911835454,,DMSO,BR00116991,JUMP-Target-1_compound_platemap,IAZDPXIOMUYVGZ-UHFFFAOYSA-N,DMSO,679.0,,,control,negcon,CS(=O)C,compound
BR00116991,I03,3091.3752166377817,5733.653379549393,559.0155979202773,572.7668977469671,485.96013864818025,498.8570190641248,522.0154728041827,535.2201393998794,1.9222544518527729,0.7075853129162434,60.62875489707327,1.0,0.5677218828779036,0.560789551515551,80.81356447761992,86.92182401504346,22.510747465012187,8.014068455799087,7.018029529720236,55.194483953810625,52.04932751508816,-0.004741071087452,263.9528553096559,0.8422624630885956,0.5148925199266111,0.0596565122746943,0.1638365811870441,0.0533272441814665,0.0302367413809332,0.02076638333083,0.0235364778689611,0.0263181407009439,0.0218177365690581,0.0157680476190643,0.0149572288273046,0.0112146265709152,0.0117881227016727,0.0120637140133924,0.0133012694571546,0.0120512576661575,0.0092525249317107,0.0088721316295196,0.0091490218879011,0.0067285728112588,0.0067251371293897,0.0072867629858694,0.0072056356474428,0.0079804104114234,BRD-K15819326-001-01-6,DMSO,BR00116991,JUMP-Target-1_compound_platemap,JVCWPUFNLFSKFS-UHFFFAOYSA-N,AC-710,54760053.0,CSF1R,CSF1R|FLT3|KIT|PDGFRA|PDGFRB,trt,,CCN1C(C)(C)CC(CC1(C)C)Oc1ccc(nc1)C(=O)Nc1ccc(NC(=O)Nc2cc(on2)C(C)(C)C)cc1,compound
BR00116991,I04,3380.993967828418,6136.201742627346,569.362600536193,598.3230563002681,493.3780160857909,521.3257372654156,530.8365117526663,559.3527549270276,1.9628958524761344,0.727677487923055,63.48186972178296,1.0,0.5646092410145483,0.5346899956036384,84.7423719118325,90.62368116266676,23.093923046143264,8.252430129969872,7.260704066740053,57.23960511523186,53.60642519674492,0.0427411155384183,279.5815575279947,0.8414629768946739,0.5070967837537877,0.0600265335776981,0.1665532272506149,0.0551468319865257,0.0313658560037848,0.021332241545426,0.0198811298421062,0.0294693390225922,0.0228002043906479,0.0152185065504346,0.015993674428953,0.0109899217718438,0.0115754593473805,0.0115861119265223,0.0142353070089655,0.0118350409878663,0.0092282877300492,0.0086622396495636,0.0092640696642743,0.0065693795140706,0.0066183744568125,0.0073325301256697,0.0071529648415384,0.008110860235736,BRD-A93477898-001-04-2,DMSO,BR00116991,JUMP-Target-1_compound_platemap,NGTDJJKTGRNNAU-UHFFFAOYSA-N,PETCM,224859.0,CASP3,CASP3,trt,,OC(Cc1ccncc1)C(Cl)(Cl)Cl,compound
BR00116991,I05,4489.159268929504,8825.545691906005,517.621409921671,556.0208877284596,427.3289817232376,468.1148825065274,471.422407045703,511.4177451719124,2.7269010441644155,0.7116583650805018,71.205363523648,1.0,0.534232319273084,0.436589724326299,97.69722977291204,105.37570583378653,24.989323873062908,8.58071528688033,7.390850551453307,67.59098499276526,62.12925767466994,0.0366870480261149,369.0791999967053,0.7832972436582263,0.4853789509248142,0.0621391150029294,0.1550731034023061,0.0490778927347914,0.0341935651299448,0.0208972692363512,0.0228334205820167,0.0273735888234097,0.0193354056889101,0.0161755995844201,0.0162536400612932,0.010741622783126,0.011611419765123,0.0125607248717686,0.0127070950383315,0.0105393170541774,0.0097666297116585,0.009355724286848,0.0097300716335847,0.0067436517691277,0.0068668735602202,0.0076485549613513,0.0072193061557158,0.0080546425870341,BRD-K86525559-001-07-8,DMSO,BR00116991,JUMP-Target-1_compound_platemap,IAYGCINLNONXHY-LBPRGKRZSA-N,AZD7762,11152667.0,CHEK2,CHEK1|CHEK2,control,poscon_diverse,NC(=O)Nc1cc(sc1C(=O)N[C@H]1CCCNC1)-c1cccc(F)c1,compound
BR00116991,I06,3778.2749077490776,6762.555350553505,593.119926199262,549.1420664206642,513.809963099631,469.0110701107011,552.9062673643588,508.5790862491955,2.1036026622199544,0.7132479366074708,66.92513588438356,0.996309963099631,0.5778159771938142,0.5077165061246055,88.26279167513503,94.1829266762567,24.166166536544935,8.573870415380593,7.517064824855763,61.05089320828662,57.178134107676584,0.0288745135734785,306.14431178621516,0.8361722092554542,0.5203913651521196,0.0578914642510999,0.1675541655765847,0.0551070631173708,0.0291846674957194,0.0222545191067472,0.0221968228209874,0.0287690614485192,0.0212375203078399,0.015421722004789,0.016535860065571,0.0106619013185279,0.0116990782159896,0.0120744984812685,0.0132314596399064,0.0112559806866458,0.0089602615234141,0.0087433953748712,0.0091645114253755,0.0065547038645003,0.0065393284183742,0.0075550501475168,0.0073234364869197,0.0078602502251863,BRD-K64800655-001-09-0,DMSO,BR00116991,JUMP-Target-1_compound_platemap,HUXYBQXJVXOMKX-UHFFFAOYSA-N,PHA-793887,46191454.0,CDK7,CDK1|CDK2|CDK4|CDK5|CDK7|CDK9,control,poscon_diverse,CC(C)CC(=O)Nc1n[nH]c2c1CN(C(=O)C1CCN(C)CC1)C2(C)C,compound
BR00116991,I07,3233.8628762541807,5631.240802675586,575.4264214046823,583.7157190635452,503.247491638796,513.3913043478261,538.7437941761817,547.9794616471479,1.7931308663161858,0.7053185673676451,60.59559442615099,1.0,0.599728143922529,0.6035538264695377,80.00118778713392,83.59433998753428,22.576866847570304,8.18340835861838,7.241835436142531,54.029762912548144,51.43938012353991,0.1386599215760343,255.43377582675015,0.8695006045897044,0.5561604785754463,0.0638796132290322,0.153069980347825,0.0585473653834191,0.0286963722983091,0.0212686019000681,0.0237308428885907,0.0282183300951754,0.0210065323219845,0.0154222989123769,0.0149865583067336,0.0106116215241614,0.0123085523756232,0.0117461525854206,0.0124435283897231,0.0112119575686499,0.0090181206351259,0.0086719041691645,0.0086814398326958,0.0061910755575922,0.007155079781111,0.0072561851109797,0.0068284726607957,0.0070115162311159,BRD-K36016295-001-05-2,DMSO,BR00116991,JUMP-Target-1_compound_platemap,SCELLOWTHJGVIC-BGYRXZFFSA-N,KU-60019,15953870.0,ATM,ATM,trt,,C[C@H]1CN(CC(=O)Nc2ccc3Sc4c(Cc3c2)cccc4-c2cc(=O)cc(o2)N2CCOCC2)C[C@@H](C)O1,compound
BR00116991,I08,3478.844089920232,6325.3045685279185,576.3328498912256,574.2559825960841,499.5373459028281,495.1588107324148,537.4115480068128,534.0325534455992,1.8856692138849824,0.730643550057993,64.62398954388938,1.0,0.5640258778242316,0.5554875312817246,86.83709478508142,92.56514180117782,23.52050398680977,8.470944062653382,7.478113445378558,57.70114936743413,54.2234056322599,0.0227624531848832,278.3713596201317,0.8495234041331426,0.5043536578581701,0.0589128400395157,0.1668020930623005,0.0557467298171803,0.0310337119135384,0.0219528109276532,0.0203732701323203,0.0300199192026143,0.0224076417701851,0.0147291102197383,0.0161523229380119,0.0107475392225583,0.011015939915172,0.011534852678636,0.0142836819687466,0.0120752840253125,0.0093374029328969,0.0088494751404943,0.009134956401712,0.0066798764232666,0.0067890247714016,0.0072780336246489,0.0071822782690101,0.0081739386555173,BRD-K06674495-334-04-0,DMSO,BR00116991,JUMP-Target-1_compound_platemap,MQQNFDZXWVTQEH-UHFFFAOYSA-N,nafamostat,4413.0,ASIC1,ASIC1|ASIC2|ASIC3|C1R|PRSS1|TPSAB1|TRPM7,trt,,NC(=N)Nc1ccc(cc1)C(=O)Oc1ccc2cc(ccc2c1)C(N)=N,compound
BR00116991,I09,3707.1273516642545,6626.577424023155,568.1591895803184,585.1642547033285,489.73371924746743,504.2026049204053,528.5140675344074,544.0067891161855,1.9114143974685949,0.7171745092016727,66.67538468959137,0.9992764109985528,0.5712276564893147,0.5472556591358886,87.67983109672215,93.86338249513572,24.491482529132867,8.771457192849523,7.723520571173704,60.429730403592984,56.79049307597665,0.0291626531448895,289.3171911919781,0.8467052889341383,0.5164148441766281,0.0599797872408387,0.1678254812388165,0.0546053590314324,0.0303573449428356,0.0216176608795222,0.0219519559817782,0.0286136003059767,0.0215589104064327,0.0153628835416468,0.0158997807092873,0.0109451953354698,0.0111650095564051,0.0118576843935204,0.0134771196808411,0.0118679648484034,0.0091597260530676,0.0086331706252562,0.0090525815376347,0.0066849234421938,0.0066882154515011,0.0073508246184026,0.0071366858474887,0.0079084677915759,,DMSO,BR00116991,JUMP-Target-1_compound_platemap,IAZDPXIOMUYVGZ-UHFFFAOYSA-N,DMSO,679.0,,,control,negcon,CS(=O)C,compound
BR00116991,I10,3708.5386565272497,6621.794676806084,563.8079847908746,607.8954372623574,485.1147021546261,527.6964512040557,523.974519127222,567.344959642009,1.9126302443135712,0.71595839676236,66.47404535218415,0.9993662864385298,0.5702595072609289,0.5452101654504115,87.10415373148139,93.51843456852993,24.510273227939297,8.76022598233854,7.696758094506691,60.33265790971054,56.61852717758471,0.0393154393310897,288.87560248546066,0.8474464617577185,0.5170815104104992,0.0590112579597096,0.1701272870570543,0.0547845690738949,0.0297287123191303,0.0216907929917079,0.0209612337099874,0.0290304772701004,0.021799214532201,0.014645733390515,0.0157004500967757,0.0108111575222975,0.0118579535660684,0.011590754930547,0.01384207678204,0.0118538645207519,0.0093440919040138,0.0085699646870783,0.00900018908844,0.0067533315977292,0.0068346789677386,0.0072874322347467,0.0071754258424724,0.008162102503577,,DMSO,BR00116991,JUMP-Target-1_compound_platemap,IAZDPXIOMUYVGZ-UHFFFAOYSA-N,DMSO,679.0,,,control,negcon,CS(=O)C,compound
BR00116991,I11,3702.351798561151,6622.9007194244605,550.3935251798562,611.173381294964,470.42014388489207,532.246762589928,509.6808803256375,571.2173955184614,1.879492791841494,0.7217781186064467,66.34810088372049,0.9992805755395684,0.5698246385213814,0.5559934511295126,87.68093021709056,93.93418015985446,24.454396003351366,8.75944110198056,7.715561077715376,59.78472065740311,56.21990567934208,0.0285456865799481,285.7934712272767,0.8499744800228983,0.5128703029389579,0.0601575510820942,0.167735611516054,0.0554850596507733,0.0312775688847184,0.0220658400126101,0.0203345766902392,0.0291288000040314,0.0216969285546243,0.0148986299330914,0.0160036176786369,0.0109618092667945,0.0115360283348111,0.0117752865810521,0.0135881465472425,0.0116171029195248,0.0096400606062253,0.0088536966574767,0.0090058656865649,0.0067008145013382,0.0065296097623356,0.0072696115286237,0.0070917311438926,0.0078663383697298,BRD-K50498985-001-03-3,DMSO,BR00116991,JUMP-Target-1_compound_platemap,SZBGQDXLNMELTB-UHFFFAOYSA-N,taladegib,49848070.0,DHH,DHH|IHH|SMO,trt,,CN(C1CCN(CC1)c1nnc(-c2ccnn2C)c2ccccc12)C(=O)c1ccc(F)cc1C(F)(F)F,compound
BR00116991,I12,3754.6480654761904,6613.931547619048,577.7239583333334,573.2909226190476,498.0647321428572,493.7514880952381,537.3894270391627,532.9896383752045,1.8854897864648603,0.711106630184412,66.9619277244582,1.0,0.574271710933963,0.5509968314703763,87.33295148465284,93.3442212400824,24.771244602724067,8.848624078859334,7.780092839971244,60.78567153861303,57.173945445500394,-0.0085222330238578,288.8611456646009,0.8505110050625481,0.5230802351294852,0.0587108587668855,0.1695285573805388,0.0552687190856999,0.0296154700364708,0.0220630669653297,0.021449641176072,0.0285100932250911,0.0215171145984133,0.0147388337867264,0.0158615624450665,0.0112798645419162,0.0115784905081009,0.0117446433006048,0.013610639491985,0.0117669439370212,0.0091995483441827,0.0087282842819158,0.0092813646138917,0.0067524498037908,0.0066327226827064,0.0073977675395988,0.0071232987789583,0.0080181602760364,BRD-K52960356-001-13-0,DMSO,BR00116991,JUMP-Target-1_compound_platemap,VGZSUPCWNCWDAN-UHFFFAOYSA-N,acetohexamide,1989.0,KCNJ1,ABCC8|KCNJ1|KCNJ10|KCNJ11,trt,,CC(=O)c1ccc(cc1)S(=O)(=O)NC(=O)NC1CCCCC1,compound
BR00116991,I13,3647.440780619112,6558.736877523553,557.6877523553163,593.4030955585464,479.2200538358008,513.6621803499327,517.9414880870734,552.9813837529168,1.9379063717616671,0.7182929377091237,65.91348499651198,0.9993270524899058,0.5670965757974173,0.540477444811545,87.03400250276314,93.3901793845586,24.22866333732397,8.641475659466357,7.589683482882634,59.827372005759706,56.09564882572935,0.0137464099156771,288.09350737999904,0.8443329919989383,0.511523206791088,0.0582165899848112,0.1689895872882405,0.0546850780529006,0.0299087907981441,0.0220159162573092,0.0208801627219183,0.0296788787067751,0.0215928278502221,0.0148584806573358,0.0158712291582625,0.0109124737588027,0.0114305618658378,0.0116552592035652,0.0137045552061974,0.0120283664616398,0.0093854709398769,0.008772941367317,0.0089772979048222,0.0067697153382948,0.0068333658164109,0.0073033759005881,0.0071556062734358,0.0082157233376686,BRD-A69651145-003-11-4,DMSO,BR00116991,JUMP-Target-1_compound_platemap,ZZZRUAITSXLWBH-CSYJEMQYSA-N,minocycline,54575046.0,IL1B,ALOX5|CASP1|CASP3|CYCS|IL1B|MMP9|VEGFA,trt,,CN(C)[C@H]1[C@@H]2C[C@@H]3Cc4c(ccc(O)c4C(=O)C3C(=O)[C@]2(O)C(=O)C(C(N)=O)C1=O)N(C)C,compound
BR00116991,I14,3970.346499102334,7191.495511669659,523.9712746858169,623.45960502693,444.27648114901257,542.9694793536804,483.4202284090422,582.8288868063471,1.8901859115941888,0.6560189311906539,67.22535383504813,1.0,0.5808941418525321,0.588544670191828,86.230530608738,92.13883234015704,25.69136088450065,9.106152763678123,7.989832258597819,62.4104258096057,59.429840878838554,0.0115303854783304,289.7682407435528,0.8543864616669102,0.5684991988084602,0.0626895976459293,0.1501539933061783,0.0495145642747428,0.0298553988311171,0.019814276052707,0.0277848123689049,0.0246315954297937,0.0196129848424522,0.0152158541011959,0.0142577097352111,0.0102125260964725,0.0128180027626665,0.0115666402807162,0.0121351863281135,0.0105570589117758,0.0095074698258449,0.0082654986562206,0.0084427492902604,0.006240234233149,0.0071081860516292,0.0070435008527572,0.0067945270746421,0.0069412126142437,BRD-K64890080-001-02-1,DMSO,BR00116991,JUMP-Target-1_compound_platemap,XQVVPGYIWAGRNI-JOCHJYFZSA-N,BI-2536,11364421.0,PLK1,BRD4|PLK1|PLK2|PLK3,control,poscon_diverse,CC[C@H]1N(C2CCCC2)c2nc(Nc3ccc(cc3OC)C(=O)NC3CCN(C)CC3)ncc2N(C)C1=O,compound
BR00116991,I15,3661.839262187089,6556.055335968379,598.5355731225296,558.4090909090909,519.5210803689065,478.4552042160738,558.5365656052539,517.8391992399378,1.9138170173143865,0.7108151650254757,66.49682426192707,1.0,0.5716695809665574,0.5455331286970301,86.86331595159702,93.7057492386247,24.64277759756957,8.779690559741518,7.695817025642602,60.485474052931096,56.919120342431626,0.0126077775157649,288.75377400960105,0.8460116786064512,0.5178687384228833,0.0606096632939062,0.1696915406757142,0.0538326559220859,0.0305272567179046,0.0216805066759886,0.0208171586231943,0.0280227087834159,0.0220092452611888,0.0151223435973702,0.0153819076548334,0.010859088258775,0.0111605647140429,0.0115638731173343,0.0137136018492149,0.0115748067349522,0.0097162414718612,0.0087128323990632,0.009042517075929,0.0066739758535027,0.0066784538030843,0.0071950449192757,0.0071297332684921,0.0079360755167486,BRD-K84783599-001-01-0,DMSO,BR00116991,JUMP-Target-1_compound_platemap,WXXSNCNJFUAIDG-UHFFFAOYSA-N,riociguat,11304743.0,GUCY1B1,GUCY1A2|GUCY1A3|GUCY1B2|GUCY1B3,trt,,COC(=O)N(C)c1c(N)nc(nc1N)-c1nn(Cc2ccccc2F)c2ncccc12,compound
BR00116991,I16,3590.7195225916453,6417.439045183291,597.9914748508099,570.2097186700768,520.7254901960785,490.27536231884056,558.8313866191623,529.7080082364977,1.8921545982622323,0.7162649429250391,65.63171703751287,1.0,0.5668698844654559,0.5489334342519685,86.19524374297065,92.30786152093438,24.136550173171894,8.64819415511012,7.622690189943254,59.46401229003043,55.85626696788355,0.0053709102199589,283.05343609076243,0.850662132618127,0.513939886066185,0.0591916660760541,0.1691729323740395,0.0541680356546152,0.0309834606193791,0.0224892312846104,0.020665015992123,0.0292799281671318,0.0220639812308902,0.0148315100510675,0.0163742807159141,0.0108977891388977,0.0113513450783255,0.0113292890527174,0.0137518318568477,0.0117064874783425,0.009349420417463,0.0087965149891328,0.0088008262844565,0.0068396564974882,0.0064793580242692,0.0072148050050398,0.0069934867372783,0.0082442870511574,BRD-K76908866-001-07-6,DMSO,BR00116991,JUMP-Target-1_compound_platemap,LLVZBTWPGQVVLW-SNAWJCMRSA-N,CP-724714,9874913.0,ERBB2,ERBB2,control,poscon_cp,COCC(=O)NC\C=C\c1ccc2ncnc(Nc3ccc(Oc4ccc(C)nc4)c(C)c3)c2c1,compound
BR00116991,I17,6356.7127845884415,11948.810858143608,599.1523642732049,610.0,494.11733800350265,500.63922942206653,546.3732361832072,554.8692503682898,2.2024917279223764,0.7612934473711944,87.01545455433244,1.0,0.547157917385727,0.4861597744027189,123.15159757105005,129.78168016871803,30.270728181076315,10.684744981549064,9.422939275805476,77.40931481952468,71.45227618801054,0.0818642510599903,404.348761036372,0.8254671688110041,0.4707472725452502,0.0573044083303662,0.1575291040423186,0.0565714654892201,0.0328786701225217,0.0204429491284754,0.0217620008863247,0.032833532604409,0.0222197898329367,0.0149777194626446,0.015967833238275,0.010027929422125,0.011668379981097,0.0118459245309855,0.0151355554603754,0.0118879647349945,0.0091043546913119,0.0087705776829684,0.0088857945518635,0.0061278779485009,0.0065361555660628,0.0074580229887804,0.0072507578720535,0.0088595332616009,BRD-K38852836-001-04-9,DMSO,BR00116991,JUMP-Target-1_compound_platemap,RVAQIUULWULRNW-UHFFFAOYSA-N,ganetespib,,HSP90AA1,HSP90AA1,control,poscon_diverse,CC(C)c1cc(-c2n[nH]c(=O)n2-c2ccc3n(C)ccc3c2)c(O)cc1O,compound
BR00116991,I18,5721.601977750309,10850.41656365884,589.5686032138442,594.9233621755253,492.5253399258344,491.2731767614339,540.4154223972993,542.7591562318944,2.217829194566228,0.7265469905485994,81.50958219377206,0.9975278121137208,0.5438872363733199,0.4832027742499702,110.34622807878216,119.21631776623198,29.046698693138097,10.15074451439677,8.864427364964394,75.48870747325078,69.88024440855723,-0.013650570878069,381.07479741647967,0.8114540380163071,0.484751851132022,0.0608617027544593,0.1620930116073492,0.0525520562573414,0.0336702815113405,0.0218102679224579,0.0207434934874916,0.0300834375337032,0.0207402046198671,0.015438592727293,0.0168265847127983,0.0106537326826944,0.0110420815156542,0.0119321745841011,0.0140866936355044,0.0115599050561795,0.0094386581992896,0.0093538974993884,0.0095494951039991,0.0066320624037329,0.0068649258458045,0.00718753715766,0.0072954521275765,0.0086456353637269,BRD-K80935598-001-01-1,DMSO,BR00116991,JUMP-Target-1_compound_platemap,ZYVXTMKTGDARKR-UHFFFAOYSA-N,AZ191,72716071.0,DYRK1B,DYRK1B,control,poscon_cp,COc1cc(ccc1Nc1nccc(n1)-c1cn(C)c2cnccc12)N1CCN(C)CC1,compound
BR00116991,I19,3824.555555555556,6937.711352657005,570.2910628019324,611.6135265700483,490.31159420289856,528.5567632850242,530.0025568146384,569.5322724753786,1.8898570455882835,0.7179105053573199,67.85353030038243,1.0,0.5744438094328617,0.5605506762768719,90.57964767035668,96.71097983670664,25.047779476441377,8.960320727467188,7.887579575100767,61.12401011055276,57.38135314786052,-0.0072620035725007,292.1990969147956,0.8532429980359074,0.5186485897690519,0.058750908743422,0.1648619755602272,0.055012164978659,0.0301041573189718,0.0216871954386488,0.0230249584953727,0.0289609815800488,0.0218070258544273,0.0148557889264577,0.0152468520001804,0.0107633343278779,0.0115884524208032,0.0115770204110024,0.0135600506127618,0.0119351871744515,0.0093122846226393,0.0087884564485367,0.0085581883387592,0.0065179987955035,0.0067296570146198,0.0074310696323111,0.0067089689107225,0.0078685897505969,BRD-A18763547-300-06-3,DMSO,BR00116991,JUMP-Target-1_compound_platemap,KUUJEXLRLIPQQJ-UHFFFAOYSA-N,BAX-channel-blocker,2729027.0,BAX,BAX,trt,,OC(CN1CCNCC1)Cn1c2ccc(Br)cc2c2cc(Br)ccc12,compound
BR00116991,I20,4523.777777777777,8112.741633199465,580.9397590361446,550.4283801874163,494.0923694779116,462.3105756358768,536.7993058755692,505.58942892883897,1.938000839936856,0.7119227268151728,73.18399979743921,1.0,0.5788063890125362,0.5536818217819378,97.57824483600471,103.71351228220422,27.018492998025817,9.602100505662852,8.435561239654234,66.24983096158532,62.30000859302298,0.0304093827316332,319.8468776214161,0.8488035519420158,0.5214270241909112,0.061464937592262,0.1632204135741924,0.054172941905806,0.0309414609322604,0.0218883879345317,0.0218211542545877,0.0278112505542019,0.0218970833726489,0.0152200386771156,0.015605469829527,0.0109267817808595,0.011176364706644,0.0118294303295708,0.0132036965597245,0.0117893083474101,0.0096272222506071,0.0090442661895803,0.008755817018347,0.0067155113888823,0.006710745079392,0.007390655458789,0.0070623075043975,0.0078119882180682,BRD-K32730239-001-01-0,DMSO,BR00116991,JUMP-Target-1_compound_platemap,NQQBNZBOOHHVQP-UHFFFAOYSA-N,SU3327,11837140.0,MAPK8,MAPK8,trt,,Nc1nnc(Sc2ncc(s2)[N+]([O-])=O)s1,compound
BR00116991,I21,3920.099303135889,6903.179442508711,571.7456445993031,587.9111498257839,491.198606271777,506.23954703832754,530.8679558611162,546.5159588656477,1.8955432753153751,0.7062053772877479,68.26634722468641,1.0,0.5778457944025528,0.5529834425630067,89.20364905288422,95.65868992572275,25.410039950243227,9.064694758481789,7.958902603320213,61.914568474686014,58.2465535629112,0.0034861321663974,295.2231350453847,0.8528621756592331,0.5229875650911282,0.0593414414053846,0.1693033553713973,0.0533672149711405,0.0293710937312528,0.0218765439049842,0.0220251398698711,0.027964653773494,0.0216222737317971,0.0152903520278929,0.0153564086110991,0.0108818366867105,0.0117606649502727,0.0116521231620008,0.0134596575718334,0.0117966014660987,0.0093090116605759,0.0085758932903585,0.0088245687962298,0.0066782408690253,0.006666573895466,0.0073982133712021,0.0069734964142558,0.0079224938705482,,DMSO,BR00116991,JUMP-Target-1_compound_platemap,IAZDPXIOMUYVGZ-UHFFFAOYSA-N,DMSO,679.0,,,control,negcon,CS(=O)C,compound
BR00116991,I22,3811.903479973736,6821.407747866054,576.268548916612,579.1575837163493,495.5942219304005,497.9047931713723,535.3465391506,537.9888260056363,1.8756684598074544,0.7213000670217269,67.6105096201599,1.0,0.5693033774604439,0.5549424292103986,89.34622693169919,95.73060439119638,24.834595857512777,8.897649132727658,7.83661784005444,60.80475939000938,57.23816875594715,-0.0360862285461762,290.9420441671559,0.8523806656243473,0.5115510794565241,0.0591449260248955,0.1692051581784778,0.0551910766798644,0.0304345058281105,0.0218731533666361,0.0209994218781201,0.0291865476805366,0.0222043617209334,0.0150359856933398,0.0159032865264599,0.0110864749320572,0.0116036862012794,0.0115682715934511,0.0141406134144384,0.011996644753437,0.0092549523562895,0.0087781560116848,0.0092081558192536,0.0066696243188803,0.0065048156566098,0.0072870027414316,0.006985204963801,0.0081579710748488,,DMSO,BR00116991,JUMP-Target-1_compound_platemap,IAZDPXIOMUYVGZ-UHFFFAOYSA-N,DMSO,679.0,,,control,negcon,CS(=O)C,compound
BR00116991,I23,3447.8308766485648,6196.255236617533,598.5096974398758,614.22187742436,521.8076027928627,536.6105508145849,559.7851550050636,574.8307198032793,1.8771364006928093,0.7224534245966774,64.41759261726999,1.0,0.5704803068062716,0.5562597407499161,85.08401886655912,91.05248336287336,23.801812427831717,8.532245824083848,7.508188185125963,57.920265807328825,54.4951323168516,0.0202932672729033,277.0765389380924,0.8519667046183118,0.5161759528593086,0.0598931475422363,0.1683766001451385,0.055498575238911,0.0303554251782645,0.021653437763255,0.0207068392929631,0.0289671941378788,0.0216222659311997,0.0150883335422821,0.0157791669769946,0.0109175176994305,0.011579042235695,0.0119244030619117,0.0134666230557041,0.0119339417140822,0.0093106607461862,0.0088088092464491,0.0089901051759085,0.0063953384896373,0.0065843233570938,0.0073093300347503,0.0070091149048633,0.0080305088973462,BRD-A64173453-015-03-1,DMSO,BR00116991,JUMP-Target-1_compound_platemap,DEQANNDTNATYII-UHFFFAOYSA-N,octreotide,383414.0,SSTR2,SSTR1|SSTR2|SSTR3|SSTR5,trt,,CC(O)C(CO)NC(=O)C1CSSCC(NC(=O)C(N)Cc2ccccc2)C(=O)NC(Cc2ccccc2)C(=O)NC(Cc2c[nH]c3ccccc23)C(=O)NC(CCCCN)C(=O)NC(C(C)O)C(=O)N1,compound
BR00116991,I24,3857.093609360936,6982.452745274528,578.2196219621962,581.5526552655266,497.25562556255625,499.5229522952295,537.0931489723608,539.856968167295,1.90635116115492,0.7275787135679284,67.6604240205333,1.0,0.5687479671816277,0.5524750092100843,90.96099629297792,97.1539175232502,24.76728465559303,8.86707268334226,7.811399950635991,60.61558923687395,56.9408513691396,0.0113514097571279,293.64187482357977,0.8483565085217377,0.5083081317223345,0.05833686043408,0.1660157622610886,0.0559339641047403,0.0298816815922939,0.0218867129171281,0.0215458621235047,0.0298222354178026,0.0221250504806538,0.0148655985254009,0.0156888574938408,0.0109910372577384,0.0112426840202293,0.0116251878578939,0.0137964822900171,0.0117355905280891,0.009247356150326,0.0086905479190939,0.0091690182044252,0.0066799625094074,0.0066258380440605,0.0074599638980939,0.0071808437430981,0.0080021771649679,BRD-K09338665-001-08-9,DMSO,BR00116991,JUMP-Target-1_compound_platemap,KBPLFHHGFOOTCA-UHFFFAOYSA-N,1-octanol,957.0,GJB4,GJA1|GJA10|GJA3|GJA4|GJA5|GJA8|GJA9|GJB1|GJB2|GJB3|GJB4|GJB5|GJB6|GJB7|GJC1|GJC2|GJC3|GJD2|GJD3|GJD4|GJE1,trt,,CCCCCCCCO,compound
BR00116991,J01,3502.7614011896894,6352.808988764045,556.7680105750165,555.9874421678784,480.17779246530074,478.49504296100463,517.8474440977795,516.6239507374111,1.9264233238638893,0.7225526230755095,64.09412660814374,1.0,0.5646435490962957,0.5419563802957553,85.03962916640484,91.00422399609243,23.36303910633349,8.376130425438332,7.375484450351088,57.86188203096206,54.33451681007134,-0.029328223522018,280.12468415991924,0.844447660784781,0.5086876645484516,0.0594238828942249,0.1679603466726032,0.0550345320085345,0.0309139223184438,0.021756320753766,0.0202560812368311,0.0299474813590867,0.022104741174353,0.014557891329247,0.0158241804278814,0.0111421506718838,0.0112274906161662,0.0114717377885544,0.0142315716639852,0.0117867101359838,0.0094422692464586,0.0087255811154261,0.0090988496644065,0.0066045975508687,0.0067014019155216,0.0072858694955493,0.0069275833483511,0.0081810622024708,BRD-K64034691-001-01-9,DMSO,BR00116991,JUMP-Target-1_compound_platemap,WDENQIQQYWYTPO-IBGZPJMESA-N,acalabrutinib,71226662.0,BTK,BTK,trt,,CC#CC(=O)N1CCC[C@H]1c1nc(-c2ccc(cc2)C(=O)Nc2ccccn2)c2c(N)nccn12,compound
BR00116991,J02,3375.2146658781785,6022.07510348906,567.3554109994086,582.3524541691307,492.0963926670609,506.08811354228266,529.1466721848624,543.6101033493088,1.8601060667702,0.7192748748433906,63.33625279788686,0.9994086339444116,0.5699370015151501,0.5604578378354675,83.51144601004447,89.46066743675783,23.33936454563256,8.381147070467428,7.383702872809559,57.0711743684809,53.76980928031921,-0.0203501975955778,271.3794688206996,0.8503141900687957,0.5139671879431207,0.0603775889325188,0.1680369404884991,0.0550916099201514,0.0307507468106921,0.0216009442111777,0.0209817426768167,0.0292704904312186,0.0217138520846222,0.0152945261953019,0.0156195173089254,0.0108676250475784,0.0114009587088389,0.0117580791608526,0.0137252855418176,0.011819733869062,0.009390238559699,0.0086029258680509,0.0089608948333242,0.00664653300024,0.0067390570526099,0.007329557410146,0.0071305143385014,0.0080191589260041,BRD-K38512030-001-01-7,DMSO,BR00116991,JUMP-Target-1_compound_platemap,HJYYPODYNSCCOU-ODRIEIDWSA-N,rifamycin,6324616.0,SLCO2B1,SLCO1A2|SLCO1B1|SLCO1B3|SLCO2B1,trt,,CO[C@H]1\C=C\O[C@@]2(C)Oc3c(C2=O)c2c(O)cc(NC(=O)\C(C)=C/C=C/[C@H](C)[C@H](O)[C@@H](C)[C@@H](O)[C@@H](C)[C@H](OC(C)=O)[C@@H]1C)c(O)c2c(O)c3C,compound
BR00116991,J03,3334.877580071174,6218.627046263346,569.5743772241993,604.797153024911,493.93950177935943,527.0113879003559,531.2838920317506,565.4321349120436,1.973770243606892,0.7439817570807351,62.727504716275725,1.0,0.5553950950731866,0.5393695580385031,86.37419601425042,91.88685756210258,22.568878613188712,8.085218910388589,7.122387450352373,56.110409142971584,52.282404197360165,0.0837347357748894,276.8659705413226,0.8364089796796169,0.488229256986453,0.057987549013311,0.1621105358921612,0.0565414933890667,0.0318258363806605,0.0217127207430714,0.0218210514512076,0.0305281656964043,0.0221646889864593,0.0150039636266529,0.0158815603560766,0.0109329976437651,0.0111026584188541,0.0117618222167158,0.0144446619138639,0.0122076934957527,0.0093985556073385,0.0087933282313679,0.0089451135068723,0.0066454246937205,0.0067375091686626,0.0074558525842323,0.0070985097052623,0.0083754705554712,BRD-K74514084-003-09-2,DMSO,BR00116991,JUMP-Target-1_compound_platemap,CUIHSIWYWATEQL-UHFFFAOYSA-N,pazopanib,10113978.0,FGF1,CSF1R|FGF1|FGFR1|FGFR3|FLT1|FLT4|ITK|KDR|KIT|PDGFRA|PDGFRB|SH2B3,trt,,CN(c1ccc2c(C)n(C)nc2c1)c1ccnc(Nc2ccc(C)c(c2)S(N)(=O)=O)n1,compound
BR00116991,J04,4118.181492109039,7661.88737446198,551.4892395982783,605.0301291248206,466.6728837876614,519.1018651362984,508.5292575781329,561.4929676615589,2.0732965442148674,0.7148647114539999,70.09960091825756,1.0,0.5518919331577554,0.5155076091809381,93.39935128067962,100.16746933305436,25.353964498273672,8.946748967742309,7.8278377674672655,64.80950356224884,60.38662603044665,0.0521444673483839,316.59259512699094,0.8235108831668037,0.504149232182881,0.0584650422657624,0.1649736229688731,0.0537184232206922,0.0309510403519098,0.0215118692169744,0.0211253157813772,0.028914273698634,0.0215908878138539,0.0150939516317857,0.0160815781551138,0.0112660803432567,0.011691606158783,0.0119563430009544,0.0138058655436264,0.0115306670799121,0.0091315787880633,0.0091061390908219,0.0095811683881669,0.0069111671440585,0.0069623175839564,0.0073860473852602,0.0072820737732646,0.0081703080092773,BRD-K19333160-001-01-3,DMSO,BR00116991,JUMP-Target-1_compound_platemap,GDVRVPIXWXOKQO-UHFFFAOYSA-N,RKI-1447,60138149.0,PAK1,CDC42BPA|DMPK|LIMK1|MYLK|PAK1|PKN1|ROCK1|ROCK2,control,poscon_cp,Oc1cccc(CNC(=O)Nc2nc(cs2)-c2ccncc2)c1,compound
BR00116991,J05,3410.2200538358006,6175.172947510094,556.8734858681023,566.5410497981158,480.2799461641992,489.6473755047106,517.8462120171703,527.586620149432,1.8833043149582915,0.7232445384518866,63.850642316985166,0.9986541049798116,0.5669906361115395,0.5571286800099259,84.71243354770469,90.63059001952794,23.42913981131725,8.412964230094092,7.407988017225324,57.44201113251641,54.09396823815558,0.0286384981432407,275.3447108751173,0.8489764235530006,0.5120288438341479,0.0587432619226449,0.1680895558936682,0.0557777523206954,0.0300223136108777,0.02146441217533,0.0213446544119505,0.0297896806645763,0.0221941848654739,0.014718333661143,0.0154368987709137,0.0107494142825918,0.0113211893077662,0.0118227758657133,0.0140026747934482,0.0119228569488236,0.0092353731393311,0.0086746591505933,0.0090260724826515,0.006606430595975,0.0071188508954608,0.007500751174033,0.0071477730814058,0.0079955132676812,BRD-K97091514-001-11-4,DMSO,BR00116991,JUMP-Target-1_compound_platemap,GVJHHUAWPYXKBD-IEOSBIPESA-N,vitamin-E,14985.0,PRKCB,ALOX5|DGKA|NR1I2|PPP2CA|PPP2CB|PRKCA|PRKCB|SEC14L2|SEC14L3|SEC14L4,trt,,CC(C)CCC[C@@H](C)CCC[C@@H](C)CCC[C@]1(C)CCc2c(C)c(O)c(C)c(C)c2O1,compound
BR00116991,J06,3890.563687543983,7183.692470091485,555.066854327938,579.0140745953554,472.258972554539,495.384236453202,513.1675880122494,536.7446037936905,1.9688028845988776,0.7252598602383761,68.54402525323047,0.9992962702322308,0.5595214202427837,0.5415399615916636,91.86262480313124,98.8025980380728,25.09102651965829,8.936094447346786,7.840422679985464,61.90516683051237,58.07919687083797,0.0227486168500594,300.9240875515263,0.8415573481029587,0.5018677447438774,0.0591571365977029,0.1662428854848338,0.0536917754187411,0.03126135856954,0.0212134011387589,0.0213779566027063,0.0285670327851249,0.0220969912456179,0.0149917862030863,0.0156025109728309,0.0105383035473972,0.0116592504482253,0.0115696541604716,0.0137134484132957,0.0118211573603926,0.0094162840387657,0.0089427207177163,0.0088670897663115,0.0066643867760776,0.0067816346286223,0.0074580196787375,0.0071810157943274,0.0082294659316056,BRD-K41599323-001-02-3,DMSO,BR00116991,JUMP-Target-1_compound_platemap,DHMTURDWPRKSOA-RUZDIDTESA-N,lonafarnib,148195.0,KRAS,FNTA|HRAS|KRAS|NRAS,control,poscon_diverse,NC(=O)N1CCC(CC(=O)N2CCC(CC2)[C@H]2c3ncc(Br)cc3CCc3cc(Cl)cc(Br)c23)CC1,compound
BR00116991,J07,3471.2068311195444,6157.566729917774,553.1992409867173,553.7463630613536,477.5407969639469,476.39911448450346,514.7974950835684,514.566803976993,1.8557830400562545,0.7148341206370457,64.16264791039674,0.9993674889310564,0.5732366377463892,0.5613759504817446,84.23986867851569,90.33411325357052,23.730898699734027,8.505907100161433,7.490404039981326,57.89482457756688,54.55233020422581,0.015022547635698,274.61273371935346,0.8507901352994689,0.5170406943646677,0.0594704780247563,0.1687452043480121,0.0546948578032419,0.0301215950786629,0.0217963396225295,0.0214595972332096,0.0285388204555471,0.0218882292403691,0.0152424624852355,0.0157068645424276,0.010975863959723,0.0112296458636278,0.0115203284312501,0.0137769555742389,0.0119579996144919,0.0094457232018016,0.0089686529130034,0.0091034168727048,0.0065925635902069,0.0068073675382181,0.0072631312482362,0.0070107923110193,0.0080888008081401,BRD-K47738867-001-01-5,DMSO,BR00116991,JUMP-Target-1_compound_platemap,XXRCUYVCPSWGCC-UHFFFAOYSA-N,ethyl-pyruvate,12041.0,TNF,HMGB1|TNF,trt,,CCOC(=O)C(C)=O,compound
BR00116991,J08,3585.1913875598084,6427.347231715653,543.5673274094327,588.6418318523582,465.82706766917295,509.9077238550923,504.2918999004595,548.6283641418187,1.8998098847346532,0.7183645374112977,65.32648712789342,0.9993164730006836,0.570485445188557,0.5529664609596642,86.21199712297137,92.37702158446837,24.07296304807449,8.619463511613509,7.58021014623091,58.958021421567416,55.5385053027902,0.0067679875391523,282.7021609224274,0.8486293797484085,0.5151675080740261,0.0599952576212298,0.167601967125335,0.0549276001532279,0.0306926878339029,0.0210734719325753,0.0215197616075593,0.0289483643534059,0.0216501350413427,0.0151164916865425,0.0156744768138661,0.0111870694344583,0.0112244321666637,0.0117235808051377,0.0135007686806344,0.0117058346218991,0.0094760219537732,0.0087796288364515,0.0090405223043979,0.0067545120256164,0.006870096652385,0.0073787777744522,0.0071110768382284,0.0080292175366212,BRD-A91822151-001-05-0,DMSO,BR00116991,JUMP-Target-1_compound_platemap,RYEFFICCPKWYML-UHFFFAOYSA-N,picrotin,4815.0,GLRA3,GABRA1|GABRR1|GLRA1|GLRA2|GLRA3|GLRB,trt,,CC(C)(O)C1C2OC(=O)C1C1(O)CC3OC33C(=O)OC2C13C,compound
BR00116991,J09,3659.508484848485,6495.128484848485,586.3575757575758,574.3024242424242,508.3630303030303,494.9412121212121,546.7950517309281,534.0322507171044,1.8840896768402904,0.7107672889229151,66.05906320566683,1.0,0.5743154624372475,0.5528995317081499,86.1958328272663,92.33576847260228,24.374650159918883,8.711364884207818,7.665672707004562,60.07565740842109,56.546054678366936,0.0215091090969252,285.3555181824643,0.8508936918376662,0.5220753649720469,0.0594375841490666,0.1704235728348618,0.0544996851052679,0.0296716894490902,0.0224055054978064,0.0201770779811458,0.0287049188469398,0.0218010419990703,0.0150837650778093,0.0155314242249099,0.0111458161811486,0.0115367185366076,0.0116860837398185,0.0134489657773931,0.011855023126479,0.0094671166047408,0.0088564551283201,0.0089990211429,0.0068343435026567,0.0065571153834429,0.0073496662642958,0.0069496829479322,0.0081868531781647,BRD-K19477839-001-07-6,DMSO,BR00116991,JUMP-Target-1_compound_platemap,BCZUAADEACICHN-UHFFFAOYSA-N,SGX523,24779724.0,MET,MET,control,poscon_cp,Cn1cc(cn1)-c1ccc2nnc(Sc3ccc4ncccc4c3)n2n1,compound
BR00116991,J10,2375.992487479132,4289.739565943239,548.0475792988314,561.0,484.3781302170284,496.2186978297162,515.6895311779247,527.88893317554,1.803824813049386,0.7332594610564529,53.32101115632192,0.9991652754590984,0.5629992287173057,0.5753367096637527,71.54313277118187,75.83906349970438,19.45283149724108,7.0923630366613795,6.281936820698734,47.53024536732483,44.79006775916929,0.0729105886131828,224.71916916690796,0.8548175228689182,0.5038985736357767,0.0605844921885363,0.1639349741001589,0.0563676428700591,0.0322855322082517,0.0235420641730065,0.0207542856296164,0.0306621928931755,0.0227270604356727,0.0146520358061061,0.0163263507891719,0.0110188672914095,0.0116674539863623,0.0114584198446957,0.0144692035837029,0.0119641226573788,0.0090326602228843,0.0086844960218338,0.0090469576428314,0.0068948869272026,0.006719899311821,0.0075903177130303,0.0069737703476647,0.0079844247170368,BRD-K95785537-001-22-3,DMSO,BR00116991,JUMP-Target-1_compound_platemap,PBBRWFOVCUAONR-UHFFFAOYSA-N,PP-2,4878.0,LYN,ABL1|LCK|LYN|RIPK2|SRC,trt,,CC(C)(C)n1nc(-c2ccc(Cl)cc2)c2c(N)ncnc12,compound
BR00116991,J11,3656.997922437673,6455.033933518005,564.01108033241,550.803324099723,486.8040166204986,470.9556786703601,524.8351112588529,510.33932811388866,1.8873190782070637,0.7170719664621338,66.01926845253422,1.0,0.5753721090155506,0.5517782576191927,86.50851041373463,92.76157758948764,24.402762912024063,8.72925713048341,7.678805834732056,59.59909552033166,56.105118362071195,0.0349824452021672,284.7316233883256,0.8504905838692357,0.5181839296073785,0.0599724555934527,0.1691949955236064,0.0549898010695384,0.0306764705243716,0.0217516992178214,0.02071065516909,0.0284239641058404,0.0218385432333412,0.0151409361720815,0.0156659907838471,0.0109887635407486,0.0114416558400183,0.0118901507065415,0.0135532447086929,0.0117358834532308,0.0095322546170667,0.0086321147469819,0.0090758477544445,0.0067035218664447,0.0067056262656002,0.0073673345320191,0.0071051753455649,0.0079692385455755,BRD-A63444178-001-01-5,DMSO,BR00116991,JUMP-Target-1_compound_platemap,QIHBWVVVRYYYRO-UHFFFAOYSA-N,ME-0328,51147633.0,PARP3,PARP3,trt,,CC(NC(=O)CCc1nc(=O)c2ccccc2[nH]1)c1ccccc1,compound
BR00116991,J12,3725.516006097561,6581.8734756097565,580.6379573170732,594.967225609756,500.6524390243902,515.907774390244,540.1956428274165,554.9927736379531,1.8544327018090057,0.7077796388895812,66.89858166836198,0.9984756097560976,0.575370055111936,0.5613366846467884,86.9981829604271,93.18635290517103,24.839007156880815,8.884489614763407,7.817484649637238,60.725924252778384,57.31672451237487,0.0356450710237092,286.23651840002066,0.8519881969771257,0.5259296981749607,0.0610492409244096,0.1690492268899263,0.0542945016417606,0.0300051472215753,0.0220965496553194,0.0211415683897446,0.028073585934536,0.0216259070012346,0.0151827931605104,0.0159331375001658,0.0112083376164147,0.0116084245670904,0.0114728768141069,0.0135625506424612,0.0117866470248086,0.0094745376144151,0.008816692469416,0.0090097780982687,0.0067578503833633,0.0067113656232049,0.0072667882397425,0.0069321425240119,0.0080105606070182,BRD-K31476763-001-01-5,DMSO,BR00116991,JUMP-Target-1_compound_platemap,QNQZWEGMKJBHEM-UHFFFAOYSA-N,AZD9668,46861623.0,ELANE,ELANE,trt,,Cc1c(cc(C(=O)NCc2ccc(cn2)S(C)(=O)=O)c(=O)n1-c1cccc(c1)C(F)(F)F)-c1ccnn1C,compound
BR00116991,J13,3757.263701350278,6688.542494042891,517.8991262907069,573.5949166004766,437.43129467831614,494.0127084988086,476.96147570735906,533.2411864716488,1.904248654610802,0.7154125483900198,67.07859219519709,0.999205718824464,0.5742148910777546,0.5491995779761817,88.027460946781,94.43800996700028,24.776121506842063,8.85066619944664,7.77666900447222,60.80484885024311,57.11271975650789,0.0129919351412898,290.83241368621907,0.8480677069601353,0.518491669054541,0.0604112117840807,0.1689416182451448,0.0549345434281185,0.0302315607948141,0.0215406979116551,0.0210671953058294,0.028538092517422,0.0213550322839421,0.015082697262793,0.0155904583510864,0.0106642294645267,0.0113985129364241,0.0120366221702534,0.0133311533555704,0.0116534089862062,0.0092966864175783,0.0087417570916501,0.0087159697037418,0.0065015986550049,0.0068916338012761,0.0073020584572682,0.0071794302808517,0.0079104573723032,BRD-K61918008-001-07-1,DMSO,BR00116991,JUMP-Target-1_compound_platemap,UFJGFNHRMPMALC-UHFFFAOYSA-N,NQDI-1,5522952.0,CASP3,CASP3,trt,,CCOC(=O)c1c(O)nc2cccc3C(=O)c4ccccc4-c1c23,compound
BR00116991,J14,3655.292937399679,6561.951043338684,570.1428571428571,626.1268057784912,491.2632423756019,546.284911717496,530.1497048959118,585.6272068039173,1.8787895943288135,0.7162397884997679,66.2596018247913,0.9991974317817014,0.5707015954726667,0.557951411966239,87.33631091403501,93.5987318860674,24.45544033897747,8.751333776660818,7.701275702739365,59.97540509038845,56.43625933782456,0.0250620421466688,285.07649526041115,0.8512691101590533,0.5149304834098062,0.0590057985336559,0.1687713059143706,0.0546752960486567,0.0302019992104592,0.0223015223074646,0.0211193956662947,0.0287603279443751,0.0217785837559076,0.015002715786197,0.0158961310719273,0.0111197519842519,0.0114752108117815,0.0116624636601309,0.0137825701295278,0.0118642457865505,0.0095017102910353,0.0087548948950702,0.0089442302614549,0.0066538722683497,0.0064450513722926,0.0073603369982856,0.0070841914577893,0.0079899492655718,,DMSO,BR00116991,JUMP-Target-1_compound_platemap,IAZDPXIOMUYVGZ-UHFFFAOYSA-N,DMSO,679.0,,,control,negcon,CS(=O)C,compound
BR00116991,J15,4042.8412017167384,7184.802575107296,587.6380543633762,567.5565092989985,505.02360515021456,483.6251788268956,545.8105044325051,525.1458897186976,1.9225993142120044,0.7122772299497904,69.83292953321133,1.0,0.5727421702259886,0.5409022929494645,91.17688483064885,98.07743949110932,25.777962137540765,9.180521919120997,8.058374003112114,63.415843702088914,59.61749706171473,0.0306577098973247,304.10798379833415,0.8475971453818499,0.5179908421660897,0.0594013050362586,0.1706823004367203,0.0540253837266923,0.0298272270350543,0.0216763831611319,0.0210600350704869,0.0286058205490699,0.0217820508345279,0.0148238800119783,0.0156124590203801,0.0111029629128666,0.0113709406002523,0.0117035870477077,0.0139516322067421,0.0116710181202714,0.0093439642527324,0.008646233435418,0.0090662468289969,0.0065517257960666,0.0067434696144979,0.0072731499569785,0.0070516516245283,0.0078641829952016,BRD-K09295674-001-09-8,DMSO,BR00116991,JUMP-Target-1_compound_platemap,UCAGLBKTLXCODC-UHFFFAOYSA-N,carzenide,8739.0,CA14,CA1|CA12|CA14|CA2|CA6|CA9,trt,,NS(=O)(=O)c1ccc(cc1)C(O)=O,compound
BR00116991,J16,3321.7408637873755,5817.136212624585,593.5036544850499,552.2910299003322,519.621926910299,477.05249169435217,556.0453708282374,514.170251822106,1.8243535118717695,0.7024615942147749,62.96444373529512,1.0,0.5771240376587808,0.5683369633327441,80.95607937022677,87.00272605966995,23.54041261906947,8.444715961226693,7.434138680232858,57.37883322066775,54.24771837701195,0.0094178086678185,266.72136977169487,0.8562505386129711,0.5305153113004701,0.0601445723424571,0.1716175242395982,0.0539843884033504,0.0285800695196001,0.0224129834861712,0.020128747170824,0.0277387208803539,0.021589280776404,0.0153536433761261,0.0159385206441232,0.0111879121444703,0.0116800672102312,0.0119521187372024,0.013522777137883,0.0117902839167784,0.0094316919807879,0.0088680044941945,0.0087724471078837,0.0067958457470962,0.006605061408258,0.0073070918720262,0.0069973239364995,0.0079426882728395,BRD-K25311561-001-10-7,DMSO,BR00116991,JUMP-Target-1_compound_platemap,XRKYMMUGXMWDAO-UHFFFAOYSA-N,KU-55933,5278396.0,ATM,ATM|PRKDC,trt,,O=c1cc(oc(c1)-c1cccc2Sc3ccccc3Sc12)N1CCOCC1,compound
BR00116991,J17,3351.8100917431193,6052.136697247706,584.8440366972477,591.7321100917432,509.3917431192661,514.6394495412844,546.6303903109706,552.7013983130405,1.8678815891156275,0.7258904120754125,63.51004563202621,1.0,0.5729320094856512,0.5631004455292195,84.9660025453355,90.80618540596669,23.34385020787847,8.404006069941206,7.41416039801289,56.71544222482709,53.41182159840343,-0.0014156573285195,272.61924064407486,0.856213953315948,0.5102159309937034,0.0600983729295229,0.1666297346181986,0.0551301154368855,0.0310954302156277,0.0217261468695076,0.0213772424519479,0.028972473766186,0.0220148811461089,0.0152885005219082,0.0157095333117759,0.0107219961990957,0.0118502867358893,0.0118139385958517,0.01359322108918,0.0117485108866318,0.009309114197693,0.008750740219457,0.008776006225702,0.0065414297022074,0.0065742213386927,0.007330228701961,0.0069932195155864,0.0080147672554116,BRD-K24696047-001-02-3,DMSO,BR00116991,JUMP-Target-1_compound_platemap,AECDBHGVIIRMOI-GRGXKFILSA-N,NVP-AEW541,,IGF1R,IGF1R|INSR,control,poscon_cp,Nc1ncnc2n(cc(-c3cccc(OCc4ccccc4)c3)c12)[C@@H]1C[C@H](CN2CCC2)C1,compound
BR00116991,J18,3634.815011372252,6473.33813495072,565.0742987111448,601.5640636846096,487.40485216072784,522.3176648976497,525.6939773882362,561.2526038346025,1.8546792330151325,0.713286030926185,65.83454794822849,0.9992418498862776,0.5737145581265443,0.5609392457353326,86.19351910487691,92.22055139954836,24.32985216541041,8.727804934004949,7.692950351297893,59.45725573978188,56.03334562076809,0.0521033551121666,282.11450231740963,0.8548813928885663,0.5219573045376377,0.0592099317555364,0.1695506324818758,0.0548953012424183,0.0294734621134093,0.0221164847285301,0.0210165319196402,0.028903406647312,0.0219584371541026,0.0147817186087377,0.0155230064888852,0.0111115997485755,0.0115884608601198,0.0117411223525085,0.0137445729830614,0.0116838533390644,0.0092753790729046,0.0086596503184286,0.0089719748836315,0.0068323233156264,0.0068444798175637,0.0073092378698895,0.007198512813229,0.007850332766065,BRD-K78692225-001-24-5,DMSO,BR00116991,JUMP-Target-1_compound_platemap,VHOGYURTWQBHIL-UHFFFAOYSA-N,leflunomide,3899.0,PTK2B,AHR|DHODH|PTK2B,trt,,Cc1oncc1C(=O)Nc1ccc(cc1)C(F)(F)F,compound
BR00116991,J19,3827.670992366412,6875.606870229008,585.3412213740459,574.0519083969466,505.2297709923664,492.0312977099237,544.6325510269318,532.6132241116771,1.9181747743791104,0.7246343108514234,67.54148140103317,0.999236641221374,0.5682630401111032,0.5451661205225939,89.51561993686862,96.40745868457022,24.852134735627953,8.875284863248863,7.803614246145569,60.743727578978465,57.03074065059074,0.0771066481761219,293.58906368539306,0.846564571683143,0.5062188191351081,0.0590109250564935,0.1687812610931932,0.0544460013407652,0.0308062268937616,0.0211873391617076,0.0218320033917342,0.0289783372560242,0.0221169611976625,0.0151401658349406,0.015693901257219,0.0104512722419931,0.011447871418492,0.0115150647858815,0.01400647303091,0.0118100238595031,0.0094575182277933,0.0089322367540192,0.0088251134007796,0.0065092819676485,0.0066168441767757,0.007278690042845,0.0071488717444267,0.0081377742037161,,DMSO,BR00116991,JUMP-Target-1_compound_platemap,IAZDPXIOMUYVGZ-UHFFFAOYSA-N,DMSO,679.0,,,control,negcon,CS(=O)C,compound
BR00116991,J20,3120.014691478942,5432.042115572967,588.4857982370225,595.1096963761019,516.7238001958864,522.6601371204702,552.1979866759757,558.3070014855302,1.7508442927754229,0.7283762509093555,61.0071418106763,1.0,0.5876104064391998,0.5944798678707783,80.82085753109537,86.01061740993904,22.704611695566623,8.260136468878525,7.315834933948772,53.572399219179665,50.886260198334334,0.0184179216416659,253.20290688355095,0.8722915371708196,0.5204798364128277,0.0588577589334911,0.1682536319541201,0.0576168297159412,0.028917778144389,0.0210183543017491,0.0230455477952564,0.0289622112303503,0.022903834713836,0.0150554235762417,0.015005686594657,0.0102062553941103,0.0116150968940206,0.0118856497962529,0.0134055573893585,0.0122229071606741,0.0092870061446101,0.0085647338269255,0.0084274056202612,0.0065184471843824,0.0069561464168961,0.0073020245666661,0.0069503137048841,0.0078201550114796,BRD-K03406345-001-21-1,DMSO,BR00116991,JUMP-Target-1_compound_platemap,NMUSYJAQQFHJEW-KVTDHHQDSA-N,azacitidine,9444.0,DNMT3A,DNMT1|DNMT3A,control,poscon_diverse,Nc1ncn([C@@H]2O[C@H](CO)[C@@H](O)[C@H]2O)c(=O)n1,compound
BR00116991,J21,3422.291576673866,5230.170626349892,581.5421166306695,559.4578833693305,512.390928725702,489.9546436285097,546.5573563411001,524.2235431005693,1.4495022357870773,0.5720333829459255,63.1250516371834,1.0,0.6661272882520155,0.7247576462721342,74.10338908576327,77.06507411709002,26.428980682431764,9.52016083086979,8.414232138600733,57.31314217791949,56.85291574877459,-0.0335779969291335,238.53195841677544,0.9279220087694556,0.6956726079902463,0.064531555134766,0.1342138244126831,0.0478943694308228,0.0240605483952913,0.018305814141442,0.0339233633604888,0.0204921170293902,0.0159163308741875,0.0144126117111161,0.0115881869790266,0.0091913733651923,0.0166111976283775,0.0114316083170373,0.0086999655593004,0.0079769059413371,0.0084349240645614,0.0074494345959028,0.0063823210876432,0.0054490448701781,0.0083841507199424,0.006843774788118,0.0059176752604574,0.0049201283955731,BRD-K03601870-001-01-2,DMSO,BR00116991,JUMP-Target-1_compound_platemap,FABUFPQFXZVHFB-PVYNADRNSA-N,ixabepilone,6445540.0,TUBB4B,TUBA1A|TUBA1B|TUBA1C|TUBA3C|TUBA3D|TUBA3E|TUBA4A|TUBB|TUBB1|TUBB2A|TUBB2B|TUBB3|TUBB4A|TUBB4B|TUBB6|TUBB8,trt,,C[C@H]1CCC[C@@]2(C)O[C@H]2C[C@H](NC(=O)C[C@H](O)C(C)(C)C(=O)[C@H](C)[C@H]1O)C(\C)=C\c1csc(C)n1,compound
BR00116991,J22,3818.544453852667,6803.502963590177,592.0448772226927,584.3708721422523,512.190516511431,503.8230313293819,551.507392138881,543.525529426282,1.8860748324426768,0.7105173379968619,67.31631412454827,1.0,0.5766866855037265,0.5567204806215297,88.16570065915036,94.3357845994287,24.920546849311737,8.90932778607262,7.833373142021724,60.98093376413665,57.41832494460992,-0.0046273454053259,290.95469788656254,0.8521918782826018,0.5248009878668509,0.059616037022592,0.1690419287522542,0.0549726616718366,0.0294909383535669,0.0216650867388753,0.0214910109759495,0.0285599302527837,0.0217345057980988,0.0153029711258332,0.015373869357943,0.0109306989117984,0.0117272349420431,0.0115504505248001,0.0133749309752408,0.0115985120784399,0.009356476737779,0.008722160455338,0.0091210720673812,0.0068574198282324,0.0068189276667494,0.0073905265496715,0.006979961281055,0.0078439054836052,BRD-K66430217-001-03-8,DMSO,BR00116991,JUMP-Target-1_compound_platemap,CXJCGSPAPOTTSF-VURMDHGXSA-N,KH-CB19,44237094.0,CLK1,CLK1|CLK3|DYRK1A,control,poscon_cp,CCOC(=O)c1c(\C(=C/N)C#N)c2ccc(Cl)c(Cl)c2n1C,compound
BR00116991,J23,3346.124087591241,5994.395782643958,585.2043795620438,595.940794809408,510.57258718572587,518.9959448499594,547.4464522633402,556.8422264968802,1.8515516074909808,0.7157662820645783,63.31393361674913,1.0,0.5685983065983983,0.564270788065773,83.00736337513621,88.96457592742414,23.50036294727191,8.424133483404503,7.423493349808223,57.43734935621943,54.11115926707978,0.0371287547945181,270.14923702042836,0.8518550381858255,0.5180679980108194,0.0595596640653793,0.1693626939617035,0.0551800990068962,0.0301305629530022,0.0223040264056193,0.0206857694076749,0.0287239989462162,0.0219012091780014,0.0152038507759854,0.0158339154733703,0.0112540135243668,0.0114385108319012,0.011651886313129,0.0134740302356337,0.0117125608019307,0.0094574167049747,0.0088726505588691,0.0093232818763666,0.0068405235988413,0.0069763046270264,0.0075025817088145,0.0070458831482773,0.0079590209429489,,DMSO,BR00116991,JUMP-Target-1_compound_platemap,IAZDPXIOMUYVGZ-UHFFFAOYSA-N,DMSO,679.0,,,control,negcon,CS(=O)C,compound
BR00116991,J24,3595.2828854314,6386.670438472419,564.6697312588402,600.3140028288543,486.75742574257424,521.4257425742575,525.3259386041069,560.4455709969064,1.8648110900985584,0.7237025418957331,65.74610455263742,1.0,0.5746672131521533,0.5598895560916237,86.93050278972763,92.74116432104206,24.191521310174775,8.699411247856133,7.670353109262623,59.21180167583854,55.5918722026479,9.798360675452786e-05,281.9326123723613,0.8519771778349241,0.515865120204488,0.0591966457688289,0.1682847633497492,0.0559405462205135,0.0303399307803928,0.0220122094573104,0.0213505575834254,0.0291747437676652,0.0223218094056482,0.0150622686068178,0.0157774224511417,0.0106425698103374,0.0113536110284679,0.0117568347763288,0.0135917750006451,0.0120120453192012,0.0094494596038843,0.0086857612323664,0.0089852589353766,0.00664023376318,0.006766628805729,0.0073017465146264,0.0072738715713924,0.0079760647863957,BRD-K02554563-001-01-6,DMSO,BR00116991,JUMP-Target-1_compound_platemap,ZIUDADZJCKGWKR-AREMUKBSSA-N,PF-05190457,58438464.0,GHSR,GHSR,trt,,Cc1cn2cc(CC(=O)N3CCC4(CN(C4)[C@@H]4CCc5cc(ccc45)-c4cc(C)ncn4)CC3)nc2s1,compound
BR00116991,K01,1930.855614973262,4267.510695187166,521.2299465240642,622.5695187165776,462.4331550802139,562.3743315508021,491.3139252457238,591.9582552064187,2.006719142751056,0.6864581236426145,47.194148170977016,1.0,0.5803033189095177,0.6014588743825654,66.47215504773739,71.45598021916794,17.761242416465215,6.341762291049526,5.51953385171498,42.44433834545594,40.2743553057093,0.0499539609564407,214.7153739929636,0.8555168330606956,0.5456655753521402,0.0590892039500364,0.1460655165417372,0.0507201401489951,0.0269141157863033,0.0185887521038887,0.0311407978714511,0.0243009378416308,0.0202595537003521,0.0152421763688605,0.0132804208515739,0.0092651260351564,0.0129406318496603,0.0121792090156351,0.0118473652219133,0.0114833952400418,0.0090281362590553,0.0082599984621929,0.0073788757073876,0.0057518486853673,0.0069601301489133,0.0076918213991555,0.0066485543222709,0.0071637080999453,BRD-K59831625-001-03-9,DMSO,BR00116991,JUMP-Target-1_compound_platemap,BBDGBGOVJPEFBT-UHFFFAOYSA-N,LDN-212854,60182388.0,ABL1,ABL1|ACVR1|RIPK2,trt,,C1CN(CCN1)c1ccc(cc1)-c1cnc2c(cnn2c1)-c1cccc2ncccc12,compound
BR00116991,K02,3581.4703230653645,6417.256949661908,531.2171299774606,601.3568745304283,453.35537190082647,522.3936889556725,491.7028136557521,561.3003254721119,1.9106542359910328,0.7105103809373812,65.56261943489011,1.0,0.5724654978524666,0.5505166922919243,86.40975683762183,92.48299423048265,24.172122449371397,8.64562683633779,7.606210933297617,59.47307197215204,55.963038256052435,0.0236372952139352,284.2813696842124,0.8474254916059101,0.5189120643418528,0.058441807853656,0.1682784522952704,0.0544938888269049,0.0292315190295702,0.0226360371478678,0.0208499359245081,0.0289774179043254,0.0216816512862664,0.0149693193924393,0.0158463738522017,0.0109298651687544,0.0115656724560557,0.0116736638064471,0.0135669496936586,0.0118559421000258,0.0093196101306891,0.0088042085953504,0.0089021799626635,0.0067048788472416,0.0067502388833731,0.0073795258978142,0.0071670654379014,0.0080081939427888,BRD-K55567017-001-12-3,DMSO,BR00116991,JUMP-Target-1_compound_platemap,HKQYGTCOTHHOMP-UHFFFAOYSA-N,formononetin,5280378.0,ADH1C,ADH1C|SLC5A2,trt,,COc1ccc(cc1)-c1coc2cc(O)ccc2c1=O,compound
BR00116991,K03,4471.823064770932,8516.137440758293,555.6018957345972,592.7456556082149,466.0584518167457,501.6840442338072,510.4939629159947,546.6885836249777,2.037486470312823,0.763055214652435,73.2317909099629,1.0,0.5515483470860322,0.5209950475667445,103.9656318762341,109.63708169702598,25.732833839128737,9.223843542107277,8.16426199829697,64.36470466919211,59.66526404382662,-0.0365283560119439,328.6975943671846,0.8413496439954712,0.4724512828611267,0.0611367716063515,0.1558607310839025,0.0565001762755065,0.0352839089657431,0.0215858012970808,0.0219783336993516,0.032066925572168,0.0220918719359892,0.0155434516612546,0.0167747239219165,0.0104689154655476,0.0111321797811951,0.0117534171383944,0.0149112890973331,0.0120490161331079,0.0092279159863386,0.0088710017048166,0.008974034261875,0.0062151571619845,0.0064406619523354,0.0073543816205823,0.0071584772283311,0.0084944911849208,BRD-K07762753-001-05-1,DMSO,BR00116991,JUMP-Target-1_compound_platemap,RAMROQQYRRQPDL-HNNXBMFYSA-N,aminopurvalanol-a,6604931.0,CDK2,CDK1|CDK2|CDK5|CDK6,control,poscon_orf,CC(C)[C@H](CO)Nc1nc(Nc2cc(N)cc(Cl)c2)c2ncn(C(C)C)c2n1,compound
BR00116991,K04,3654.6234567901233,6806.343621399177,584.7510288065844,574.4636488340192,504.6364883401921,493.9883401920439,544.2801710273753,533.8424216251241,2.051945731605655,0.7208954409332629,65.75681940651491,1.0,0.5532615388477102,0.5217693470668914,88.5641429294863,95.0734067534686,23.78701954270916,8.440940548609095,7.404368374623334,60.35079998709658,56.22677352345878,0.0156871802668968,295.4281784256582,0.824915249617545,0.4973917744953297,0.0584638113714002,0.1638023692768773,0.0530095378747832,0.0310403116148079,0.0215630239572472,0.0221180935242355,0.0288099987626055,0.0216992302580483,0.0154845226573199,0.0160765367353542,0.0108375867313601,0.0114917422371698,0.0118904983617114,0.0141601281211911,0.0120212643176632,0.0093027850288527,0.0089428382562221,0.0092152841321574,0.0066028249111224,0.0065434722153599,0.0071301264865759,0.007151677216301,0.0085246883299404,BRD-K53972329-001-01-3,DMSO,BR00116991,JUMP-Target-1_compound_platemap,HFNKQEVNSGCOJV-OAHLLOKOSA-N,ruxolitinib,25126798.0,JAK1,JAK1|JAK2|JAK3|TYK2,control,poscon_cp,N#CC[C@H](C1CCCC1)n1cc(cn1)-c1ncnc2[nH]ccc12,compound
BR00116991,K05,3535.5755395683454,6269.0608240680185,538.9090909090909,599.6749509483323,461.5565729234794,521.699803793329,499.73640223562154,560.2566902965416,1.8907150150671117,0.7201714806320592,65.15751828945814,0.999345977763244,0.5734727480774474,0.5482257726809682,85.60683257331087,91.78785185317486,23.96292515628441,8.600765715987306,7.578598415751319,58.6140909421087,55.17734091102799,-0.0178845175762838,281.45118628802646,0.8520665156321681,0.5146718959784476,0.0578064025817255,0.1703848060346917,0.0553328177823714,0.0293583989582837,0.0211114048888056,0.0215560719275804,0.0295795296273173,0.0222395544646272,0.0147240782058508,0.0153629457702377,0.010761248284389,0.0117758012386355,0.0116506258709693,0.0138925653950348,0.0118216118829945,0.0093543169586277,0.0086695072374451,0.0089478038370865,0.0065577056403603,0.0067888008522551,0.007416776986747,0.0070287197683181,0.0079916140488805,,DMSO,BR00116991,JUMP-Target-1_compound_platemap,IAZDPXIOMUYVGZ-UHFFFAOYSA-N,DMSO,679.0,,,control,negcon,CS(=O)C,compound
BR00116991,K06,3359.036476256022,6122.173434273916,549.698554714384,568.5430144528561,473.55609084652446,491.35306262904334,511.2621304518517,529.5396187983632,2.2788427759983656,0.7122155558018979,63.55032189996901,0.9986235375086028,0.5608186058589651,0.4657100215812918,83.70732035517341,90.342051273373,22.750275180905703,7.938856017304618,6.876137060124238,58.942945432537606,54.86617933609391,0.0369577898515264,302.8026326280261,0.8161915453474883,0.5072112452415767,0.0576540972364655,0.1685412337761463,0.0532129792090626,0.0301930579203237,0.0211449785228723,0.02022868943948,0.0282893273524597,0.0214606131859924,0.0146936688065357,0.0160199666949737,0.0109008583160427,0.0113652957076415,0.0118062780569851,0.0142240955286745,0.0117761292424893,0.0092198774558938,0.0087200363797227,0.0094830763401366,0.0068731795069197,0.0065701769606306,0.007182894985894,0.0070679735981155,0.0085453848708995,,DMSO,BR00116991,JUMP-Target-1_compound_platemap,IAZDPXIOMUYVGZ-UHFFFAOYSA-N,DMSO,679.0,,,control,negcon,CS(=O)C,compound
BR00116991,K07,4018.087183308495,7098.559612518629,543.2630402384501,570.4157973174366,460.5245901639344,488.05514157973175,501.1836463875591,528.8046726944167,1.903929352729263,0.7141882912741551,69.48037960286167,1.0,0.5777297838061587,0.5489942993111373,90.789827273598,97.48055158365914,25.763552921950613,9.179232817567923,8.065821474060991,63.10309174983105,59.21927665822126,0.0186090497707271,301.0185466851537,0.8492680983590217,0.5202825884369453,0.0591664535606048,0.170363595616603,0.0550702060590362,0.0294758293400836,0.021347456676347,0.0212841372678588,0.0281704631518228,0.0217677171792138,0.0148709577930055,0.015678029970008,0.0107795879028225,0.0115210791894818,0.0120930955181218,0.0136015368175113,0.0116870166229979,0.0093673886541837,0.0087508304010208,0.0088245853744081,0.0065298206079597,0.0068148293776993,0.0072794631248239,0.00707057035047,0.0078789083726113,BRD-K16810791-001-01-0,DMSO,BR00116991,JUMP-Target-1_compound_platemap,XXYGTCZJJLTAGH-UHFFFAOYSA-N,LGK-974,46926973.0,PORCN,PORCN,trt,,Cc1cc(ccn1)-c1ncc(CC(=O)Nc2ccc(cn2)-c2cnccn2)cc1C,compound
BR00116991,K08,3037.7120141342757,5276.992932862191,541.1360424028269,564.1713780918728,472.5388692579505,494.7049469964665,506.4129792812803,528.9427099971809,1.761705989023412,0.7129957197594312,58.23112632716193,0.9982332155477032,0.5716835662695312,0.5964973992834283,75.77942913776326,80.04253336407227,21.699980956040147,7.890481528421987,6.986777792691887,52.31392218290852,49.83849551610994,0.0886405974704447,241.88378134995628,0.8625467793466954,0.533756513216699,0.0633704007299015,0.1615883679834182,0.0567233472684825,0.0305746523844736,0.0218062906899533,0.0226653976677236,0.0283798414840518,0.0224328749275831,0.0157924622023575,0.0153200433159937,0.010977226985672,0.0111524056123124,0.01192947903067,0.0132156574424744,0.0118685999581543,0.0092360544773879,0.0089171860598212,0.0089253222112268,0.0065896852040269,0.0067625955185158,0.007458435978153,0.0071783648955029,0.0076889555580334,BRD-K43236057-001-07-1,DMSO,BR00116991,JUMP-Target-1_compound_platemap,HSTZMXCBWJGKHG-CUYWLFDKSA-N,polydatin,5281718.0,ICAM1,ICAM1,trt,,OC[C@H]1O[C@@H](Oc2cc(O)cc(\C=C\c3ccc(O)cc3)c2)[C@H](O)[C@@H](O)[C@@H]1O,compound
BR00116991,K09,3500.354,6273.056,588.28,576.8613333333333,511.00933333333336,499.246,549.1987531878449,537.5254092665496,1.919009238707736,0.7186913259708725,64.6102050822299,1.0,0.5684891610844401,0.5448633004884404,85.4290057686034,91.4984301052467,23.69695872705406,8.468051652507238,7.447885764888767,58.686832052953655,54.947470620689494,-0.0237369658525568,281.07724520547544,0.8448124655775667,0.5121575216058597,0.0595776245228047,0.1676554091659633,0.0545998638458493,0.0305981759331777,0.0222788028148047,0.0206208588972825,0.0291928881066846,0.0218049589628923,0.0150611054853389,0.0161259970776572,0.0108473085404978,0.0113349266125318,0.0117284150604497,0.0138065097702068,0.0116887128859944,0.0093266497857153,0.0089598590440804,0.0090158932690797,0.0068418766662754,0.0066159702497267,0.0074320876271293,0.00722544229,0.0080565746567315,BRD-A51831848-001-01-7,DMSO,BR00116991,JUMP-Target-1_compound_platemap,JPGQOUSTVILISH-UHFFFAOYSA-N,enflurane,3226.0,ATP5F1D,ATP2C1|ATP5D|GABRA1|GABRA2|GABRA3|GABRA4|GABRA5|GABRA6|GABRB1|GABRB2|GABRB3|GABRD|GABRE|GABRG1|GABRG2|GABRG3|GABRP|GABRQ|GLRA1|GLRB|GRIA1|KCNA1|KCNK10|KCNK18|KCNK2|KCNK3|KCNK9|KCNN4,trt,,FC(F)OC(F)(F)C(F)Cl,compound
BR00116991,K10,4112.690336749634,7339.113469985358,612.0468521229868,566.7049780380673,529.1559297218155,481.9304538799414,570.0945137135183,523.7872778833895,1.9375397749722687,0.7093613135799095,70.24185697670669,0.9985358711566618,0.5722187983630408,0.5400549465539605,91.63546333947154,98.72508202619554,25.958708390144967,9.224865780440256,8.087442802449747,64.08960633991828,60.15010586187305,0.0158906442630973,306.74984908941957,0.8446442943754782,0.5191924056958673,0.0589333732754074,0.1699939093872407,0.0539213512231461,0.0290951294086045,0.0215390171468065,0.0217613271349423,0.0285680014924074,0.0213589930856862,0.0146184409214657,0.0156654701607454,0.0108484988213042,0.0112157746319398,0.0117170917874369,0.0135180265210221,0.0116342857415306,0.0094764869908623,0.0088185407577697,0.0091118416493433,0.0066238208076868,0.0066890110175605,0.0073303912697061,0.0070628902417102,0.0081720089256044,BRD-K13094524-001-04-2,DMSO,BR00116991,JUMP-Target-1_compound_platemap,TXZPMHLMPKIUGK-UHFFFAOYSA-N,PFI-1,71271629.0,BRD4,BRD4,control,poscon_cp,COc1ccccc1S(=O)(=O)Nc1ccc2NC(=O)N(C)Cc2c1,compound
BR00116991,K11,4182.104513064133,7954.3040380047505,569.3729216152019,603.3467933491686,487.02137767220904,517.2375296912114,527.6447803620384,560.000496788437,2.362983584890857,0.6891866780488102,69.00055453176974,1.0,0.5638539471511371,0.4924722202823137,91.76790846478248,99.26380807210438,25.340952401122895,8.836118321544248,7.653153958808136,64.44443040808817,59.964377098803155,0.069085207267261,332.3594258132251,0.8159864634069086,0.5192270849626469,0.0593967262485735,0.1631969310580222,0.0500997521192305,0.0308368228536101,0.0189474348937712,0.0248988342357809,0.0265835397112362,0.0191236996085651,0.0160512675062314,0.0143196783456207,0.0096629037499102,0.0112720679270975,0.0120077482606309,0.0122289038010712,0.0105791458300733,0.0098689845279832,0.0086903878994353,0.0083707913214203,0.0060828382239018,0.0069856940804425,0.0076162003825612,0.0071879712786644,0.0075199048327263,BRD-K86525559-001-07-8,DMSO,BR00116991,JUMP-Target-1_compound_platemap,IAYGCINLNONXHY-LBPRGKRZSA-N,AZD7762,11152667.0,CHEK2,CHEK1|CHEK2,control,poscon_diverse,NC(=O)Nc1cc(sc1C(=O)N[C@H]1CCCNC1)-c1cccc(F)c1,compound
BR00116991,K12,3732.6782820097246,6683.453808752026,570.2601296596434,599.4311183144247,491.2228525121556,519.2196110210697,530.3043939107048,558.6437066817728,1.9132432141093856,0.7264715023137095,66.4262802511195,1.0,0.5678954102724494,0.5461076943204846,88.0930769608542,94.6919432208671,24.4614651194464,8.75099639628454,7.692298739452913,59.70536051830847,56.02037938742703,-0.0254589721257097,288.7253292932774,0.8497512140754612,0.5055772506843533,0.0600707936984816,0.1679899405360615,0.0545295278475333,0.0316185388749236,0.0213663819343605,0.0215999104992718,0.0294988722763869,0.0217452340583656,0.0147691588408003,0.0156403426329813,0.0103247315609099,0.0116167437325712,0.0116028146994847,0.0139477439856132,0.0116251398741837,0.0095632165076691,0.0088443215350229,0.0087932434242466,0.0064428338097466,0.0067577451528964,0.0073912114585263,0.0070948956625859,0.0080822922477395,BRD-K16761703-001-03-8,DMSO,BR00116991,JUMP-Target-1_compound_platemap,OAVGBZOFDPFGPJ-UHFFFAOYSA-N,sotrastaurin,10296883.0,PRKCE,PRKCA|PRKCB|PRKCD|PRKCE|PRKCH|PRKCQ,trt,,CN1CCN(CC1)c1nc(C2=C(C(=O)NC2=O)c2c[nH]c3ccccc23)c2ccccc2n1,compound
BR00116991,K13,3650.005767844268,6665.402307137707,588.490987743331,541.718817591925,509.6683489545782,461.9077144917087,548.6686173736107,501.3492977694467,1.9487130642895172,0.7239264011312697,65.72503374593518,1.0,0.5627866601453951,0.5390707250166666,87.50495441279499,93.70204773770112,23.979826884388803,8.572736307858946,7.5329967385687855,59.445780157316634,55.69632295616955,0.019792755329875,288.5135653870197,0.8419755557884314,0.5074193656394189,0.0591132127330007,0.167359315345164,0.0548612619424273,0.0301520887168739,0.0218629004265641,0.0218879052494502,0.0296465245676826,0.0217014067021059,0.0150580518978288,0.015751232471285,0.0110286081814231,0.0112986316197936,0.0113822101897506,0.0138024877922768,0.0118293965624974,0.0091142907959798,0.0087916379419617,0.0091582584558318,0.006622617048604,0.0067548231850507,0.0075284213724518,0.0070012071696494,0.0080583386212563,,DMSO,BR00116991,JUMP-Target-1_compound_platemap,IAZDPXIOMUYVGZ-UHFFFAOYSA-N,DMSO,679.0,,,control,negcon,CS(=O)C,compound
BR00116991,K14,3364.2012779552715,6253.230031948882,596.4361022364217,592.8258785942492,519.6198083067093,516.1693290734825,557.2982278272375,553.7409516928037,1.8465988397423565,0.7397926567204562,63.11668246746856,1.0,0.5621283955414886,0.5752208038597845,86.65821988004855,91.69221481846424,23.08030458785921,8.367664249218377,7.399681935887578,55.02358673704864,52.00924007404627,0.0245293198505275,268.6559930435769,0.8628675947733772,0.5014078760983385,0.0603897323539867,0.1611022194503257,0.0564003562882158,0.0316001241251145,0.0209022829102611,0.0229891529949848,0.029381982925904,0.0226255334507636,0.0154826793192937,0.0151631409392176,0.0107274702619862,0.0118655143751405,0.0117182824984985,0.0137463097414518,0.0118911435732383,0.009388210238648,0.0089135565975892,0.0087658550613694,0.0066039582406386,0.0071302405168393,0.0075421813959544,0.0068390125994693,0.0079925302055124,BRD-K36055864-001-20-0,DMSO,BR00116991,JUMP-Target-1_compound_platemap,YPHMISFOHDHNIV-FSZOTQKASA-N,cycloheximide,6197.0,RPL3,RPL3,trt,,C[C@H]1C[C@H](C)C(=O)[C@@H](C1)[C@H](O)CC1CC(=O)NC(=O)C1,compound
BR00116991,K15,3601.0273858921164,6528.530290456431,595.7684647302905,588.8780082987552,517.1775933609958,508.9892116182573,556.1231949844289,548.5723283657026,1.9386936664999328,0.7242456934718695,65.73453701546873,1.0,0.5661647300121839,0.5417021892620055,87.89130502517678,94.38928495828586,24.042763258015057,8.59685698875381,7.556693246404727,59.335605008231745,55.6664768561394,0.0167030311717817,287.10799052250763,0.8434225149411618,0.5036670118003856,0.0596616601100311,0.1657440697263711,0.0545851196345433,0.0307161455369533,0.0215571731210666,0.0215406486310491,0.0293667680155386,0.021954505822295,0.0150713035030124,0.0157921342843693,0.0108610415959398,0.0113990994019663,0.0116703104565729,0.0140015850721057,0.0121018461058228,0.0093465985169577,0.008677755805214,0.0090330529087659,0.0065191590917801,0.0066355305106651,0.0073230721439114,0.0070990459273037,0.0082104267309446,BRD-K25243230-001-01-2,DMSO,BR00116991,JUMP-Target-1_compound_platemap,XNOPRXBHLZRZKH-DSZYJQQASA-N,oxytocin,439302.0,AVPR1A,AVPR1A|AVPR1B|AVPR2|OXTR,trt,,CC[C@H](C)[C@@H]1NC(=O)[C@H](Cc2ccc(O)cc2)NC(=O)[C@@H](N)CSSC[C@H](NC(=O)[C@H](CC(N)=O)NC(=O)[C@H](CCC(N)=O)NC1=O)C(=O)N1CCC[C@H]1C(=O)N[C@@H](CC(C)C)C(=O)NCC(N)=O,compound
BR00116991,K16,3771.570821529745,6757.589235127479,573.1033994334277,601.6012747875354,492.7691218130312,520.6260623229462,532.392421747387,560.6431181069822,1.9232995701200264,0.71491790852428,67.41694047342135,1.0,0.5705339382033763,0.54420007581364,88.28655319478578,94.99857309247147,24.92754053493208,8.874652794544712,7.791607162440959,61.24747133542796,57.49479711702554,0.0071642983747791,293.638808456281,0.8478841239638732,0.5168745466621979,0.0589714921434309,0.1700435690152549,0.0537982206919593,0.0302519474447924,0.021375782569582,0.021959841939652,0.0287401584435012,0.0217178499882925,0.0144948539811124,0.0156329454831533,0.0106024028725313,0.0112659599062518,0.0115051040820373,0.0138591077704833,0.0118882102359388,0.0095667511279716,0.0087698883746357,0.0088300387222315,0.0066057794928108,0.0068717290535816,0.0074900555747329,0.0070341739503497,0.0082548439596987,,DMSO,BR00116991,JUMP-Target-1_compound_platemap,IAZDPXIOMUYVGZ-UHFFFAOYSA-N,DMSO,679.0,,,control,negcon,CS(=O)C,compound
BR00116991,K17,3620.049217002237,5637.140939597315,574.3020134228188,562.8031319910515,501.1543624161074,490.26174496644296,537.1990999490682,525.9286471933455,1.516780533528313,0.5877063810793755,65.78504660813512,1.0,0.6592102066578716,0.7013135855091042,78.31267638260628,81.67634679250413,27.30490288905659,9.813930555411453,8.662340269690151,59.64016922496527,58.94067856454484,0.0785435880053344,254.10509737413997,0.9196747326376468,0.6771753611049997,0.0662636260644008,0.1377651274680096,0.0483979652429225,0.025205265417014,0.0183787384198808,0.0343838735973747,0.0212573087402354,0.0157856282928292,0.0149928660404483,0.0123375558156385,0.0090535272482499,0.015743384471396,0.0112642507163145,0.0089663323553464,0.0084931038850036,0.0089453612260617,0.0078438615030555,0.0065741057518406,0.0053054228775657,0.0081217209840593,0.0068694063719868,0.0059105594599922,0.0052985699939258,BRD-K00259736-001-16-4,DMSO,BR00116991,JUMP-Target-1_compound_platemap,IAKHMKGGTNLKSZ-INIZCTEOSA-N,colchicine,6167.0,TUBB3,GLRA1|GLRA2|TUBA1A|TUBA1B|TUBA1C|TUBA3C|TUBA3D|TUBA3E|TUBA4A|TUBB|TUBB1|TUBB2A|TUBB2B|TUBB3|TUBB4A|TUBB4B|TUBB6|TUBB8,trt,,COc1cc2CC[C@H](NC(C)=O)c3cc(=O)c(OC)ccc3-c2c(OC)c1OC,compound
BR00116991,K18,3689.170364500792,6677.828843106181,572.0198098256735,585.4698890649762,492.7472266244057,505.3637083993661,531.8541895589896,544.893593815559,1.8932959675637728,0.7203440770032079,66.1857978917305,1.0,0.5643286610781514,0.5556817606351657,87.72686000884681,94.10593997951304,24.44158501237497,8.741750699713787,7.692276006802931,59.84874113004064,56.284137033264535,-0.0157338151358043,285.000022579302,0.8479353926212918,0.5091733853412976,0.060415505093869,0.166399588407429,0.0541119302718298,0.0313719740409459,0.0217837895481879,0.0217326883835768,0.0286451528542674,0.0221523357509219,0.0152502508092007,0.0156339810068576,0.0108692933286742,0.0115679936748882,0.0114861459778989,0.0138806658460797,0.0120978771404364,0.0096007246919705,0.0086990718643046,0.0088400433791936,0.0066079921292809,0.0067129868777257,0.00721997762399,0.0071233565255053,0.0081493359670999,BRD-K04210847-001-21-9,DMSO,BR00116991,JUMP-Target-1_compound_platemap,TXUZVZSFRXZGTL-QPLCGJKRSA-N,afimoxifene,449459.0,PLD1,ESR1|ESR2|ESRRG|PLD1|PRKCD|PRKCE|PRKCQ|PRKCZ,trt,,CC\C(c1ccccc1)=C(/c1ccc(O)cc1)c1ccc(OCCN(C)C)cc1,compound
BR00116991,K19,3638.1131944444446,6555.1305555555555,576.71875,536.8354166666667,497.54791666666665,457.0597222222222,536.5225421144461,496.378318057629,1.9258100704090064,0.7170302281755222,66.15290946679332,1.0,0.5665910227280572,0.5424449765165331,87.42501298810059,93.885878011682,24.327494321900936,8.680431617440089,7.630125688049366,59.996667108190344,56.25365432714614,0.0456765742950703,288.0052649955564,0.8456950155834477,0.5107656999714897,0.0571700401193008,0.1694481348252244,0.0541402494516891,0.0297072585103097,0.0218770100349617,0.0216595716096074,0.0293449514234889,0.0221778940051168,0.0144689715715329,0.0157414090324177,0.0109790554643023,0.0115596814441345,0.011838765745015,0.0139183928596525,0.0119335308187807,0.0091260140326029,0.0086071375622173,0.0090217269453266,0.006554050487805,0.0065845232710658,0.0074518682844697,0.0073318432404754,0.0082329476198996,,DMSO,BR00116991,JUMP-Target-1_compound_platemap,IAZDPXIOMUYVGZ-UHFFFAOYSA-N,DMSO,679.0,,,control,negcon,CS(=O)C,compound
BR00116991,K20,3712.8780297107114,6729.007818608287,558.9132134480062,585.7787333854574,479.68021892103206,504.9530883502737,518.6639850333252,544.9156855435987,1.9352365886232672,0.7236821400830457,66.50128795955419,1.0,0.5654418377679833,0.543045633922116,88.36394806592449,94.724097847872,24.34280571436324,8.69349584614916,7.650447823067225,60.20506275954253,56.481266151648185,0.0116360179243273,290.37503959170493,0.842685040744463,0.5075680842309376,0.059640728331512,0.1669105323433815,0.0547095331584727,0.0311932783177459,0.0218768827645512,0.0211702380578466,0.0290517422801088,0.0219649813202379,0.0150579515421134,0.0159462932773384,0.0109059418773215,0.0114976236732966,0.01210784787374,0.0137754846073334,0.0119525864991481,0.0095875730956455,0.0086840500716794,0.0089371723142716,0.0067677738269986,0.0067999469333955,0.0072705172958706,0.0069808119245342,0.0082639498826694,BRD-K33882852-003-02-8,DMSO,BR00116991,JUMP-Target-1_compound_platemap,ALBKMJDFBZVHAK-UHFFFAOYSA-N,ZK-93423,121926.0,GABRB2,GABRA1|GABRA2|GABRA3|GABRA5|GABRB2|GABRG2,control,poscon_diverse,CCOC(=O)c1ncc2[nH]c3ccc(OCc4ccccc4)cc3c2c1COC,compound
BR00116991,K21,3758.0454545454545,7945.706818181819,631.8477272727273,616.6636363636363,548.9454545454546,533.8863636363636,590.7943908209184,574.5748429529299,2.4996434915511574,0.7106797776432611,64.85566367338402,1.0,0.5409356460961572,0.4854145721856988,93.11606575780884,99.50060016503367,22.714447760176977,7.891392395935261,6.843318282661835,60.73810871743528,55.4159565992886,0.0247270519582233,328.5419179020995,0.7983171316162818,0.5010570235688335,0.0572719103173794,0.1487652127415383,0.0511568988858734,0.030572216715135,0.0195674280176294,0.0259072871718748,0.0280150832645963,0.0200583011684765,0.0161269335413526,0.0155082086371763,0.0101021785657235,0.0117417008260046,0.0120525624483808,0.0132070539714053,0.0110722792768904,0.0093598931973204,0.00909461468002,0.0089327755171569,0.0063977845537003,0.0068728541126064,0.0076264993800963,0.007259036054868,0.0076834506843901,BRD-K20986415-001-02-6,DMSO,BR00116991,JUMP-Target-1_compound_platemap,XLSYZSRXVVCHLS-UHFFFAOYSA-N,RGB-286638,11285002.0,CDK9,CDK1|CDK2|CDK3|CDK4|CDK5|CDK6|CDK7|CDK9|FLT3|GSK3B|JAK2|MAP3K7|MAPK9,trt,,COCCN1CCN(Cc2ccc(cc2)-c2n[nH]c3-c4cccc(NC(=O)NN5CCOCC5)c4C(=O)c23)CC1,compound
BR00116991,K22,3782.423801369863,6746.244006849315,604.9751712328767,556.9503424657535,524.7765410958904,476.2183219178082,564.5816623101769,516.1779035718641,1.8900177314237736,0.7156560823438123,67.25656048615775,0.9991438356164384,0.5708973239396445,0.5549406984630492,88.49491886959552,95.15217712403356,24.946477130202055,8.909856160776592,7.821141195171127,60.619301692780574,57.085740055238574,0.005925837682975,290.2233048548228,0.8517812119597333,0.5153665141830568,0.0587909204218868,0.1689090297927329,0.0542198559698665,0.0294475058770041,0.0214462140386826,0.0221529607555414,0.0283213538034478,0.0218325921464547,0.0150504195004351,0.0154135819399307,0.0107739380700488,0.0116607396733533,0.0116767969907521,0.0134554069331539,0.0119569238788152,0.0093574089383925,0.0086308253151395,0.0090607043367108,0.0065580536779596,0.0068502807640836,0.0074158722905839,0.0071579217296207,0.0080888744724134,BRD-K87691185-001-01-2,DMSO,BR00116991,JUMP-Target-1_compound_platemap,XDFKWGIBQMHSOH-UHFFFAOYSA-N,FPS-ZM1,24752728.0,AGER,AGER,trt,,Clc1ccc(cc1)C(=O)N(Cc1ccccc1)C1CCCCC1,compound
BR00116991,K23,3752.9134054954206,6601.2148209825145,566.3630308076603,563.2572855953372,487.53205661948374,483.4995836802664,526.268636928954,522.892989479962,1.8026745184637412,0.716292246658235,66.82636445322771,0.9991673605328892,0.5794162635944309,0.5762417092298399,87.59987732224054,93.49217021130332,24.805483000026182,8.93086473175252,7.889413302569693,59.828883769625435,56.61547429763231,-0.0099498574988091,282.17408040938375,0.8611709216412938,0.5230205656887723,0.0583038683977963,0.1696901947771203,0.0558953072802174,0.029275855893658,0.0219996744764727,0.0218000070538308,0.0287597384347337,0.0220379992495167,0.0149120268905709,0.0155083076872285,0.0112194921927903,0.0118079139529415,0.0116627885881229,0.0136931329926315,0.0118946999112598,0.0093613489146702,0.0086816061960108,0.0089635163785599,0.0068212336277564,0.00684268651155,0.0072770992931137,0.006932560703772,0.0077788410257312,BRD-K56740996-001-02-1,DMSO,BR00116991,JUMP-Target-1_compound_platemap,ULYONBAOIMCNEH-HNNXBMFYSA-N,flindokalner,214350.0,KCNMA1,KCNMA1|KCNN4|KCNQ2|KCNQ4|KCNQ5,trt,,COc1ccc(Cl)cc1[C@]1(F)C(=O)Nc2cc(ccc12)C(F)(F)F,compound
BR00116991,K24,3855.029929577465,6984.765845070423,543.2227112676056,579.2112676056338,462.3978873239437,496.4876760563381,502.20348732159545,537.286376883766,1.873621514384077,0.7325272698259657,67.8775769341799,0.9991197183098592,0.5648446897350452,0.5566653071483578,91.06586848997732,97.03545922809757,24.71735539355034,8.869959452353811,7.83585315704828,61.013293327789974,56.953251745498854,-0.0343428288845717,292.33532690479507,0.8485340123169605,0.5043340048571484,0.0597720989688913,0.1651713097346846,0.0562995245026221,0.0318152737028168,0.0218604696973708,0.021099560402003,0.0298363915564953,0.0226134284652123,0.014985627614797,0.0159313450159303,0.0108553566114335,0.0114735747549163,0.0117344181928083,0.0141770247666789,0.012030834630381,0.0093032644941942,0.0087884050486584,0.0089480279724546,0.0064366456654976,0.0067270135870755,0.0072638888646101,0.0069342908772838,0.0083688459619238,BRD-K99616396-316-05-3,DMSO,BR00116991,JUMP-Target-1_compound_platemap,RAHBGWKEPAQNFF-UHFFFAOYSA-N,motesanib,11667893.0,KDR,FLT1|FLT4|KDR|KIT,trt,,CC1(C)CNc2cc(NC(=O)c3cccnc3NCc3ccncc3)ccc12,compound
BR00116991,L01,6404.70652173913,12314.99320652174,543.3505434782609,600.8451086956521,437.3464673913044,491.2690217391304,489.79209530863506,545.3544179366572,2.3678488697273328,0.7617965255699708,86.8472746815025,1.0,0.5392211663543723,0.4569860122836612,123.70902816147078,129.8689169079842,29.42115028823247,10.333230095614772,9.079736138379678,79.07663057374688,72.26616996934548,-0.0343982026561432,419.31700923385137,0.8086034803586883,0.4667583505482492,0.055529043782952,0.1567506245522831,0.0567743991082142,0.0333123691995313,0.0206321695382481,0.0214896910453067,0.0333285375454047,0.0221333497674977,0.0156070160181021,0.016503470658981,0.0105085980682254,0.0115320580827763,0.0118116924542476,0.014916983971745,0.0117507165812344,0.0092271496550545,0.0090331871938583,0.0095380299586681,0.0064408195346456,0.0064898860134879,0.0077346228799844,0.0073765080817144,0.0087563124697896,BRD-K43570081-001-02-4,DMSO,BR00116991,JUMP-Target-1_compound_platemap,QTQAWLPCGQOSGP-PHLMVCJGSA-N,geldanamycin,13017912.0,HSP90AB1,HSP90AA1|HSP90AB1,trt,,CO[C@H]1C[C@H](C)CC2=C(OC)C(=O)C=C(NC(=O)\C(C)=C\C=C\[C@H](OC)[C@@H](OC(N)=O)\C(C)=C\[C@H](C)[C@H]1O)C2=O,compound
BR00116991,L02,3383.431906614786,6112.20233463035,541.4714656290532,589.4059662775616,465.1738002594034,512.8767833981842,502.9152396855717,550.7169095062869,1.903719404061638,0.7200508227526682,63.61291529577329,1.0,0.5681993862517225,0.5524160033380768,84.41705497109996,90.21979894974704,23.370495268795857,8.368587249540639,7.371605736262278,57.48103779685239,54.04806158623914,0.0178507820087652,275.3981330249472,0.8456310371321785,0.5132020147588631,0.0586912271891155,0.1667641053742495,0.0551077260906794,0.0305796479867177,0.02233537467653,0.0207602391871427,0.0289025030444311,0.0220499760688718,0.0146479114971975,0.0158941362782984,0.0110558878466652,0.0120096391165185,0.0117233295485773,0.0136280576255838,0.0118149965667424,0.0095621017813608,0.0087297925464622,0.0091091489007172,0.006674867213784,0.0066728109453929,0.007316283229697,0.0071402951736599,0.0081295204880058,,DMSO,BR00116991,JUMP-Target-1_compound_platemap,IAZDPXIOMUYVGZ-UHFFFAOYSA-N,DMSO,679.0,,,control,negcon,CS(=O)C,compound
BR00116991,L03,3689.121517027864,6538.702012383901,535.7755417956656,576.9729102167182,456.9736842105263,498.33359133126936,495.7922345971083,537.1382261552866,1.8346303778829056,0.7145676292538813,66.14574105068674,1.0,0.57530091997376,0.5663290373930525,86.32894553295245,92.72139923232236,24.52876084579603,8.809922970403168,7.759224960787287,59.76935813235262,56.37189412786733,-0.0205170665839456,281.6166570542004,0.856683382902479,0.5201808047259845,0.0590014444387651,0.1709162452142006,0.0548673030784519,0.0296525953810929,0.0220369436435838,0.0210838041763515,0.028640811177685,0.0221870974809128,0.014507750526812,0.0154609552075327,0.010798039068123,0.0118452291552425,0.0115124300784836,0.0137665526862094,0.0117097520106378,0.009376920534046,0.0090857747185557,0.0088521398173538,0.0067023666631657,0.006677421452466,0.0072722263928281,0.0071724777540242,0.0078745134029617,BRD-K32292990-001-03-6,DMSO,BR00116991,JUMP-Target-1_compound_platemap,RONQPWQYDRPRGG-UHFFFAOYSA-N,CGP-53353,6711154.0,PRKCB,EGFR|PRKCB,trt,,Fc1ccc(Nc2cc3C(=O)NC(=O)c3cc2Nc2ccc(F)cc2)cc1,compound
BR00116991,L04,5383.940058479532,10908.33187134503,565.5526315789474,601.046783625731,465.530701754386,498.07163742690057,515.0331379554872,549.2269652789114,2.59730277724966,0.7429699382622348,80.11330502720476,1.0,0.5228295599210337,0.442138871004334,114.17251839219884,120.94810363439234,27.02863349367538,9.39855540626136,8.210172967711422,75.79606797585465,69.14640433508254,-0.0104127414586199,403.5801089317889,0.7774275469614625,0.4621227622039378,0.0579294183716434,0.1524120234476847,0.0541577404757577,0.0337380611103854,0.0220200619716263,0.0208532486570729,0.0322125207484279,0.0201919575123918,0.0160468142957576,0.0175108566659542,0.0107297320949756,0.0107374447193874,0.0122240851048088,0.0143158970735392,0.0113853824896498,0.009482305504027,0.0094637993626183,0.0097791232844143,0.0064299391057171,0.0068797151460373,0.0076503049904872,0.0078269270244209,0.0086368844098143,BRD-K45293975-001-02-0,DMSO,BR00116991,JUMP-Target-1_compound_platemap,PBCZSGKMGDDXIJ-KRUBCLEUSA-N,7-hydroxystaurosporine,3078519.0,PDPK1,CHEK1|MARK3|PDPK1,trt,,CN[C@@H]1C[C@H]2O[C@@](C)([C@@H]1OC)n1c3ccccc3c3c4[C@H](O)NC(=O)c4c4c5ccccc5n2c4c13,compound
BR00116991,L05,3526.0820385332504,6318.719701678061,557.0348042262275,563.2392790553139,479.4717215661902,485.65630826600375,517.7487756995795,524.1291157981095,1.8685147682085417,0.7101445881941583,64.88253727751578,0.9993784959602238,0.5694041587997132,0.5578979081132155,84.56337756013554,90.78740052224371,24.03246994048363,8.611952913559191,7.572071015522038,58.96034888760272,55.49647817212086,0.0185573319573272,278.60805697511586,0.8504995748487402,0.5223671521152247,0.0596365103171709,0.1695581619486592,0.0545353031566376,0.0293990782728085,0.0224759662900345,0.02083215309999,0.0286877881610138,0.0215847618818915,0.0150552190926279,0.0158904183878805,0.0109054977515828,0.0112974139091435,0.0119801936863573,0.0132814027717848,0.0116928741956973,0.0092806954462014,0.0084609159028643,0.0088605476891155,0.0067690250548811,0.0069656969965322,0.0073807124627003,0.0071869898874043,0.0079051990621211,,DMSO,BR00116991,JUMP-Target-1_compound_platemap,IAZDPXIOMUYVGZ-UHFFFAOYSA-N,DMSO,679.0,,,control,negcon,CS(=O)C,compound
BR00116991,L06,3614.2461439588687,6512.561053984576,572.4717223650385,582.8856041131105,494.2834190231362,503.34447300771205,532.8333843145405,542.5141386709637,1.9066054221641269,0.7249994781178005,65.59516930707336,1.0,0.5659481051403065,0.5503202389942674,87.15178672797948,93.49890765603222,24.04308223316734,8.62260470896788,7.592717127019546,58.91026777899549,55.412577235040494,0.025658332090807,284.49079957224063,0.8480379935270717,0.508413456867106,0.0592121757736252,0.1680151385210328,0.0549325857649068,0.031014466028162,0.0212225269458148,0.0209040026420996,0.0294284527548785,0.0222091320689364,0.0149690444104666,0.0153275781747316,0.0107964443369718,0.0115817525569111,0.0117864405501857,0.0141338424086528,0.012002684398027,0.0095091822576815,0.0087533390470142,0.0089904936485365,0.006601021797828,0.0065561281417958,0.0073782095029139,0.0070274642103821,0.0081550083991445,,DMSO,BR00116991,JUMP-Target-1_compound_platemap,IAZDPXIOMUYVGZ-UHFFFAOYSA-N,DMSO,679.0,,,control,negcon,CS(=O)C,compound
BR00116991,L07,3733.074099722992,6679.203601108034,568.8026315789474,603.9127423822715,489.6198060941828,522.9009695290858,528.6255701630423,562.9918223835966,1.8844674431597703,0.720556857113961,66.90480018582487,0.9986149584487536,0.5695722487346462,0.5554979247979595,88.26990911996772,94.55731649169508,24.687411947509496,8.832197685735458,7.765504994252124,60.43285272232078,56.757545125191065,-0.0621089369664869,288.4138350197074,0.8504080837885745,0.5136725848789634,0.0594935109383398,0.1679881064859173,0.0549061862668505,0.0305247999756518,0.0211803464699189,0.0218557612193854,0.0288312944518775,0.0219200405308255,0.0150998771315372,0.0154676628930451,0.0106408449293904,0.0114850769446213,0.0119286955488504,0.0138587602560978,0.0119611473329324,0.0093619153892887,0.008733805694713,0.0088743211485518,0.0067319235789026,0.0066247848004044,0.0072060857570346,0.0069421576553207,0.0081057303827037,BRD-K37355418-236-01-6,DMSO,BR00116991,JUMP-Target-1_compound_platemap,BNFRJXLZYUTIII-UHFFFAOYSA-N,efaproxiral,122335.0,HBB,HBA1|HBB,trt,,Cc1cc(C)cc(NC(=O)Cc2ccc(OC(C)(C)C(O)=O)cc2)c1,compound
BR00116991,L08,3904.489016236867,7805.523400191022,567.9770773638968,605.2999044890163,482.505253104107,517.4364851957976,524.7728868069847,560.776782147929,2.1846408713017973,0.7711252387384232,68.47799415811077,0.9990448901623686,0.5287647096723707,0.4950541921945894,98.90157242427162,106.0290613172993,23.68505477201289,8.41291432347058,7.39194729383332,61.34647955241331,56.28405641644976,-0.0484048706085617,317.5531025727823,0.8129451102436623,0.4456113783312132,0.0572397746014014,0.1552561182266766,0.0538610952116314,0.0351629237721114,0.0202665979870696,0.0234622449231256,0.0322055560650852,0.0222217596495984,0.0156938188765253,0.0162602579883397,0.0099475080409312,0.0110007165271138,0.0117561291947801,0.0153098560477352,0.0120533207617409,0.0094344541488588,0.0090636168475353,0.009316543464472,0.0061448463885322,0.0066924177407282,0.0073235490782749,0.0071036088522642,0.0088144132171831,BRD-A37704979-001-12-3,DMSO,BR00116991,JUMP-Target-1_compound_platemap,CDMGBJANTYXAIV-UHFFFAOYSA-N,SB-203580,176155.0,MAPK14,AKT1|ALOX5|CHEK1|CYP2D6|CYP3A4|GAK|GSK3B|LCK|MAPK1|MAPK10|MAPK11|MAPK12|MAPK14|MAPK8|MAPK9|PRKCA|RAF1|RIPK2|ROCK1|RPS6KB1|SGK1|SRC|TNF,control,poscon_orf,CS(=O)c1ccc(cc1)-c1nc(c([nH]1)-c1ccncc1)-c1ccc(F)cc1,compound
BR00116991,L09,3527.861047835991,6273.345482156416,571.3264996203493,607.4677296886864,493.2293090356871,530.336370539104,531.8917437282963,568.1641288111525,1.861520733153252,0.7059858101181243,65.13188116033658,1.0,0.5738204723283095,0.5591912889036966,84.96006534936681,90.96459515878524,24.038941914078425,8.624580445069492,7.602140774991224,59.14915668200554,55.75602205086263,0.0359827213922542,278.8470826784427,0.8515244219271005,0.5246667450082986,0.0601418418908865,0.168460551952341,0.0536072236684751,0.0300096659264561,0.0231538396074376,0.0208071822054801,0.0275969842313683,0.02167698955298,0.0153271526203657,0.016094602818076,0.0113104439465079,0.0115103622501542,0.0117457225178543,0.0136127838123284,0.0117880114589094,0.0092434255015424,0.0087493475769963,0.0089605230994956,0.0066769352293957,0.0067763895405307,0.0073192604894665,0.0071636877259137,0.0080986155477142,BRD-K58550667-001-08-7,DMSO,BR00116991,JUMP-Target-1_compound_platemap,KPBNHDGDUADAGP-VAWYXSNFSA-N,FK-866,6914657.0,NAMPT,NAMPT,control,poscon_diverse,O=C(NCCCCC1CCN(CC1)C(=O)c1ccccc1)\C=C\c1cccnc1,compound
BR00116991,L10,3902.717041800643,6906.916398713826,576.1487138263666,558.556270096463,495.5176848874598,476.4799035369775,535.274794416863,517.0673676037151,1.8762512841424677,0.7153762837454893,68.35382540977507,1.0,0.5745261767005387,0.5539664191040878,89.36330270148561,95.78072808826956,25.340847177904916,9.051465817601263,7.960228754877991,61.811649046346,58.279019144244096,0.0426556982610806,293.8339486332473,0.8536234792209768,0.5191316810117391,0.0601495056905165,0.1693196359036229,0.0551463175282262,0.0297526368149197,0.0217054232625454,0.020690757230576,0.0285885179055688,0.0214477879922543,0.0150120953519584,0.0159006213932867,0.0112143120696109,0.0118089345055949,0.0117079450516637,0.0132099713410658,0.0116810526345488,0.0095766353094013,0.0087517387395672,0.0090823574680322,0.0068080534383622,0.0067139506088355,0.0072867116932311,0.007089603304997,0.0080240240701691,BRD-A91008255-003-24-8,DMSO,BR00116991,JUMP-Target-1_compound_platemap,UIEATEWHFDRYRU-UHFFFAOYSA-N,bepridil,2351.0,TNNC1,ATP1A1|CACNA1A|CACNA1H|CACNA2D2|CALM1|KCNQ1|KCNQ4|PDE1A|PDE1B|TNNC1,trt,,CC(C)COCC(CN(Cc1ccccc1)c1ccccc1)N1CCCC1,compound
BR00116991,L11,4645.922413793103,9063.786637931034,569.9030172413793,581.9181034482758,477.38793103448273,490.70043103448273,522.7117017569435,535.5469070959668,2.1424782782956453,0.7138178384341877,73.91186349959561,1.0,0.5620028013833208,0.5292881513496728,104.03621046001308,111.65431270395038,26.735041851404524,9.423565342018538,8.22998870659021,66.19141835346898,61.76224817477648,-0.0068805404246926,341.89008418578607,0.83923971616639,0.5062053737541831,0.0559586126323951,0.1537378203175646,0.0516161598596429,0.0291659041813257,0.0194488925527102,0.028648234037465,0.0277071407039413,0.0198051191695446,0.0157742419207527,0.014919284435625,0.0097561759299791,0.0117444213036011,0.0118344140656902,0.0130594127140562,0.0109975723533072,0.0092537210639419,0.0088268470426378,0.008420634958649,0.0057378658091238,0.0070280992926703,0.0074774515138002,0.0071243890916632,0.0079277758693011,BRD-K59325863-001-04-4,DMSO,BR00116991,JUMP-Target-1_compound_platemap,SJFBTAPEPRWNKH-CCKFTAQKSA-N,delanzomib,24800541.0,CTSG,CMA1|CTSG|CYP3A4|ELANE,trt,,CC(C)C[C@H](NC(=O)[C@@H](NC(=O)c1cccc(n1)-c1ccccc1)[C@@H](C)O)B(O)O,compound
BR00116991,L12,3224.3132530120483,5052.666092943201,571.8571428571429,592.4647160068847,502.6265060240964,524.1256454388985,536.5983999841646,557.7803016870697,1.515030970876002,0.6172204729145571,61.76666669789281,1.0,0.6509246430716599,0.6912785714264678,74.64655981621485,77.42644863496487,25.06792048649826,9.079697467080836,8.037643343011673,55.81203599034581,54.625676437718,0.054115572144915,238.41112205788423,0.9128490909771731,0.6548683487835439,0.0641863948923595,0.1459618790468811,0.0532633059012249,0.0244812471590618,0.0189413110841496,0.0319727670038537,0.0234568683459758,0.0181351592763645,0.0144444044629555,0.012259377688889,0.0091328251771245,0.014196883099364,0.0114117038217235,0.0101215123087989,0.0092199325785211,0.0089865050154092,0.008005982024225,0.0070524867705807,0.0057903090766809,0.0073668227560022,0.0070067825444895,0.0066000175323746,0.0056631879995642,BRD-K42191735-001-08-7,DMSO,BR00116991,JUMP-Target-1_compound_platemap,CWHUFRVAEUJCEF-UHFFFAOYSA-N,buparlisib,16654980.0,PIK3CG,PIK3CA|PIK3CG,control,poscon_diverse,Nc1cc(c(cn1)-c1cc(nc(n1)N1CCOCC1)N1CCOCC1)C(F)(F)F,compound
BR00116991,L13,3541.9588563458856,6354.295676429568,557.3786610878661,541.1715481171548,479.8319386331939,463.3186889818689,518.2210365060206,501.5780721671562,1.917069894843628,0.7152366011333883,64.7761863164231,1.0,0.566515129693693,0.5466645554364733,85.26940891642664,91.65257267677704,23.909950652622346,8.533892620695136,7.49250677276136,58.787723915424245,55.32759630957066,-0.0148875571585029,281.5803539734428,0.8439082801610848,0.5133009270597043,0.0601705033224408,0.1670330441651751,0.0540829065016669,0.0307923098463243,0.0218175001820099,0.0214255323926877,0.0282864839981219,0.0216934701334367,0.0153043466403642,0.015827393671329,0.0108974597880268,0.011437859958429,0.0117851396334461,0.0139120007029844,0.011813760624583,0.0092318658789842,0.0087038482642385,0.0089509630776198,0.0067733651224475,0.0068294122374078,0.0073903305769906,0.0070239987311341,0.0081204988213681,BRD-K10843433-001-23-5,DMSO,BR00116991,JUMP-Target-1_compound_platemap,VYMDGNCVAMGZFE-UHFFFAOYSA-N,phenylbutazone,4781.0,PTGIS,PTGIS|PTGS1|PTGS2,trt,,CCCCC1C(=O)N(N(C1=O)c1ccccc1)c1ccccc1,compound
BR00116991,L14,4295.816692667707,7644.01872074883,588.4726989079563,559.6131045241809,503.0117004680187,473.2472698907956,545.3495292382172,515.9261556249199,1.9612545691348868,0.7279750203039229,71.71793662647347,1.0,0.5702728617890139,0.5376183191505394,95.62780070681968,102.4110448275991,26.349376822573415,9.37917105464824,8.23301515079594,64.63344201808408,60.55960425703745,-0.0170631690557649,314.3980010214155,0.8446094469233113,0.5070478305743565,0.0589254081574037,0.1664193383376611,0.0548146347364092,0.0308504125372758,0.0211528492565527,0.0223519693523879,0.0291882074764509,0.0217587355242562,0.014916415784792,0.0154085624302372,0.0106247871253954,0.0117394938038433,0.0118495301024554,0.0137733236560876,0.0116521777658429,0.0094737738165336,0.0089931897424322,0.0089029236138043,0.0064790556332557,0.0067349944147054,0.0074746151637364,0.0069245556665011,0.008166217037196,BRD-K97010173-001-04-1,DMSO,BR00116991,JUMP-Target-1_compound_platemap,BOFQWVMAQOTZIW-UHFFFAOYSA-N,deferasirox,,CYP3A4,CYP3A4,trt,,OC(=O)c1ccc(cc1)-n1nc(nc1-c1ccccc1O)-c1ccccc1O,compound
BR00116991,L15,3710.383642495784,6678.347386172007,544.8010118043845,584.2015177065767,465.68465430016863,503.52698145025295,504.5206189312049,543.2551079332214,1.915396736739148,0.7090137528240092,66.7118438250067,0.9983136593591906,0.5696074706007852,0.5484121278635047,87.33485042288041,93.80686197020896,24.70467522978705,8.812576366319785,7.743334984351354,60.796205113250906,57.201071826639875,-0.0252999125611422,289.7110662218506,0.8467787474314918,0.5197130631064454,0.0598303678349589,0.1688031980479412,0.0534641871721122,0.0296278607080779,0.0220498455673915,0.0214810759210369,0.028112128291138,0.0210635880674264,0.0151700170663362,0.0160145379199303,0.0114056967324515,0.0116592200735006,0.0119520032649385,0.0130392183520137,0.0116577199401171,0.0092773596060199,0.0088936312413435,0.0090424929608162,0.0068096716418997,0.0068185572656001,0.0074650594942854,0.0072367513180358,0.008090850428384,,DMSO,BR00116991,JUMP-Target-1_compound_platemap,IAZDPXIOMUYVGZ-UHFFFAOYSA-N,DMSO,679.0,,,control,negcon,CS(=O)C,compound
BR00116991,L16,2915.057809330629,5207.979716024341,570.0486815415821,552.4503042596349,499.8549695740365,481.28803245436103,534.3786283876353,516.1916867240449,1.803210919181299,0.7233792809648524,59.17410156379675,1.0,0.5710856227317459,0.5755868168538459,78.0898556262288,83.12464126891585,21.826607489391343,7.898092099887151,6.987063561996339,53.18130069617495,50.250982219420806,0.0171005538769541,249.32447965752684,0.8576397403061884,0.516272497026175,0.0618500958277112,0.1667543074298876,0.0561339154771724,0.0320852892382478,0.0223854978379508,0.0203698192380934,0.0297672011440508,0.0222291528477752,0.0153682197864044,0.016138359801946,0.0107923234684338,0.0113323631579711,0.011708264819179,0.0137688174163458,0.0118078073372683,0.0097451305810613,0.0086046558415681,0.0087702826096053,0.0067000872907996,0.006755114309571,0.0074002983900175,0.0068823628756301,0.0079017789770169,BRD-K86930074-001-05-0,DMSO,BR00116991,JUMP-Target-1_compound_platemap,XXJWYDDUDKYVKI-UHFFFAOYSA-N,cediranib,9933475.0,CSF1R,CSF1R|FLT1|FLT3|FLT4|KDR|KIT|PDGFRA|PDGFRB,trt,,COc1cc2c(Oc3ccc4[nH]c(C)cc4c3F)ncnc2cc1OCCCN1CCCC1,compound
BR00116991,L17,3611.0652492668623,6517.807917888563,545.4868035190616,581.1686217008797,467.6356304985337,500.87390029325513,505.85455166693293,540.5885138739126,1.9120936199605476,0.7158954552895019,65.82236050754226,1.0,0.5669393697279302,0.5481727849752742,86.90000905960976,93.3553862726351,24.23363956430108,8.660653945964704,7.609270810095392,59.5797725416669,56.0083592051379,-0.0093323597515939,285.93869421310325,0.8466529335304298,0.5124093582133388,0.0588861030687902,0.1680200780396839,0.0541032491470563,0.029841933962607,0.0215745776395813,0.022133785777391,0.0288909933337935,0.022031846502575,0.0147976762385226,0.0155193533354574,0.0111671259038464,0.011889180973543,0.0115601164944256,0.0138329414696583,0.0117159726533565,0.0092075670584705,0.0086454605193486,0.0091598693437507,0.0066422462169037,0.0069701231672472,0.0073018293485068,0.0071915706193496,0.0078705109387099,BRD-A31564021-001-02-6,DMSO,BR00116991,JUMP-Target-1_compound_platemap,PIWKPBJCKXDKJR-UHFFFAOYSA-N,isoflurane,3763.0,ATP5F1D,ATP2C1|ATP5D|CALM1|GABRA1|GABRA2|GABRA3|GABRA4|GABRA5|GABRA6|GABRB1|GABRB2|GABRB3|GABRD|GABRE|GABRG1|GABRG2|GABRG3|GABRP|GABRQ|GLRA1|GLRB|GRIA1|KCNA1|KCNK10|KCNK18|KCNK2|KCNK3|KCNK9,trt,,FC(F)OC(Cl)C(F)(F)F,compound
BR00116991,L18,3888.932549019608,6978.9623529411765,565.16,588.4956862745098,484.50745098039215,505.52392156862743,524.2581816074926,546.3418728028412,1.92694277743838,0.7262186182630467,68.18833563442963,1.0,0.5679710953077852,0.543859007254225,90.4204857620537,97.35127679901782,25.07057463771192,8.952792387360908,7.863155468441118,61.33219293368288,57.62017714693178,0.0383374084756822,296.95420404628936,0.8460902173485915,0.5067854129069442,0.0591346159997991,0.168822391721569,0.0546777004191306,0.0307321169035881,0.0211243586652329,0.0214851230230017,0.0291720764486091,0.0223196480536032,0.0151039249940836,0.0153581283595343,0.0107274909110574,0.0112867241951003,0.0114424731137235,0.0138295866503265,0.0118049951023109,0.0095436209176168,0.0087592286509825,0.0087767209887745,0.0065460359564354,0.0068114965496233,0.0073408445509398,0.0070142891260626,0.0080874668132813,,DMSO,BR00116991,JUMP-Target-1_compound_platemap,IAZDPXIOMUYVGZ-UHFFFAOYSA-N,DMSO,679.0,,,control,negcon,CS(=O)C,compound
BR00116991,L19,3634.72803030303,6510.731060606061,609.1484848484848,590.0037878787879,530.8371212121212,510.45378787878786,569.6172274150612,549.6314241837396,1.8994511849817135,0.7130545359923512,65.9658384261597,1.0,0.5711731969863824,0.5522286507311661,86.62172412237848,93.10479357473916,24.438803788311613,8.729726085036345,7.669955495993011,59.72620501408106,56.30920354436145,0.0152135651718489,285.3686918315184,0.8496307446234561,0.5170142643220746,0.0611412275370772,0.1672735413082017,0.0539181079454484,0.0305651644752708,0.021688223494516,0.0218739985787907,0.0278386989740868,0.0215455605527848,0.0154065618411342,0.0153352886829768,0.0110264696636127,0.0115281116173206,0.0118168629818837,0.0134304176673114,0.0119061383412643,0.0092563208122936,0.0087785185374426,0.0090364247018739,0.0066354816789693,0.0068152604572794,0.0072034498161188,0.0071488993531119,0.0081976912865034,BRD-K08893438-001-06-4,DMSO,BR00116991,JUMP-Target-1_compound_platemap,QUIIIYITNGOFEI-UHFFFAOYSA-N,CCG-50014,2733079.0,RGS4,RGS4|RGS8,trt,,Cc1ccc(cc1)-n1sc(=O)n(Cc2ccc(F)cc2)c1=O,compound
BR00116991,L20,6079.515151515152,11045.85399449036,588.7134986225896,619.0633608815427,488.9931129476584,516.4807162534436,538.1033242209802,567.2670600015241,2.0726331367385344,0.727831243256418,83.7299233024161,0.9944903581267218,0.5579148877786994,0.5123443718783895,111.99650261315544,119.87148095843898,30.16172797909721,10.660447196879,9.378511222828951,76.44783205524283,71.18016027839246,0.0610817973370116,379.06359276670406,0.8355283305967882,0.5007225514021293,0.0605480024783515,0.163644894335043,0.0540850670649707,0.0326653792429471,0.0215927035101035,0.0205943100810542,0.030511025903172,0.0212942713527518,0.0152328045700515,0.0159603073634578,0.0107590684115131,0.0112571149166056,0.0118841857411477,0.0140754692497991,0.0117341755803317,0.0093371682965031,0.0086572265285926,0.009043434523765,0.0065516644421726,0.0064308986126514,0.0076258252764163,0.0071658982238399,0.0082247118358183,BRD-K93788137-001-04-1,DMSO,BR00116991,JUMP-Target-1_compound_platemap,POJZIZBONPAWIV-UHFFFAOYSA-N,PF-431396,11598628.0,PTK2B,PTK2|PTK2B,trt,,CN(c1ccccc1CNc1nc(Nc2ccc3NC(=O)Cc3c2)ncc1C(F)(F)F)S(C)(=O)=O,compound
BR00116991,L21,4212.915686274509,7593.170588235294,560.8039215686274,601.5137254901961,478.3705882352941,516.1607843137255,518.7922263882358,558.045988277452,1.9211456484991705,0.6865280847276671,70.18106775018626,1.0,0.5789375749965838,0.5636014385007218,92.4127166247105,98.1086056077475,26.042257711467247,9.28319530455801,8.178480740433551,63.86430903671945,60.097334160387874,0.0076953429594664,306.3615899129028,0.8522086388717589,0.5437281762881926,0.0588998645592132,0.1593791350397728,0.0525895317110833,0.0290172803155497,0.0221650075712758,0.0253349515244078,0.028027237861988,0.0208213159466096,0.0142868190583901,0.0151704634845501,0.0105582798922948,0.0118496226885303,0.0120769656241649,0.0127711668274801,0.010943666805792,0.0092546094919455,0.0087617087126579,0.0085637324937353,0.0063976091736821,0.0067984356708783,0.0073682177936583,0.0070302409929253,0.0074802623908312,BRD-K14560436-001-01-4,DMSO,BR00116991,JUMP-Target-1_compound_platemap,VXBAJLGYBMTJCY-NSCUHMNNSA-N,TG-02,16739650.0,CDK9,CDK1|CDK2|CDK7|CDK9|FLT3|JAK2,trt,,CN1C\C=C\CCOc2cccc(c2)-c2ccnc(Nc3cccc(C1)c3)n2,compound
BR00116991,L22,3751.372905027933,6735.914106145251,599.4448324022346,576.5132681564246,519.7122905027933,496.2737430167598,559.0352626591847,535.6976439361756,1.9013187396020044,0.7175396669859665,66.86934921734164,0.9986033519553073,0.5732004178552204,0.5513064448480213,88.05525890385759,94.65119588247036,24.628465687569804,8.814847945113925,7.755107849875621,60.4724175547172,56.76953929010228,0.0286230635727744,290.03231798920183,0.8505420733818493,0.5143694254653726,0.0576649693576137,0.1703831152774373,0.0542744989990075,0.0300777676486808,0.0214170559084709,0.0224280920773769,0.0288623469163111,0.0220736030563038,0.0147474991748502,0.0154022486530059,0.0108905175688291,0.0113873695740274,0.0116632083668572,0.0136925377990542,0.0118139328741054,0.0094583394600495,0.0086456857187924,0.0089078709617905,0.0064746193775524,0.0067012142252262,0.0072667784430478,0.0069842914663789,0.0081131652446266,BRD-K01826724-003-07-9,DMSO,BR00116991,JUMP-Target-1_compound_platemap,KPYSYYIEGFHWSV-UHFFFAOYSA-N,baclofen,2284.0,KCTD16,GABBR1|GABBR2|KCTD12|KCTD16|KCTD8,trt,,NCC(CC(O)=O)c1ccc(Cl)cc1,compound
BR00116991,L23,3285.381467181467,5886.66640926641,608.4849420849421,584.7683397683397,534.5003861003861,508.65173745173746,570.8523704415937,546.1856759710334,1.851919605644172,0.7282706340000713,62.73849103862603,0.9992277992277993,0.5723709335869503,0.5638720215284618,83.33456856437247,88.96824472733199,23.128733269720552,8.310234145708137,7.324232678087271,56.05815637935746,52.75053880608053,0.088542244905428,268.4722988043616,0.8561067513456037,0.5101464239262469,0.0597481611514946,0.1688191637899516,0.056693165080645,0.030593222271639,0.021616350106788,0.0206281220636189,0.0300310233204024,0.0221796663553634,0.0146778246362467,0.0159545920342327,0.0106747292906265,0.0114022294561599,0.0117758893650673,0.0139452602542948,0.0119134439913892,0.0093669958845253,0.008764503329707,0.0087907309919522,0.0065370847939055,0.0067674941124085,0.0073888060255369,0.0070975774132247,0.0080078083339301,BRD-A20697603-001-07-2,DMSO,BR00116991,JUMP-Target-1_compound_platemap,NSFFHOGKXHRQEW-DVRIZHICSA-N,thiostrepton,101290202.0,FOXM1,FOXM1,trt,,CCC(C)C1NC2C=Cc3c(cc(nc3C2O)C(=O)OC(C)C2NC(=O)c3csc(n3)C(NC(=O)C3CSC(=N3)\C(NC(=O)C(NC(=O)c3csc(n3)C3(CCC(=NC3c3csc2n3)c2nc(cs2)C(=O)NC(=C)C(=O)NC(=C)C(N)=O)NC(=O)C(C)NC(=O)C(=C)NC(=O)C(C)NC1=O)C(C)O)=C/C)C(C)(O)C(C)O)C(C)O,compound
BR00116991,L24,3991.179531656548,7148.490893321769,609.9765828274068,605.4371205550738,527.642671292281,523.0494362532523,568.231944141086,563.9990602080514,1.8834256644396292,0.7309472752104734,68.67063494972257,0.9991326973113616,0.5697297759371193,0.5539883773707525,91.35554325650314,97.8806414457812,25.17496224959092,9.020541710713433,7.951255761369779,61.6234672202169,57.88651430409357,0.0320744099197983,296.2394654419745,0.8510341928347603,0.5055770958053128,0.0598940710774547,0.1674565936006929,0.0557564267306576,0.0312074923126341,0.0216661665773653,0.0208533001260456,0.0299407886423571,0.0224568850953007,0.0147925076551026,0.0156172833072468,0.0106351216759927,0.0117203088836302,0.0114782290565111,0.0140506663505483,0.0119574401927274,0.0094104903071242,0.0088781091181156,0.0087881610619655,0.0063902064753384,0.0066594219700017,0.0073998859350694,0.0071460387252681,0.0081462724003302,BRD-K44067360-001-29-5,DMSO,BR00116991,JUMP-Target-1_compound_platemap,LPEPZBJOKDYZAD-UHFFFAOYSA-N,flufenamic-acid,3371.0,GJB4,AKR1C3|ANO1|AR|GJA1|GJA10|GJA3|GJA4|GJA5|GJA8|GJA9|GJB1|GJB2|GJB3|GJB4|GJB5|GJB6|GJB7|GJC1|GJC2|GJC3|GJD2|GJD3|GJD4|GJE1|PANX1|PANX2|PANX3|PKD2L1|PTGS1|PTGS2|TRPC5|TRPM2|TRPM5,trt,,OC(=O)c1ccccc1Nc1cccc(c1)C(F)(F)F,compound
BR00116991,M01,3343.3276216586705,5960.6120630568885,554.122001370802,555.3241946538725,479.3584647018506,478.48320767649074,516.2218406845052,516.4703025373332,1.8999470314665432,0.726313584371475,63.36069298233069,1.0,0.5713108595570499,0.5480295601475118,84.14823985984316,89.8826350984096,23.259693873578012,8.340214609987116,7.3466056738841905,56.84320466972454,53.43331890572721,0.0597416674300204,274.17598824663304,0.8480224688885284,0.5096275393377893,0.0598205323808985,0.1676675854648413,0.0555761584930243,0.0313549963118314,0.0215950149294918,0.0210045148833085,0.0296871879345913,0.0222004187329922,0.0149339420629475,0.0157242220355924,0.011017962139095,0.0113296839169162,0.0115468467186518,0.0139714210996445,0.0117435673467782,0.0091822385645426,0.0088736312077385,0.0093820203879488,0.0066545963888795,0.0065831104386167,0.0071776400603102,0.0070801625840908,0.0079358670964269,,DMSO,BR00116991,JUMP-Target-1_compound_platemap,IAZDPXIOMUYVGZ-UHFFFAOYSA-N,DMSO,679.0,,,control,negcon,CS(=O)C,compound
BR00116991,M02,3243.3537214443627,5893.470891672808,582.3397199705232,565.4443625644805,508.6116433308769,490.662490788504,544.7261389500499,527.4113668835288,1.891362652840441,0.7328776573033744,61.41340426244417,1.0,0.557208848214602,0.5514646149832362,82.20232624704407,88.08272337619435,22.39919025428767,8.067776855031642,7.117484525577426,54.82654968123237,51.64091952471378,0.05349969444058,265.12735281754925,0.8490811377543901,0.4983518212026116,0.0594283884483512,0.1664683287395253,0.0551195289048972,0.032091815541321,0.0220190612543795,0.0204357149943323,0.0303459869161596,0.0223181664308821,0.0148768613862711,0.0164347837839833,0.0104858606936624,0.0113755372077946,0.0116827567965858,0.0144498345355534,0.0121456150862201,0.0092568597576101,0.0088055998726887,0.0088265695699207,0.0065551825879386,0.0068934079339789,0.0077017260384377,0.0070597307702102,0.0083907060827524,BRD-K47557313-001-02-7,DMSO,BR00116991,JUMP-Target-1_compound_platemap,IHLVSLOZUHKNMQ-UHFFFAOYSA-N,LY2109761,11655119.0,TGFBR1,TGFBR1|TGFBR2,trt,,C(CN1CCOCC1)Oc1ccc2c(ccnc2c1)-c1c(nn2CCCc12)-c1ccccn1,compound
BR00116991,M03,3299.37124600639,5945.64089456869,550.1635782747604,593.5603833865815,475.77507987220446,517.6127795527157,512.31970265045,555.0904506987971,1.904253272568996,0.729392694816858,62.50079971128718,1.0,0.564259193254414,0.5471540879672969,83.11828212839126,88.90605873649095,22.870542484473013,8.214729633582087,7.237033322195612,56.16804672623259,52.660093118563545,0.0189077459814117,271.10579672975337,0.8460455824143492,0.5083540755521332,0.0581530034698041,0.1676609475072505,0.0561670504249235,0.0306302980345005,0.021398576415653,0.0213909790226636,0.0302427904284319,0.0223788114263191,0.0149468513620224,0.0156969426652547,0.0104463910545701,0.0114798663595073,0.011763548040413,0.0139016232656901,0.0120025998161547,0.0092111112030407,0.0087221588403462,0.0088021986556871,0.0065204448913269,0.0066280839829583,0.0073906271755908,0.0070829067868388,0.0082589763704576,BRD-K67637637-003-11-8,DMSO,BR00116991,JUMP-Target-1_compound_platemap,JBIMVDZLSHOPLA-LSCVHKIXSA-N,olopatadine,25271818.0,S100B,HRH1|S100A1|S100A12|S100A13|S100A2|S100B,trt,,CN(C)CC\C=C1\c2ccccc2COc2ccc(CC(O)=O)cc12,compound
BR00116991,M04,3192.45501618123,5827.618770226537,567.2343042071197,597.6407766990292,493.073786407767,522.115857605178,529.5792373489404,559.4328332687542,2.2601770180726084,0.7184223986539897,62.02697926277799,0.9993527508090616,0.5612888156968247,0.4678567408196395,82.29691771677942,88.42746115313572,21.990785688598347,7.700452724019849,6.678191828403477,57.30459462763474,53.31375904285204,0.0266805884629441,294.5724612164547,0.8156503951498544,0.5046799290727607,0.055988145186264,0.168075774573377,0.0540423786917423,0.0301063262713022,0.0209973380975764,0.0208335931723952,0.0290115095205835,0.0214737362284804,0.0144645826047273,0.0161801175862518,0.0112562160908128,0.0113159329706202,0.0114341093975325,0.0141339788054884,0.0120326630992887,0.0091393607079747,0.0088589076757865,0.0096164766658839,0.0069518252438642,0.006577171841067,0.0073076086715437,0.0072368588265007,0.0086737078970973,,DMSO,BR00116991,JUMP-Target-1_compound_platemap,IAZDPXIOMUYVGZ-UHFFFAOYSA-N,DMSO,679.0,,,control,negcon,CS(=O)C,compound
BR00116991,M05,3529.4837074583634,6335.818971759594,547.6524257784214,561.7726285300507,469.9181752353367,484.01737871107895,508.0210786242046,522.4900331871653,1.8966454428115305,0.7188824794844836,64.88873127602245,1.0,0.5684228265764133,0.5490794871515178,85.40480297103952,91.57639665872006,23.848962818067637,8.548268867114531,7.522500775763173,58.87012791877841,55.20685858852491,0.0468540277218712,280.9526350268259,0.8479226894473869,0.514057913941522,0.0605572590542626,0.1684097454088728,0.0551398067295289,0.0311533889895656,0.0218686334082996,0.0207848917689656,0.0291243286831614,0.0217962628513506,0.0147739646080047,0.0159532505874657,0.0108995889820378,0.0112218955276783,0.0117715053964378,0.013742947154808,0.0117555788646862,0.0095914327836757,0.0088711873797678,0.0088100925292134,0.0066587379384062,0.0066516572800266,0.0072769067709357,0.0071790589590959,0.0081065109754922,BRD-K20897876-001-11-8,DMSO,BR00116991,JUMP-Target-1_compound_platemap,JDVVGAQPNNXQDW-TVNFTVLESA-N,castanospermine,54445.0,GAA,GAA|GBA,trt,,O[C@H]1CCN2C[C@H](O)[C@@H](O)[C@H](O)[C@@H]12,compound
BR00116991,M06,3648.5013020833335,6497.494140625,540.8645833333334,567.3912760416666,462.7552083333333,488.5540364583333,501.1093678512052,527.4836435859135,1.9155912796049523,0.7133342863603946,65.71204204075786,1.0,0.5709341773303731,0.543432140196925,86.21917270021771,92.27462821382376,24.19112351365911,8.651713112015122,7.615284348052222,59.60688955758784,56.046931230868346,0.0012643184342716,285.8644148730553,0.8485756612432191,0.517037597304423,0.0592535186797832,0.1689423938035646,0.0547645102415706,0.0298373464064084,0.0217665526901952,0.0212950921221624,0.0286759328668539,0.0218259059336015,0.0151932525889879,0.0159175641231945,0.0110849598563219,0.0115179832084543,0.0119025040088039,0.0137423788712039,0.011681114812539,0.0091151301798191,0.0087946872701095,0.0089499978784276,0.0065864943781079,0.0067716596211294,0.0072471423236667,0.0070760932956069,0.0078962262844018,BRD-K77627880-001-04-0,DMSO,BR00116991,JUMP-Target-1_compound_platemap,QQGWEXFLMJGCAL-UHFFFAOYSA-N,A205804,9839311.0,ICAM1,ICAM1|SELE,trt,,Cc1ccc(Sc2cncc3sc(cc23)C(N)=O)cc1,compound
BR00116991,M07,3396.363578680203,6163.072969543147,574.253807106599,578.0406091370559,497.9587563451777,500.6408629441625,535.611124816841,538.9265751916654,1.899474654709605,0.7214533611767816,63.74066348423276,1.0,0.5615194308350414,0.5498339212736527,84.48669475233959,90.47712544390926,23.411573094632224,8.396307396374814,7.391519772012124,57.37104653340538,53.949096067139635,0.0437554819178673,275.9041229983858,0.8474654241812959,0.5100273360805441,0.0574684943318568,0.1683881910058081,0.0552363830508199,0.0299401320488401,0.0220933483262748,0.021417903545559,0.0292705886194121,0.0217072455451565,0.0147351609998737,0.0160321937108633,0.0109888762068872,0.0117795685568003,0.0117406621809047,0.0136888395971978,0.0119293728992401,0.0093334792246102,0.0087460135389726,0.0089539935432412,0.0066868486805235,0.0068776814625718,0.0073336109858756,0.0070660317934853,0.0082822417144961,BRD-K72063794-003-01-0,DMSO,BR00116991,JUMP-Target-1_compound_platemap,ZQPXNYLXYNRFNP-UHFFFAOYSA-N,VU591,44123657.0,KCNJ1,KCNJ1,trt,,[O-][N+](=O)c1ccc2nc(COCc3nc4ccc(cc4[nH]3)[N+]([O-])=O)[nH]c2c1,compound
BR00116991,M08,3411.7295681063124,6120.429900332226,547.3003322259136,566.9142857142857,471.2671096345515,489.90697674418607,508.8439807420392,527.9043330814222,1.8773135167718025,0.7261112627297382,63.82946974443055,1.0,0.5677629602727335,0.5547808212320539,84.5507081472243,90.34710646421247,23.46993475297664,8.43449336445644,7.42833284434036,57.14696324928967,53.78284686298542,-0.0004630333394617745,274.5937866021728,0.8515321070385632,0.5116868656861251,0.0587537711411434,0.168187673190843,0.0560664381329898,0.0298858866944162,0.0214528856043198,0.0217670326370907,0.029781582866551,0.0221808859111187,0.014910363576799,0.0156000650970114,0.0105428365686172,0.0116822084708902,0.0117723803638306,0.0138422892114349,0.0117922908902499,0.0091628141355113,0.0086142673342652,0.0088145308378425,0.0065360333453225,0.0070953416611813,0.0075031197081126,0.0071380654346273,0.0080363650497971,BRD-K30177383-001-01-0,DMSO,BR00116991,JUMP-Target-1_compound_platemap,KGPGQDLTDHGEGT-SZUNQUCBSA-N,dalbavancin,16134627.0,PNLIP,PNLIP,trt,,CN[C@@H]1c2ccc(O)c(Oc3cc(O)c(Cl)c(c3)[C@@H]3NC(=O)[C@@H](Cc4ccc(Oc5cc6cc(Oc7ccc(cc7Cl)[C@@H](O)[C@@H]7NC(=O)[C@H](NC(=O)[C@@H]6NC3=O)c3ccc(O)c(c3)-c3c(O[C@H]6O[C@H](CO)[C@@H](O)[C@H](O)[C@@H]6O)cc(O)cc3[C@H](NC7=O)C(=O)NCCCN(C)C)c5O[C@@H]3O[C@@H]([C@@H](O)[C@H](O)[C@H]3NC(=O)CCCCCCCCC(C)C)C(O)=O)cc4)NC1=O)c2,compound
BR00116991,M09,3441.8277541083385,6108.999391357273,594.2185027388923,571.0462568472307,518.7760194765673,494.5392574558734,555.9831151814664,532.2078590118577,1.8840583622907916,0.7173879141916822,63.6797573226665,0.9987827145465612,0.5692027796495364,0.551244044924029,83.42810936969572,89.3648789027731,23.438210502668017,8.413228991560805,7.410377519843745,57.5711977191877,54.1172474505157,0.0260114153217714,274.5492545209446,0.8512107345949578,0.5171712893330731,0.0589007975709874,0.1697390906194269,0.0555682768594806,0.0296101313626687,0.0220507464724853,0.020822367567524,0.0294843698850122,0.0220181923013148,0.0150689943478137,0.0159431069886285,0.0110622217340349,0.0114500864900905,0.0118194370229656,0.0138958373037408,0.011871013395354,0.0093424242754247,0.0085412983819175,0.008912189904428,0.0066361919560649,0.0066040935812578,0.0073251226084929,0.0071602825109309,0.0080446839003662,BRD-K45746021-003-01-9,DMSO,BR00116991,JUMP-Target-1_compound_platemap,XDJCLCLBSGGNKS-UHFFFAOYSA-N,CC-401,10430360.0,MAPK8,MAPK8,trt,,C(CN1CCCCC1)Oc1cccc(c1)-c1n[nH]c2ccc(cc12)-c1ncn[nH]1,compound
BR00116991,M10,6188.8341232227485,11601.595576619273,578.6034755134281,609.7235387045814,473.4186413902054,503.51816745655606,525.0586656545457,555.9347656033108,2.229924668074152,0.7531284232474375,86.0778562578311,1.0,0.546807293890784,0.4785202959752375,120.17487625858288,127.61764855094316,29.99150328654148,10.55265023657681,9.275858616713103,78.25130299210124,71.90590850320964,0.0227400596874593,401.8853764498942,0.819280790138277,0.4706600386434666,0.0577837399429701,0.1604867559007385,0.0558960782938003,0.0328217362734597,0.0214796953091319,0.0211923011040647,0.0323832458357491,0.0220570877971678,0.0152224950436106,0.0167995380319081,0.0104625641044796,0.0117072066985228,0.0114868826173428,0.0150170806948304,0.0121230629064376,0.009062511044652,0.0090909661745861,0.0093517669569185,0.0059515529935726,0.0065549393223127,0.0073553866515289,0.007284862056231,0.0087057886590716,BRD-K38852836-001-04-9,DMSO,BR00116991,JUMP-Target-1_compound_platemap,RVAQIUULWULRNW-UHFFFAOYSA-N,ganetespib,,HSP90AA1,HSP90AA1,control,poscon_diverse,CC(C)c1cc(-c2n[nH]c(=O)n2-c2ccc3n(C)ccc3c2)c(O)cc1O,compound
BR00116991,M11,3060.473333333334,5608.362857142857,546.4857142857143,599.4104761904762,473.9295238095238,526.9961904761905,509.7072549782849,562.5719547323996,1.8748198015905255,0.7114914215858633,60.30364254554899,1.0,0.5856389380739174,0.5824194452313063,81.7106756324544,86.84395469663,22.558082176053546,8.063684085992177,7.076135009338945,53.38480290517642,50.54396265947259,0.0218579540654081,260.8584029748478,0.8594132818954231,0.5266943180199171,0.0586541396192437,0.1582155517597249,0.0543380174332829,0.0290832399192509,0.0199393882537938,0.0271753269097251,0.0263796125209408,0.0218004587053914,0.0152644096540702,0.0141857656457523,0.0103434428452408,0.0121744550207924,0.0118403960623257,0.0124365065459719,0.0123670221948227,0.0095042635136069,0.0083585115357489,0.0083019180909725,0.0063808878585134,0.0071886238235967,0.0073494922542111,0.0068163190736862,0.0076455596311273,BRD-K93779381-001-01-9,DMSO,BR00116991,JUMP-Target-1_compound_platemap,VDJHFHXMUKFKET-WDUFCVPESA-N,ingenol-mebutate,6918670.0,PRKCE,PRKCA|PRKCB|PRKCD|PRKCE|PRKCG,trt,,C\C=C(\C)C(=O)O[C@H]1C(C)=C[C@@]23[C@H](C)C[C@@H]4[C@H]([C@H](C=C(CO)[C@@H](O)[C@]12O)C3=O)C4(C)C,compound
BR00116991,M12,3381.5207373271887,6183.314900153609,546.5952380952381,577.3909370199693,470.30337941628267,500.8463901689708,507.8194291376347,538.6271056394463,1.8963210455871815,0.7323599162600612,63.24095973982541,0.999231950844854,0.5618180817629856,0.5550051299911257,84.8635504935154,90.53255202644311,23.11850265963054,8.291109943931426,7.298511329625216,56.87470893523474,53.26525758385353,0.055247221924786,273.9268584151077,0.8459795387956063,0.5037199944755277,0.060210659578388,0.1646198048665256,0.0559509425478333,0.0321475092017215,0.0216269029712692,0.0210820279644992,0.0296841383927605,0.0220584534683523,0.0149299193309431,0.0159366626645105,0.0107697897287291,0.0111875562324838,0.0117453259883616,0.0138331727884518,0.0121791206028042,0.009446588971593,0.0088504411416491,0.0088689048842332,0.0065940346322111,0.0068420658991611,0.0074918621610808,0.0071490620726254,0.0082725604514843,BRD-K78126613-001-27-7,DMSO,BR00116991,JUMP-Target-1_compound_platemap,MJVAVZPDRWSRRC-UHFFFAOYSA-N,menadione,4055.0,F10,AOX1|BGLAP|F10|F2|F7|F9|GGCX|NQO1|NQO2|PROC|PROS1|PROZ|VKORC1|VKORC1L1,trt,,CC1=CC(=O)c2ccccc2C1=O,compound
BR00116991,M13,3727.686727122836,6725.287716405606,563.2110469909315,571.969497114592,482.9126133553174,492.39736191261335,522.6693389787854,531.656105976686,1.940639125861929,0.720679999791831,66.63452874900288,0.9991755976916736,0.5691205951348325,0.5391762344598443,88.14067206829104,94.6160446159576,24.491016744400103,8.734591490435466,7.669294938497115,60.346273403223144,56.485070650982095,-0.0113124241754736,291.89405898031856,0.8442158941790335,0.5119391490100342,0.059184171920254,0.1688951211335073,0.0549885824689281,0.0303553191167594,0.0210596133863079,0.0210308433378465,0.0290137960263267,0.0221510265523691,0.0151084744690749,0.015700090525917,0.0108537255938905,0.0115050498968084,0.0119371083755384,0.0137005507421308,0.0115405177329244,0.0093689010682699,0.0087130656938007,0.0090166575177362,0.006857267113822,0.0064801409931147,0.0074293171340457,0.0072650024855756,0.0079699437650823,BRD-K94863486-001-02-2,DMSO,BR00116991,JUMP-Target-1_compound_platemap,MVCQKIKWYUURMU-UHFFFAOYSA-N,cetilistat,9952916.0,PNLIP,PNLIP,trt,,CCCCCCCCCCCCCCCCOc1nc2ccc(C)cc2c(=O)o1,compound
BR00116991,M14,3817.3714499252615,6725.243647234679,592.5254110612855,587.2825112107623,513.3161434977578,506.8094170403588,552.244899840375,546.6440827391698,1.8722300535523508,0.7097518444581252,67.23442969599319,1.0,0.5764653779922323,0.5574683524979904,87.57219557947522,93.88645626400762,25.00359369412887,8.9234346105455,7.84293710226023,60.99267329943365,57.48903764778482,0.0254772085551439,289.12405941697676,0.8529958521385292,0.524161565442974,0.0596066316132293,0.1694711625604898,0.0542558233404069,0.029706713268792,0.0223323307617901,0.0218774379156145,0.0274462543847439,0.0222213135328789,0.0149551225160391,0.0159583355776295,0.0109908704204921,0.0117291410890804,0.0117169961032321,0.0136030295927372,0.0118322228646907,0.0093388942476872,0.0086664786447673,0.0089241922713015,0.0067412525706979,0.0068482483517883,0.0072667958833861,0.0070016059598951,0.0079869625468062,BRD-K63430059-001-16-4,DMSO,BR00116991,JUMP-Target-1_compound_platemap,QXKHYNVANLEOEG-UHFFFAOYSA-N,methoxsalen,4114.0,CYP1A2,CYP1A1|CYP1A2|CYP2A13|CYP2A6|CYP3A4,trt,,COc1c2occc2cc2ccc(=O)oc12,compound
BR00116991,M15,3182.6460348162477,5960.984526112185,568.3307543520309,580.7988394584139,493.2495164410058,504.3481624758221,530.2854107616533,542.2035285147629,1.9461963460867209,0.7498837962957601,62.07407280927396,1.0,0.55934638353907,0.5426606082208959,85.97863696259583,91.32766472557545,22.151521013359076,8.002967086319405,7.076583272209911,54.75818276289733,51.16228213121065,0.0100640253400123,272.0171823391049,0.8440645966839525,0.4865334791765678,0.0585545507525708,0.1631565742103436,0.056781229989813,0.0321339357813763,0.0214103390907045,0.0214041675064218,0.0317761179914505,0.0225550678349166,0.0151904387751253,0.0155603729703716,0.0108227900544847,0.0115262765156407,0.0112403921410678,0.0144014005489916,0.012067182417355,0.0095622047304164,0.0086097319270639,0.0092190283556891,0.0064750752994592,0.0063511721051523,0.007221871907366,0.0071414079011559,0.0081248525895414,BRD-K13533483-001-16-2,DMSO,BR00116991,JUMP-Target-1_compound_platemap,PMATZTZNYRCHOR-CGLBZJNRSA-N,cyclosporine,5284373.0,FPR1,ABCB11|CAMLG|FPR1|PPIA|PPIF|PPP3R2|SLC10A1|SLCO1B1|SLCO1B3,trt,,CC[C@@H]1NC(=O)[C@H]([C@H](O)[C@H](C)C\C=C\C)N(C)C(=O)[C@H](C(C)C)N(C)C(=O)[C@H](CC(C)C)N(C)C(=O)[C@H](CC(C)C)N(C)C(=O)[C@@H](C)NC(=O)[C@H](C)NC(=O)[C@H](CC(C)C)N(C)C(=O)[C@@H](NC(=O)[C@H](CC(C)C)N(C)C(=O)CN(C)C1=O)C(C)C,compound
BR00116991,M16,3880.317934782609,7137.010869565217,538.1222826086956,642.3505434782609,456.6630434782609,558.2527173913044,496.56663024162947,600.1884248892153,1.9437998308833264,0.711129873786687,68.67362841753287,1.0,0.5829680027541367,0.5664606821258292,93.92031872153429,100.0877235216808,25.700626545853133,9.067460948060084,7.942106704667585,60.761508837646616,57.234407485682524,0.0589567475943753,300.7944261058172,0.8581485527810391,0.5233206354027289,0.0589163072647206,0.1529543455271023,0.0529236270835223,0.0296809152633468,0.0190418318692141,0.0289676351883476,0.0270862819057848,0.0210717148670876,0.0152453415723938,0.0136528859306208,0.0094507923790903,0.0126787857383877,0.0118585409740246,0.0133277766425856,0.0116382167085675,0.0093937653432456,0.0088348261938294,0.0081277132603703,0.0057235651128745,0.0069774001696501,0.0073085563550096,0.0067215515370856,0.0079671275105175,BRD-K81197548-003-01-4,DMSO,BR00116991,JUMP-Target-1_compound_platemap,PKCYYPHSCUSQDK-AYKLPDECSA-N,NSC-632839,5351363.0,USP1,SENP2|USP1|USP2|USP7,control,poscon_cp,Cc1ccc(cc1)\C=C1/CNC\C(C1=O)=C/c1ccc(C)cc1,compound
BR00116991,M17,3872.4913728432102,6936.13728432108,551.6961740435108,570.6106526631658,470.423855963991,488.58589647411856,510.60871714373314,529.1008683620795,1.902100697449431,0.7194403934899747,68.17822375745429,1.0,0.5697303345645082,0.5486853959286834,89.63740759035991,96.52844130878904,25.164141252580524,8.98563133054039,7.89175147320816,61.34517386592055,57.750975536549014,0.0410142303614198,295.2599608828401,0.8500855000430856,0.5129225654976035,0.0583819566647319,0.1700976898754517,0.0543776378353181,0.0299121498905921,0.0212177447776065,0.0223895567916534,0.0286597840051847,0.0218042113613985,0.0147804480040738,0.0154014360803029,0.0107036698512474,0.0112253036187432,0.0115021224261995,0.0136977536291583,0.0118773955680278,0.009245748166268,0.0088037761053191,0.0089507443764155,0.0066781293115174,0.0068872378193386,0.0074911823607827,0.0071392401990132,0.0082171105952678,,DMSO,BR00116991,JUMP-Target-1_compound_platemap,IAZDPXIOMUYVGZ-UHFFFAOYSA-N,DMSO,679.0,,,control,negcon,CS(=O)C,compound
BR00116991,M18,3479.609232769831,6170.9642392717815,568.9226267880364,600.2594278283485,492.7496749024707,523.1027308192457,530.3676281261841,561.1431017819392,1.8654725722238077,0.7096598920757666,64.37741042285492,1.0,0.5729277927968707,0.5573119834487308,83.91251763125821,89.8827819206197,23.888408449437247,8.549793574807392,7.522264489278075,58.429878688151334,55.03269402206383,0.0008535896857071216,276.3058444952892,0.8515229848531355,0.5234751911954112,0.0590825057385904,0.1701334149398672,0.0545361557847824,0.0293881039815817,0.0223025564342562,0.0211174852872983,0.02871719504283,0.0217017346652123,0.0151901859137723,0.0153977237927219,0.011194333922795,0.0118181295789634,0.0116520472597848,0.0135704433377585,0.0118668080451065,0.0092853637370963,0.0088363569661637,0.0090393889865192,0.0068048997486891,0.0066170362003293,0.0072955036680489,0.0069967359579816,0.0080082652554603,BRD-K97072811-001-11-4,DMSO,BR00116991,JUMP-Target-1_compound_platemap,BGVLELSCIHASRV-QPEQYQDCSA-N,TG-003,1893668.0,CLK1,CLK1|CLK4|DYRK1A|DYRK1B,control,poscon_cp,CCN1\C(Sc2ccc(OC)cc12)=C\C(C)=O,compound
BR00116991,M19,3926.474299065421,6099.560747663551,619.4158878504672,601.8317757009346,543.9182242990654,526.8341121495328,581.3110724815036,564.0270413846979,1.4675524484987392,0.5829698431485072,68.25328540568216,1.0,0.6617015617498907,0.7130393428471105,80.44147793719043,83.4649425347621,28.37251378757825,10.209967457990585,9.032279849035213,62.30554254736084,61.2327089439916,0.0269730411264709,260.3772180906452,0.9265392954848264,0.6886649827903227,0.0609766883219512,0.1390168326204706,0.049225880100031,0.0232230780208397,0.0184511727518215,0.0353302335852595,0.0210505317903632,0.0152816303656179,0.0142701404613907,0.0115519703536716,0.008923541101217,0.0158599948931057,0.0111295389174376,0.0088628352222725,0.0082937156879213,0.008803277954049,0.0075320150347361,0.0062574644457006,0.005459389418532,0.0079787105060429,0.006871684392022,0.0060056152046461,0.0052214580368422,BRD-K52075715-001-06-7,DMSO,BR00116991,JUMP-Target-1_compound_platemap,RAOCRURYZCVHMG-UHFFFAOYSA-N,oxibendazole,4622.0,TUBB4B,TUBB|TUBB4B,trt,,CCCOc1ccc2nc(NC(=O)OC)[nH]c2c1,compound
BR00116991,M20,2205.8475609756097,3637.515243902439,611.3658536585366,632.4878048780488,552.0853658536586,574.4329268292682,581.0519523214564,603.0035122809732,1.7085951306847222,0.6265934777146686,51.42066329236774,1.0,0.6290175305568365,0.6517690669666387,63.41695764689605,67.05532515911726,20.95473040367394,7.481788988755155,6.553220735619934,46.64733455480432,45.5709789098145,0.0246251043002525,209.0042938842553,0.8900766947369344,0.6197285109457003,0.0640004901348617,0.1537225436532295,0.0511388215921791,0.0252584155938144,0.0185572718004796,0.0308440163301007,0.0221797048092508,0.0180355964036252,0.015712831185049,0.0127477445696565,0.0096053822415431,0.0131018106317418,0.0109067790726575,0.0104378372562322,0.0104074059815828,0.0095621069199815,0.0082532140895544,0.0075108313853735,0.0060115787158475,0.0078054629783814,0.0076250884380238,0.0061787150987172,0.0063921737163088,BRD-K12502280-001-11-4,DMSO,BR00116991,JUMP-Target-1_compound_platemap,JOOXLOJCABQBSG-UHFFFAOYSA-N,TG-101348,16722836.0,BRD4,BRD4|JAK1|JAK2|JAK3|TYK2,control,poscon_cp,Cc1cnc(Nc2ccc(OCCN3CCCC3)cc2)nc1Nc1cccc(c1)S(=O)(=O)NC(C)(C)C,compound
BR00116991,M21,3394.65998515219,6072.736451373423,571.0319227913883,590.6466221232369,495.0029695619896,513.6288047512992,532.3200021374129,551.5829330784279,1.870943243822443,0.7197163846106339,63.906673514182586,1.0,0.5717485167404399,0.5599575744015008,84.67069763589498,90.67017494079596,23.61431282354678,8.476122667960254,7.465584553583568,57.46257930763434,54.14464657386697,-0.0140604073881596,273.9898915107131,0.8522599048232996,0.513450651064109,0.0599785781919157,0.167193952368273,0.0547870215707476,0.0303379796436076,0.0221599044527995,0.0209949616954905,0.0286368310975777,0.0222068760958737,0.0153590724601202,0.0155114084265147,0.0109866903562984,0.011774124516828,0.0116454819347921,0.0137090336859817,0.0118791429996989,0.0093853212986814,0.0088346491279545,0.0090060994306403,0.0065703190370067,0.0067305619384238,0.0071220708483137,0.007146993601473,0.0080931355475934,BRD-A63310107-001-04-8,DMSO,BR00116991,JUMP-Target-1_compound_platemap,IBAQFPQHRJAVAV-WMEPKMGJSA-N,miglitol,6710690.0,GAA,GAA|GANAB|GANC|MGAM,trt,,OCCN1C[C@@H](O)[C@@H](O)C(O)C1CO,compound
BR00116991,M22,3579.2269890795633,6266.964118564742,602.1170046801872,605.2488299531981,525.3829953198128,527.034321372855,563.1880655098338,565.6063594550365,1.8392866946555744,0.710910563124581,65.41033767288502,0.999219968798752,0.5786228582317692,0.5638919837454025,85.1297953420415,91.25097928260944,24.307060643911345,8.724663862340234,7.682676879491642,59.03487060926377,55.78992850603166,-0.0080485366744839,278.72393015835604,0.8576483672259009,0.5241568357545507,0.0575860205205288,0.1709372786334247,0.0553817735751393,0.0284796863869188,0.0216436880705849,0.0218792653319983,0.0286543231557334,0.0222145087294027,0.0147166311707537,0.0154433015555862,0.0109553163537346,0.0116601369962174,0.0117431061325671,0.013725799869194,0.0117354054523727,0.0093853398964217,0.0087421742729767,0.0088471891799281,0.0067898722759292,0.0068148027853722,0.0072873082793591,0.0072330804430762,0.0079415238353934,,DMSO,BR00116991,JUMP-Target-1_compound_platemap,IAZDPXIOMUYVGZ-UHFFFAOYSA-N,DMSO,679.0,,,control,negcon,CS(=O)C,compound
BR00116991,M23,3631.6814814814816,6384.971043771044,566.4047138047138,605.4942760942761,488.70774410774413,527.4148148148148,526.9860623820266,565.9511548869527,1.870768602903349,0.7156466945033879,65.55038379026558,0.9993265993265992,0.5757370571281875,0.5550684661171563,85.7189635773527,91.63263065701314,24.226786965670954,8.694429689439051,7.65874484003267,59.16774914397818,55.74494444646355,0.0287857278965184,281.55384653972555,0.8525885180128706,0.519959012489154,0.0591488355552615,0.1693649071007003,0.0556886719329312,0.0300013962132399,0.0221740700916805,0.0208842441864339,0.0293283000780503,0.0219174542336069,0.0148653327002666,0.0157581659398363,0.0109698125303,0.0116189466324123,0.0114238891336021,0.0134620741326349,0.0117200275976772,0.009274274601258,0.0087725745272194,0.008966393899472,0.0067385962109104,0.0067639190180396,0.0073238089930923,0.0070509054250205,0.007790184285709,,DMSO,BR00116991,JUMP-Target-1_compound_platemap,IAZDPXIOMUYVGZ-UHFFFAOYSA-N,DMSO,679.0,,,control,negcon,CS(=O)C,compound
BR00116991,M24,3739.4514608859567,6728.155513666353,593.2016965127239,584.2459943449576,513.5391140433553,502.7879359095193,552.8748414424699,543.065670743072,1.906622784545408,0.7317675369753887,66.98236108242183,0.9990574929311968,0.5687794012332296,0.5483904221184699,89.87298077689361,96.23549104656956,24.436701032787845,8.765859370126163,7.721559786430046,59.5950312018842,55.95443602403736,0.0644724828100166,290.37903071328014,0.8496837297179919,0.5028777506322618,0.0580023882804061,0.1676226992481974,0.0554552226836752,0.0301769463741987,0.0209809912805874,0.0218099205840745,0.030329482921939,0.0221336762705936,0.0145559429814889,0.0156857972293531,0.0107459567534375,0.0117458777374883,0.0114630676054249,0.0138649083212049,0.0120009555278738,0.0091742103954351,0.0088180914362733,0.0088471376886399,0.0064428969677706,0.0067499400015205,0.0073475645024073,0.0070241784429845,0.0082215330099607,BRD-K17849083-001-32-9,DMSO,BR00116991,JUMP-Target-1_compound_platemap,NZHGWWWHIYHZNX-CSKARUKUSA-N,tranilast,5282230.0,HPGDS,HPGDS|HRH1,trt,,COc1ccc(\C=C\C(=O)Nc2ccccc2C(O)=O)cc1OC,compound
BR00116991,N01,3343.9535017221583,6023.799655568312,544.8714121699196,547.8754305396096,469.4695752009185,471.68312284730195,506.6774490078036,509.372980981743,1.8827775804656384,0.7254771901188047,63.08569382003056,1.0,0.56438884677566,0.5506012704018242,83.59105231726765,89.37010924855088,23.092414006882585,8.2945476386688,7.301958763219139,56.68780090897139,53.177279984787525,0.0387087972473655,272.2558171200278,0.8495611966421305,0.5092879716664788,0.0593441214481232,0.1688080222411053,0.0558424744893878,0.030766230890384,0.0219806519439134,0.0206976523568015,0.0301472620093233,0.0219647258757862,0.0148983707554024,0.0159205818644609,0.0107090873213311,0.0112176399424242,0.0115322730655837,0.0137809949431069,0.0119013601505309,0.0094081243649734,0.0086375669686277,0.0090286919374342,0.0067054227041628,0.006721032905972,0.0074611982774952,0.0069303619303461,0.0081627521828951,BRD-K70821460-300-02-4,DMSO,BR00116991,JUMP-Target-1_compound_platemap,UGYXPZQILZRKJJ-UHFFFAOYSA-N,4-methylhistamine,37463.0,HRH4,HRH4,trt,,Cc1nc[nH]c1CCN,compound
BR00116991,N02,3360.568766066838,6021.015424164524,542.508354755784,598.0539845758354,467.629177377892,521.521850899743,504.4645405300318,559.3997186699787,1.8608423525470217,0.7182607051779827,63.26481772863976,0.9987146529562982,0.5711310099163802,0.562434130122642,83.40708894601107,89.22731893924524,23.276257088339435,8.36619592149284,7.37671447616701,57.15090006123559,53.81373752834556,0.034551447294885,270.98853399356733,0.8501061967895265,0.5169742786049007,0.0590287247155835,0.1687240877873113,0.0553822118079256,0.0296981833112408,0.0216719930868095,0.0209104182015577,0.0292577151475407,0.0217543058740164,0.0149469316734262,0.0157083215518496,0.0110318774803433,0.0114570528732431,0.0119005968076704,0.0136823861051752,0.0119545311256658,0.0091711323373649,0.0087172876044528,0.0090666869181906,0.0068516961670679,0.0068767560956673,0.0075262265412411,0.007156563306163,0.0081927582817768,BRD-K51485109-001-01-4,DMSO,BR00116991,JUMP-Target-1_compound_platemap,WLBUICQBNZXIDJ-UHFFFAOYSA-N,LDN-27219,1150683.0,TGM2,TGM2,trt,,NNC(=O)CSc1nc2scc(-c3ccccc3)c2c(=O)n1-c1ccccc1,compound
BR00116991,N03,2633.0100401606423,4667.4658634538155,513.7048192771084,593.504016064257,450.3172690763052,527.1746987951807,481.3668333729242,559.7798411159191,1.7414933856095678,0.690863496229667,54.85717853276467,1.0,0.5972971899340689,0.6152770020360301,72.01523484966481,76.2841602815412,20.67789381049538,7.501504609114167,6.631560952033407,48.788041298912994,46.66660623660978,0.0828329858638481,229.22313733929272,0.8731574407265961,0.5572450625045752,0.0640631875988569,0.1580634078869141,0.0546423786678603,0.029302554022198,0.0210348767521883,0.0255383055118781,0.0270067380153376,0.0207884727275878,0.0154249019742461,0.0143826460456003,0.0105896609903084,0.0119388304950563,0.0119259876693018,0.0120391184186042,0.0110748509819637,0.0097625557841179,0.0087255672015829,0.008259907295086,0.0064994370491123,0.007076659481751,0.0072192662768931,0.0072425362678944,0.0071715021035062,BRD-K91370081-001-25-1,DMSO,BR00116991,JUMP-Target-1_compound_platemap,YKJYKKNCCRKFSL-RDBSUJKOSA-N,anisomycin,253602.0,RPL23A,NHP2L1|RPL10L|RPL11|RPL13A|RPL15|RPL19|RPL23|RPL23A|RPL26L1|RPL3|RPL37|RPL8|RSL24D1,trt,,COc1ccc(C[C@H]2NC[C@H](O)[C@H]2OC(C)=O)cc1,compound
BR00116991,N04,3740.258266309205,6784.005361930295,535.1054512957999,602.8221626452189,455.20643431635386,521.5898123324397,494.5373031161717,561.6167129497464,1.8862757684251643,0.7525239220565764,66.55759919863213,1.0,0.559886172817595,0.552616812243011,91.04545395523188,96.50263034715096,23.95941674725905,8.665052089912006,7.679554958706836,58.574132429778295,54.812244411157685,0.0011506855574966,286.91440427473344,0.8510889082572614,0.4891284807530769,0.058438583706439,0.1642208267942703,0.0571471456830915,0.0331736119899476,0.0209013040471873,0.0204429201009596,0.0316281631989206,0.0223066561280409,0.0150334089907014,0.0157047867394629,0.0105784075835665,0.0110646499805734,0.0113610985254034,0.0144284337641516,0.0119273278921793,0.0092714435324446,0.0088818421649571,0.0090717156442649,0.0062616377431224,0.0067812449454255,0.0073025346661963,0.0070633145490455,0.0082302557040192,BRD-K49350383-001-13-7,DMSO,BR00116991,JUMP-Target-1_compound_platemap,WYWHKKSPHMUBEB-UHFFFAOYSA-N,thioguanine,2723601.0,IMPDH1,IMPDH1|IMPDH2,control,poscon_diverse,Nc1nc2nc[nH]c2c(=S)[nH]1,compound
BR00116991,N05,3509.1793721973095,6241.745675848815,543.8776425368353,570.3555413196668,467.2869955156951,492.460602178091,505.08397935157495,530.9968295382225,1.8700862040490336,0.7098251718442378,64.74280127430646,1.0,0.5728459122023173,0.5590292878589809,84.58364109369214,90.90382136531436,24.041825002248025,8.583737039681898,7.547198374745982,58.94849993282454,55.50395365100897,0.0118306340996656,278.0789372945645,0.8487734975227658,0.5196511783429112,0.0605475498605235,0.1687989597720115,0.053708651978894,0.030300378918078,0.0217919822984417,0.0208713668651325,0.0278139852614267,0.0222678557917875,0.0153311547182273,0.015581241024332,0.0108217643314912,0.0116115802793721,0.0118370771076758,0.0139483661095037,0.0119826560845608,0.009406430560631,0.0087863814951117,0.0086865402600583,0.0066648770751628,0.0068009244492094,0.0072227228327678,0.007193296971091,0.0081205961281958,BRD-K11558771-001-13-9,DMSO,BR00116991,JUMP-Target-1_compound_platemap,JHSXDAWGLCZYSM-UHFFFAOYSA-N,droxinostat,568416.0,HDAC6,HDAC6|HDAC8,trt,,Cc1cc(Cl)ccc1OCCCC(=O)NO,compound
BR00116991,N06,4308.805695142379,8165.777219430486,573.5108877721943,619.1256281407035,487.5544388609715,531.3149078726968,529.7558026492953,574.5128500305453,2.07836144785269,0.7334876732136353,70.73235987808442,0.9916247906197656,0.5506681041592384,0.524377971946817,96.9851960314124,103.6074745078926,25.34842010473004,8.99264735107663,7.916254571265958,64.26721270745604,59.71088484523098,-0.004268094822884,320.49624144422336,0.8351840691997424,0.4923650791234192,0.060699402736432,0.1602995347578441,0.054228941653049,0.0330666238421452,0.0203642632710304,0.0218285601168585,0.0305413379270562,0.0214823376010439,0.0157309280286595,0.0158048744962953,0.010771337788018,0.011133405895699,0.0120442494474213,0.0142515032733247,0.0116449325376563,0.0095518446269896,0.0087641902581232,0.0093751512630894,0.0063306288371773,0.0067084753708765,0.0074744954094262,0.007243015204911,0.0082931988401282,BRD-K91283740-003-01-6,DMSO,BR00116991,JUMP-Target-1_compound_platemap,MJSHVHLADKXCML-RQNOJGIXSA-N,UNC2025,,FLT3,FLT3|MERTK,control,poscon_cp,CCCCNc1ncc2c(cn([C@H]3CC[C@H](O)CC3)c2n1)-c1ccc(CN2CCN(C)CC2)cc1,compound
BR00116991,N07,3712.1064301552105,6643.858093126386,565.9844789356985,571.7413155949741,487.169992609017,491.150036954915,526.0037073958855,530.9107604340273,1.8677238994352217,0.7234225270206981,66.58899052318652,1.0,0.5704183199656454,0.5599850801938177,88.07104810672695,94.35430043189496,24.549590697483087,8.794656100355907,7.748806957555861,60.02537364885327,56.38655349745978,-0.0138559428240508,285.9780625478282,0.8514079017513205,0.5119067922568992,0.0594741111168195,0.1681598545881178,0.055216706005084,0.0309570888547632,0.02150421380954,0.0209202371480553,0.0291859975939898,0.0216028565684033,0.0148750209461648,0.0157815379828739,0.0109398421711831,0.01155127648721,0.0116935743934915,0.0135511158267127,0.0119386363209877,0.0093346840063107,0.0086986836871517,0.0089727223072678,0.0068192505774877,0.0068907768273845,0.0074386759154671,0.0069346636638289,0.0080104148953098,,DMSO,BR00116991,JUMP-Target-1_compound_platemap,IAZDPXIOMUYVGZ-UHFFFAOYSA-N,DMSO,679.0,,,control,negcon,CS(=O)C,compound
BR00116991,N08,3506.195302843016,6219.371446229913,556.3930778739184,584.5970333745364,479.68665018541407,507.41532756489494,517.4997123402562,545.4885094828845,1.869949543526222,0.7131087554536085,64.58563640487075,0.99938195302843,0.5731315127430876,0.5564298437778373,84.45276211527587,90.60365467161752,23.860152413694895,8.55038311822671,7.528529828001625,58.38141328574455,55.11230107559289,0.0168806174980778,277.31623408021386,0.8515470989957036,0.5163184030074622,0.06073765058708,0.1687979141168308,0.0540404782534353,0.0308249448864814,0.0219262111157259,0.0208340014353358,0.0287826967806124,0.0220995823472247,0.0150932374970941,0.0156869433069448,0.0106951713990894,0.0112838605843486,0.0117503791532608,0.0139910522887564,0.0120942350356314,0.009254303377308,0.0088120048523915,0.0088386294248114,0.0066029802694182,0.0068545475023357,0.0072656869806355,0.0069923753812462,0.0081871521865608,,DMSO,BR00116991,JUMP-Target-1_compound_platemap,IAZDPXIOMUYVGZ-UHFFFAOYSA-N,DMSO,679.0,,,control,negcon,CS(=O)C,compound
BR00116991,N09,5353.205843293493,9723.321381142096,576.535192563081,586.8366533864541,482.3917662682603,493.7078353253652,528.859120497113,539.5658704206671,2.03605434130767,0.7180356868719843,77.69389022032047,0.9840637450199204,0.5628747808846702,0.5286862861995857,103.3718249916844,110.67022614387676,27.98677982323089,9.907110631659572,8.703524184368005,71.20199799450897,66.52036600994944,-0.0249501961960549,349.90611468367143,0.836528558878337,0.5112834408929188,0.0603738782323033,0.1620309512920436,0.0550149884503418,0.031338142239149,0.0220754419269712,0.0218745892229455,0.0293531955389924,0.0221032677139232,0.0156107852100925,0.0161167235373965,0.0109336210654734,0.0113741601724436,0.0118715392928252,0.0140919013525156,0.0113333918468032,0.0091693127968574,0.0088947109237668,0.0093645589366277,0.0065923575814354,0.0064779595969617,0.0072958946198912,0.0074499584438201,0.0079912791413506,BRD-K21728777-001-02-3,DMSO,BR00116991,JUMP-Target-1_compound_platemap,IVUGFMLRJOCGAS-UHFFFAOYSA-N,AMG900,24856041.0,AURKB,AURKA|AURKB|AURKC,control,poscon_cp,Cc1csc(c1)-c1nnc(Nc2ccc(Oc3ncccc3-c3ccnc(N)n3)cc2)c2ccccc12,compound
BR00116991,N10,3353.796597633136,6122.308431952662,561.5318047337278,617.1397928994082,485.8816568047337,540.4985207100592,523.2072429279734,578.4193375070384,1.8992771216838784,0.728108643969771,63.18631260734579,1.0,0.5661657080648825,0.5533881515307058,84.62034421829448,90.1166309058862,23.118617813001276,8.307735249468948,7.326724938132923,56.75406974411256,53.330675607602785,-0.0422369346731132,273.43225528764185,0.8474901979949001,0.5090966267880782,0.0600180108972873,0.1661623136505507,0.0560316513087719,0.0308148346453792,0.0216635377254666,0.021158512019564,0.0294606786700644,0.0218397615797883,0.015255271533326,0.015890245894146,0.0105543061052749,0.0115336502446477,0.0118138075285678,0.013583860059873,0.011770466811702,0.0094005953768819,0.0088810900453047,0.0087498979794521,0.006668455188782,0.0066791255267125,0.0071122887093187,0.0071036945228186,0.0078325392503068,BRD-A23124853-001-01-4,DMSO,BR00116991,JUMP-Target-1_compound_platemap,IIXWYSCJSQVBQM-UHFFFAOYSA-N,PF-06463922,78162481.0,ALK,ALK|FES|ROS1,trt,,CC1Oc2cc(cnc2N)-c2c(CN(C)C(=O)c3ccc(F)cc13)nn(C)c2C#N,compound
BR00116991,N11,3560.763492063492,6462.547619047619,548.9047619047619,609.5626984126984,470.4753968253968,530.8642857142858,509.10931944828314,569.6698705482447,1.9435707645318527,0.7263890560098106,65.06698016116945,1.0,0.5608994075858464,0.5397699775624937,86.77076694771954,93.04672588380706,23.75722091648137,8.501632702209871,7.46991665932688,58.81627514659863,55.11285058804395,-0.0108023553152211,284.7027674117916,0.8422292122526753,0.5026651258492179,0.0583900481853042,0.1665939069517473,0.0546399945594096,0.0308306148292075,0.0217565520728374,0.0219935472603931,0.0297127492004223,0.021847098582238,0.0148855662595234,0.015806876693546,0.0110641791960505,0.0117163022288178,0.0117990514592149,0.0137536534724895,0.0118920761107301,0.0090602260468435,0.0085729020613281,0.0091443538465495,0.0067345417024637,0.0067184326636631,0.0074359374107505,0.0070328773194323,0.0080979121651481,BRD-K55966568-001-09-6,DMSO,BR00116991,JUMP-Target-1_compound_platemap,NHFDRBXTEDBWCZ-ZROIWOOFSA-N,orantinib,5329099.0,AURKB,AURKA|AURKB|EGFR|FGFR1|FGFR2|KDR|PDGFRA|PDGFRB,control,poscon_cp,Cc1[nH]c(\C=C2/C(=O)Nc3ccccc23)c(C)c1CCC(O)=O,compound
BR00116991,N12,7592.948299319728,13214.243537414966,581.2122448979592,625.9102040816326,467.865306122449,512.6707482993197,524.1243430082686,568.8625722199555,2.0469203851680957,0.7062323674457003,95.89840460176733,1.0,0.5818189320068217,0.513471143965773,124.41350518646748,133.60236226973856,35.347956917028064,12.445934806102953,10.910657660337073,88.36054949409157,82.50705782644773,0.0224470570089369,429.2485665710893,0.8419386762326787,0.5223915160431124,0.0596414679825564,0.1695122730659536,0.0537299572335402,0.029228777386429,0.0217871620878463,0.0222271699994504,0.0289257208588892,0.0203536273978041,0.0147787741395849,0.0156404063872705,0.0106835006509615,0.0114689414091769,0.012060284617582,0.0132402368968639,0.011068416758544,0.0090687919723075,0.0088557507803071,0.0086014073561928,0.0064089799464411,0.0067830511150256,0.0074766668283931,0.0072976852747097,0.0079774631088007,BRD-K71106091-001-09-5,DMSO,BR00116991,JUMP-Target-1_compound_platemap,GIUYCYHIANZCFB-FJFJXFQQSA-N,fludarabine-phosphate,30751.0,DCK,DCK|POLA1|POLD1|POLE|RRM1|RRM2|RRM2B,trt,,Nc1nc(F)nc2n(cnc12)[C@@H]1O[C@H](COP(O)(O)=O)[C@@H](O)[C@@H]1O,compound
BR00116991,N13,3739.8673469387754,6692.358712715855,575.1664050235479,587.5423861852433,494.4387755102041,507.4332810047096,534.3904128424285,547.2514419215674,1.9159662585781645,0.7240800469110706,67.14106293139955,1.0,0.5700711907325718,0.5441999211041011,88.88333326622066,95.12416697161304,24.625020473005875,8.810312290091254,7.755409637697893,60.50352856694988,56.70828475868389,0.0110899807744719,291.58229901394753,0.8489470665708029,0.5120262542697521,0.0594662756054298,0.1682345167617021,0.0552318091446208,0.0304628781375432,0.0218099198422635,0.0213872521786431,0.0291671988789576,0.0222575584110746,0.0146760300143263,0.0158153880470178,0.0104844124223624,0.011390587597072,0.0117777255977974,0.0139522694874879,0.0118345341861696,0.0092254522885378,0.0086559648951781,0.0085923343816261,0.0067588089712833,0.0066354819382066,0.0072288833462536,0.0071266139361822,0.0080618515019675,BRD-K22149900-001-06-2,DMSO,BR00116991,JUMP-Target-1_compound_platemap,VERWOWGGCGHDQE-UHFFFAOYSA-N,ceritinib,57379345.0,ALK,ALK|FLT3|IGF1R|INSR|TSSK1B,trt,,CC(C)Oc1cc(C2CCNCC2)c(C)cc1Nc1ncc(Cl)c(Nc2ccccc2S(=O)(=O)C(C)C)n1,compound
BR00116991,N14,4855.085152838428,8463.54366812227,572.8893740902474,588.3944687045124,483.424308588064,498.5909752547307,527.4776948915277,542.9685435019168,1.916245172156064,0.6930688853440795,75.96185765967226,1.0,0.5812576134637311,0.5400425652889699,97.07520250958684,104.53055343310356,28.11773885916357,9.95278409693081,8.733217907590568,70.09364517759296,65.83455937393572,-0.0020235010053379,331.6407632967455,0.8489475549048214,0.5359456728768031,0.0564352868124288,0.1746863461503338,0.0529538486868412,0.0279972385587271,0.0223359140961954,0.0207678561728513,0.0272151695319608,0.0220018423741663,0.0143888406202679,0.0157601036543956,0.0111337285348039,0.0116350507784807,0.0115331995696859,0.0140313989208302,0.0117665369561823,0.0092149836932176,0.0085528232671413,0.0091944626361528,0.0066725994261991,0.0065864100325423,0.0070730681268898,0.0073867907969478,0.0083896519713477,BRD-K28132190-001-02-0,DMSO,BR00116991,JUMP-Target-1_compound_platemap,OINGHOPGNMYCAB-INIZCTEOSA-N,NVS-PAK1-1,122187564.0,PAK1,PAK1,control,poscon_cp,CC(C)NC(=O)N1CC[C@@H](C1)NC1=Nc2cc(F)ccc2N(CC(F)F)c2ccc(Cl)cc12,compound
BR00116991,N15,2930.626,5236.056,567.45,632.792,498.67,563.442,532.5557998857649,597.5877005937134,1.8135059449974087,0.7018775385595477,57.89229137544372,1.0,0.5852026415395393,0.5947546660653211,77.45146066007956,81.49068702320513,21.567820749461404,7.811206476715087,6.892885304831343,51.16282290817136,48.5683533805477,-0.0121203534824193,245.68332969706697,0.865167996550118,0.5438167187203645,0.0598237710542936,0.1551106450512337,0.0554600124484783,0.0291275127814462,0.0205718883625695,0.0266566070786464,0.0279681959402186,0.0208969255554677,0.015262645273467,0.0145487812178197,0.0106463858404574,0.0121492622554521,0.0117538087513946,0.0125653758273273,0.0112118315879787,0.0094420477092869,0.0083605899785273,0.0082324785658292,0.0065767222641927,0.0069929058232611,0.0073698724168548,0.0068176583595443,0.0074772398553982,BRD-K76674262-001-03-3,DMSO,BR00116991,JUMP-Target-1_compound_platemap,HYFHYPWGAURHIV-JFIAXGOJSA-N,homoharringtonine,285033.0,RPL3,RPL3,trt,,COC(=O)C[C@](O)(CCCC(C)(C)O)C(=O)O[C@H]1[C@H]2c3cc4OCOc4cc3CCN3CCC[C@]23C=C1OC,compound
BR00116991,N16,3470.5441751368257,6277.845191555903,570.1211884284597,573.4081313526192,493.0727130570758,495.76622361219705,531.1914651032375,533.8450220853845,1.9064977573128157,0.7224094676885767,64.34143822468482,1.0,0.5682653070105286,0.5510100556498501,85.55561999923039,91.64961523421309,23.64978961997581,8.461948839878415,7.43733085268502,58.11478321870763,54.55851439355775,0.0221822158476086,279.0926855100391,0.845641119875363,0.5105366296300392,0.0605598172217102,0.1666555946251824,0.0552411696085759,0.0310452729996477,0.0218919059752093,0.0206604772939911,0.0291766669758991,0.0220954290306837,0.0148970497497676,0.0157766803447715,0.0110015284713239,0.0115522153552801,0.0114573295188085,0.0134998819733753,0.0119948665641136,0.009500238144339,0.0089703527860653,0.008938871506887,0.0068378437774291,0.0067585036472673,0.0074499795900663,0.0070546185155809,0.0083035534975606,BRD-K36461289-001-05-8,DMSO,BR00116991,JUMP-Target-1_compound_platemap,PIMZUZSSNYHVCU-KBLUICEQSA-N,picrotoxinin,7098683.0,GLRA3,GLRA1|GLRA2|GLRA3|GLRB|HTR3A|HTR3B,trt,,CC(=C)[C@@H]1[C@H]2OC(=O)[C@H]1[C@]1(O)C[C@H]3O[C@]33C(=O)O[C@H]2[C@]13C,compound
BR00116991,N17,3653.751004016064,6575.869879518073,551.1429718875502,597.2867469879518,472.8835341365462,517.0867469879518,511.5218073990778,556.6306426070405,1.930181549087529,0.7281278948390498,65.95827337047605,0.9983935742971888,0.5698623328934954,0.5437122134672322,87.85093902778716,94.17436328480422,24.19955732190653,8.645855370086101,7.599936032084144,59.303598286888615,55.69798894016706,-0.0003362540226962091,287.9451191202387,0.8452294508111325,0.5067734499640232,0.0587458912416004,0.1671363923587395,0.0556030547827919,0.0303226213729897,0.0213660021208643,0.0212543397548426,0.0297042682792782,0.0217645572063203,0.0147170791949887,0.0159220600276672,0.0108595820615966,0.0116964082737439,0.011628096676893,0.013925467950038,0.0117951396347173,0.0093690505877897,0.0087645299976748,0.0088838002723984,0.0066008885405784,0.0066225400378299,0.0074629105736638,0.0070031055593111,0.0081799451731196,,DMSO,BR00116991,JUMP-Target-1_compound_platemap,IAZDPXIOMUYVGZ-UHFFFAOYSA-N,DMSO,679.0,,,control,negcon,CS(=O)C,compound
BR00116991,N18,4295.647425897036,8346.847113884556,619.0733229329173,603.7191887675507,532.201248049922,514.4258970358815,575.1444657797236,558.4874486227608,2.0662250893358616,0.7584204314931823,70.86188299676887,0.9937597503900156,0.5436614087769511,0.5242325369798613,101.32778533222395,106.09545962372955,24.642615443682047,8.806609531332338,7.790747522045949,63.706139509477545,58.81168721925141,0.0348380809187328,321.522090184814,0.825092048868879,0.4763376547946771,0.0591662469854181,0.1542899195019106,0.0578588134359797,0.0332094497731912,0.021084905695684,0.0212070279267429,0.03202483623556,0.0228682198497986,0.0154679603920548,0.0162985161955696,0.0104888275795891,0.0112794762948687,0.0121654421664881,0.0151686395745239,0.0121886963826253,0.0091979645537102,0.0090755374664317,0.0092058584608166,0.0064068313754137,0.0071025413409312,0.0077772439371243,0.0072594090527486,0.0086712105888018,BRD-K07881437-001-03-8,DMSO,BR00116991,JUMP-Target-1_compound_platemap,XKFTZKGMDDZMJI-HSZRJFAPSA-N,danusertib,11442891.0,RET,AURKA|AURKB|AURKC|FGFR1|NTRK1|RET|SLK,control,poscon_diverse,CO[C@@H](C(=O)N1Cc2[nH]nc(NC(=O)c3ccc(cc3)N3CCN(C)CC3)c2C1)c1ccccc1,compound
BR00116991,N19,2276.792993630573,4037.1751592356686,573.1464968152866,634.5955414012739,513.4171974522293,574.9267515923567,542.4929400968533,604.411830003134,1.5583369220460326,0.5525653232886912,52.1556075024712,1.0,0.664349516764589,0.7151114002058703,65.39455414979888,69.14176098204436,21.77110987127216,7.748875050668166,6.784637999968794,47.13025309557619,46.27356920546256,-0.004430772072782,207.6312824346729,0.9144589030309652,0.6707966209607981,0.0553037017799689,0.1363757872465051,0.0420617498281683,0.0224861336161318,0.0169428787733578,0.0398672454784176,0.019278479192751,0.0166013079839249,0.0137272415032679,0.0107341423413173,0.0087664318098718,0.0153644081201587,0.0098802673606051,0.0093391460810955,0.0092729620018308,0.0094582490447523,0.0071210983724487,0.0058697775703443,0.0058513621225975,0.0083117958228633,0.0070641675167836,0.0055696403803298,0.0058064137471407,BRD-K61397605-001-01-8,DMSO,BR00116991,JUMP-Target-1_compound_platemap,OHRURASPPZQGQM-GCCNXGTGSA-N,romidepsin,5352062.0,HDAC3,HDAC1|HDAC2|HDAC3|HDAC4|HDAC5|HDAC6|HDAC7|HDAC8|HDAC9,control,poscon_cp,C\C=C1/NC(=O)[C@H]2CSSCC\C=C\[C@H](CC(=O)N[C@H](C(C)C)C(=O)N2)OC(=O)[C@@H](NC1=O)C(C)C,compound
BR00116991,N20,3676.605187319885,6638.03818443804,577.7536023054755,606.6829971181556,498.6404899135447,526.5216138328531,537.6965147049301,566.0544623428246,1.8820450189689533,0.7202934578846838,66.28409471708372,0.9992795389048992,0.5691762523661584,0.5569654065661189,88.01226855850875,94.2225854957759,24.41258989654234,8.740286406957377,7.694144936101055,59.73041792704828,56.14085210464382,-0.0251778524186521,285.5280824717914,0.8484933669664233,0.5116371360711207,0.0586324209522497,0.1674851947527234,0.0542409639848472,0.0306473452223575,0.0217564410540354,0.0224141646623628,0.0287337040950781,0.0216316312946692,0.0148308752629179,0.015839999405439,0.0112313479201484,0.011519531848525,0.0114730001113098,0.0137430344269586,0.011815290053155,0.0093448979442608,0.0086439092658518,0.0090153928039305,0.0065680117470334,0.0069089466113831,0.0073638108465961,0.0071698612282194,0.0081261516165252,BRD-K61642990-001-01-0,DMSO,BR00116991,JUMP-Target-1_compound_platemap,LRRMQNGSYOUANY-OMCISZLKSA-N,FERb-033,,ERBB2,ERBB2,control,poscon_cp,O\N=C\c1ccc(-c2ccc(O)c(F)c2)c(Cl)c1O,compound
BR00116991,N21,4573.334004024145,8774.674044265594,591.9195171026157,630.430583501006,498.09255533199195,540.6217303822938,544.8057396703442,584.947475396028,2.088832292495643,0.736677059133338,74.31930910139337,1.0,0.5460382507011461,0.5127314715387039,102.78744323669518,109.675342781448,26.273060357674822,9.35121063448474,8.227169246579326,67.08379648616152,61.88046337016443,0.0871979848438957,338.7331180944682,0.8245520934690329,0.4890009422574582,0.0550019475451552,0.1615211815787495,0.0543512454307345,0.0315462125830216,0.0204670977200124,0.0224083252143135,0.0311627564176067,0.0208746895780798,0.0147226790769275,0.0164032550197118,0.0103410178794911,0.0118476364125955,0.0120381506863483,0.01431563234341,0.0114317747262247,0.0091357123241291,0.0085379633086364,0.0092804080111401,0.0063228306910187,0.0065897779194083,0.0074114570831146,0.0071556647913972,0.0085350476063346,BRD-K37764012-001-03-3,DMSO,BR00116991,JUMP-Target-1_compound_platemap,AYCPARAPKDAOEN-LJQANCHMSA-N,PF-03758309,25227462.0,PAK4,PAK4,control,poscon_diverse,CN(C)C[C@@H](NC(=O)N1Cc2c(Nc3nc(C)nc4ccsc34)n[nH]c2C1(C)C)c1ccccc1,compound
BR00116991,N22,3609.632388663967,6393.193522267206,598.9028340080972,573.6866396761134,521.0194331983805,495.5902834008097,559.5859510342492,534.0379360708478,1.853411310394041,0.7235340436517872,65.45354009578745,1.0,0.5768969229278779,0.5638942299709561,86.49816709232715,92.55818916034524,24.186648416982383,8.678243623511353,7.647903764384706,58.81270319457269,55.321673758659635,0.0494954616778611,280.0087909802595,0.8538745770234107,0.5135874619553514,0.059309694294817,0.1682778613393001,0.0557132559234293,0.0302297984240744,0.0215554505616843,0.0215950587507985,0.029079302693414,0.0223507747903183,0.0149992308537826,0.0154225650425343,0.0107147909305572,0.0111241058008127,0.011760176068263,0.0140093685006859,0.0120262167112037,0.0093268968877012,0.0086773124760013,0.0089581761295895,0.0064148513313718,0.0067354250563681,0.0073638266162613,0.0071073194593652,0.0080894325616602,,DMSO,BR00116991,JUMP-Target-1_compound_platemap,IAZDPXIOMUYVGZ-UHFFFAOYSA-N,DMSO,679.0,,,control,negcon,CS(=O)C,compound
BR00116991,N23,3552.871610845295,6291.615629984051,574.3644338118022,599.2384370015949,497.8875598086124,520.5223285486443,535.4554732219582,559.3098694595254,1.8472540092560692,0.7218818749252903,65.11801522914045,0.9992025518341308,0.5767494842981244,0.5643569026280112,85.89802813334491,91.83838876506422,24.068126828529184,8.647220891728802,7.622296493850216,58.319787768159955,55.10123856497528,0.005653837677048,278.0314099968946,0.8558199749348775,0.5157651674920763,0.0592566407214094,0.1687114177050263,0.0553609522605797,0.030532850842946,0.0219789071717682,0.0207548947602506,0.0291913938543811,0.0221079147238761,0.0146953901613848,0.015476065377042,0.0111172064558352,0.0115346746672139,0.0115845008515604,0.013655136130455,0.0118954184970019,0.0096903304516558,0.0087829236038427,0.0090738884227491,0.0067653591992979,0.0066487762960579,0.0073832007304679,0.0069934986550892,0.0078313638809801,BRD-K47978074-001-03-2,DMSO,BR00116991,JUMP-Target-1_compound_platemap,LENZDBCJOHFCAS-UHFFFAOYSA-N,trometamol,6503.0,VEGFA,AMD1|CANT1|DCN|NEIL1|VEGFA,trt,,NC(CO)(CO)CO,compound
BR00116991,N24,3575.42955920484,6474.539325842697,562.942091616249,570.4114088159032,484.7666378565255,492.3171996542783,523.0938301495082,530.9598976140741,1.8659450607959465,0.7247968112874634,64.95007624492156,1.0,0.5693032963151663,0.5609346101901351,86.56609950279832,92.88983939531724,23.93155396565437,8.588148388251756,7.567947060420978,58.29179607023241,54.690539471650666,-0.0202789886329216,279.0773447112515,0.8529864923071063,0.5089879867054617,0.0592791879683331,0.1677983585188083,0.0548431022301258,0.0310715665270049,0.0216313891154375,0.0209832981041999,0.0291950231732887,0.0223346694518097,0.0149329568906165,0.0158513725496901,0.010686147323854,0.0113866584924442,0.0115224849705255,0.0141616503118301,0.0119011057903734,0.0095935103320461,0.0084485135281439,0.0086894465003577,0.0064981855955544,0.0067514038907443,0.0073642995344027,0.0069670216606222,0.0080354666384643,BRD-K22134346-001-22-3,DMSO,BR00116991,JUMP-Target-1_compound_platemap,RYMZZMVNJRMUDD-HGQWONQESA-N,simvastatin,54454.0,ITGB2,HMGCR|ITGB2,trt,,CCC(C)(C)C(=O)O[C@H]1C[C@@H](C)C=C2C=C[C@H](C)[C@H](CC[C@@H]3C[C@@H](O)CC(=O)O3)[C@@H]12,compound
BR00116991,O01,3496.1340136054423,6250.575510204081,560.4292517006803,565.5040816326531,484.03809523809525,487.13945578231295,521.7329507334342,525.7948303084504,1.8899303113798736,0.7282982686958384,64.67678977235333,1.0,0.5715991087866307,0.551181763032367,86.04400112201782,91.65460800413784,23.67736394364033,8.518603055531486,7.513183893328268,58.08759664230162,54.39069851219399,0.0035049564124738,279.3432964944795,0.8487551939591456,0.5120670930245689,0.0575653210268412,0.168167020750866,0.0564328570911512,0.0301036641624013,0.0213492673627062,0.0222597164315167,0.0298869269311992,0.0223064795151096,0.0146248222447809,0.0153897994711846,0.0107330564866407,0.0115711103836941,0.0116427917815588,0.0139626847723337,0.0118628464672698,0.009244094535471,0.0087475008442074,0.0089315154105287,0.0065797513892318,0.0069587365959918,0.0073092072816938,0.0071791294475452,0.0080358235339914,BRD-K16542329-001-16-8,DMSO,BR00116991,JUMP-Target-1_compound_platemap,REZGGXNDEMKIQB-UHFFFAOYSA-N,zaprinast,5722.0,PDE4D,GPR35|PDE1A|PDE4D|PDE5A|PDE9A,trt,,CCCOc1ccccc1-c1nc2[nH]nnc2c(=O)[nH]1,compound
BR00116991,O02,4811.597365945438,8428.908748824082,568.9096895578551,552.7845719661336,479.6161806208843,462.31984948259645,523.6846711885224,506.90563903303973,1.9090687116041904,0.7179511048954609,75.83564002312787,1.0,0.5807470025481205,0.5423504930227873,99.41646359906858,106.696087543012,27.962160384708096,9.981375431891534,8.784757971897205,68.20974103530914,64.06105147342612,-0.0356398463863027,329.55496757110757,0.8581493425323711,0.5166955225474055,0.0582608420018942,0.1726676818848667,0.0551695248330518,0.0295768999378815,0.0218152786693034,0.0206610160663478,0.0293024101293381,0.0219752388925262,0.0145172459146123,0.0156528437506681,0.0107323934887011,0.0112751968739622,0.0119241500074038,0.0137341524387296,0.0117871856300028,0.0092600249055248,0.0085024261300624,0.0088820191408533,0.0065545193310014,0.0064198462747651,0.0072863397919411,0.007246760209032,0.0080817177288718,BRD-A10188456-001-04-9,DMSO,BR00116991,JUMP-Target-1_compound_platemap,UREBDLICKHMUKA-QCYOSJOCSA-N,dexamethasone,5702035.0,ANXA1,ANXA1|NOS2|NR0B1|NR3C1|NR3C2,trt,,C[C@@H]1CC2C3CCC4=CC(=O)C=C[C@]4(C)[C@@]3(F)[C@@H](O)C[C@]2(C)[C@@]1(O)C(=O)CO,compound
BR00116991,O03,3367.6596258298127,6027.007845503923,534.7664453832227,584.3952926976464,458.71876885938445,508.6934218467109,496.15857345187646,546.0944921941089,1.9111357112571417,0.7265031397367672,63.36530609644963,1.0,0.5684198580541255,0.5433613151555954,83.91729879231951,89.71706896615574,23.17437536801788,8.313466455996602,7.319392096189835,56.93713448238306,53.45377402040093,0.0866898639820639,275.4713010342328,0.8479750534426512,0.510860619590385,0.0578680223809756,0.1685676784457934,0.0558198329823527,0.0302219446289993,0.0212434281664095,0.0214300116813275,0.0298325289360179,0.0222229367112666,0.0144242319287391,0.0157029542348372,0.010764427688115,0.0115369764110371,0.0117805641065332,0.01403116605888,0.0120383494657389,0.0090330419804109,0.0085275703121327,0.0088926830349226,0.006517288139696,0.0066418267184452,0.0074454769997688,0.0072115779223863,0.0083181854123199,BRD-K93632104-001-17-2,DMSO,BR00116991,JUMP-Target-1_compound_platemap,YGSDEFSMJLZEOE-UHFFFAOYSA-N,salicylic-acid,118212070.0,AKR1C1,AKR1C1|PTGS1|PTGS2,trt,,OC(=O)c1ccccc1O,compound
BR00116991,O04,3485.5123911587407,6212.67649028801,570.3154722036169,598.4936369725385,494.0160750167448,521.3081044876088,531.5707890796393,559.3477066583212,1.8955880608756472,0.7262439290323393,64.1448147890483,1.0,0.5704031729974823,0.5489046018155125,85.1717346667819,90.8152574195244,23.55624703309523,8.43738915214424,7.423639712934807,57.559901647099345,54.07749999228035,0.0021186053406903,277.8336476390393,0.8496046200081911,0.512755481050917,0.0598971710069822,0.1679599485359588,0.0553127812197757,0.0313066684353786,0.0214619682785499,0.0206471116250922,0.0289027172086852,0.0220828557872274,0.015247049485869,0.0155916203060178,0.011084163614911,0.0116751516321181,0.0116538289633026,0.0139520721025426,0.0119020486221272,0.0093321250791961,0.0088338562259212,0.0089547252715491,0.0067801987537809,0.0067549730069343,0.0074117073750591,0.0069687939264964,0.00812069281878,BRD-A69636825-003-04-7,DMSO,BR00116991,JUMP-Target-1_compound_platemap,HSUGRBWQSSZJOP-UHFFFAOYSA-N,diltiazem,3076.0,CACNG1,CACNA1C|CACNA1S|CACNA2D1|CACNG1|HTR3A|KCNA5,trt,,COc1ccc(cc1)C1Sc2ccccc2N(CCN(C)C)C(=O)C1OC(C)=O,compound
BR00116991,O05,3267.5929319371726,5814.488874345549,596.2663612565445,577.8619109947643,522.6917539267016,502.2624345549738,558.9833811196867,539.499064150725,1.8464949002806916,0.7275771479660349,62.44042350880608,1.0,0.5725809909858238,0.5625409837618659,82.98644837683901,88.58956511403228,22.887276667852923,8.265280568859753,7.306968546037663,55.706181459145,52.44350248783961,0.0174259368972239,266.8937937923404,0.8540989865378873,0.5117501075489268,0.0577206200100632,0.1682808296120814,0.0561449166296895,0.0297616593094588,0.0215208271503942,0.0219099699394815,0.0300471766606691,0.0221731670088623,0.0149610550754585,0.0156718073145213,0.0109335731056277,0.0115159787811778,0.0118234079754325,0.0140404711594762,0.0118619448600813,0.0090045401419707,0.0090139637238643,0.0088651253955057,0.0066854853368621,0.0066150394772671,0.0071691758621003,0.0069818381107267,0.0078755410178714,BRD-K19227686-001-18-6,DMSO,BR00116991,JUMP-Target-1_compound_platemap,KJFMBFZCATUALV-UHFFFAOYSA-N,phenolphthalein,4764.0,UGT1A9,UGT1A9,trt,,Oc1ccc(cc1)C1(OC(=O)c2ccccc12)c1ccc(O)cc1,compound
BR00116991,O06,3327.7849740932643,5966.572538860104,549.6269430051814,616.7532383419689,474.7260362694301,540.6586787564767,511.6849650582081,578.1330378845624,1.9266947160576031,0.7206216312585567,62.975937809952235,1.0,0.5669321876649179,0.5415938805851352,83.41304153533768,89.15574249924242,23.02515285926558,8.248331205414095,7.259080385247586,56.99341410633511,53.39174590520593,0.040942444937454,274.7945524032667,0.8437399490243919,0.511797253493507,0.0576235226895975,0.1683277050024242,0.055787101348417,0.0295739965881541,0.0222867481093331,0.0211429022852958,0.0299038286640471,0.0217470351687791,0.015058704056544,0.0162120925891307,0.0108642907772003,0.0113504614226375,0.0117825045657985,0.0139117580771659,0.0117649150970605,0.0090446344854072,0.008764348920817,0.0091137805286519,0.0065847636540473,0.0064232131517684,0.0073425890698712,0.0070037700881178,0.0080941604067365,BRD-K98763141-001-30-8,DMSO,BR00116991,JUMP-Target-1_compound_platemap,JZFPYUNJRRFVQU-UHFFFAOYSA-N,niflumic-acid,4488.0,UGT1A9,ANO1|CLCN1|CLCNKA|CLCNKB|KCNQ1|PLA2G1B|PLA2G4A|PTGS1|PTGS2|UGT1A9,trt,,OC(=O)c1cccnc1Nc1cccc(c1)C(F)(F)F,compound
BR00116991,O07,3289.663234403392,6053.814052089642,570.0884312537855,593.5021199273168,494.93095093882494,516.2398546335554,532.0765117360497,554.3360991869043,2.3381042158526704,0.7090174005646509,62.987425912255645,0.9993943064809206,0.5579630633494693,0.4565163936525437,83.10989803483254,89.63909026676262,22.34834777300804,7.788038398386871,6.738072629086849,58.779700050873615,54.53074018853247,0.0350218998850214,303.96408485837185,0.8116251644385564,0.5070265010896214,0.0561929241047906,0.1690972560700143,0.0521772049695715,0.0299220959911666,0.0214458655008645,0.0204988932282431,0.0281965312122835,0.0213760330343138,0.0146418334859976,0.016038082202636,0.0111716746220483,0.0112267972051249,0.0114704440890754,0.0142190170878298,0.011843006154366,0.0092449165810618,0.0085126160650112,0.0097725187536206,0.0069491276256428,0.0064433290870251,0.0073021964449334,0.0071221820706938,0.0085223456974716,,DMSO,BR00116991,JUMP-Target-1_compound_platemap,IAZDPXIOMUYVGZ-UHFFFAOYSA-N,DMSO,679.0,,,control,negcon,CS(=O)C,compound
BR00116991,O08,3471.8046380885453,6256.152494729445,603.2129304286718,600.962052002811,526.1616303583977,522.7463106113844,564.1864610790935,561.3542641240023,1.9102277670488308,0.7256471441510457,64.59303071445015,1.0,0.5673036464441159,0.5457843236190902,85.87339893467653,91.90856142071064,23.673515223591753,8.476146601951488,7.460328518644763,58.22681768846276,54.54538486813574,-0.010344789041817,280.673174726888,0.846381801809046,0.5082402763202609,0.0595606836512022,0.1671548986904743,0.0556319967449061,0.0312182894805651,0.0214051300361946,0.0215164037622013,0.0296260297527818,0.0219630600497572,0.0150712884692613,0.0158483021057309,0.0109094064643535,0.0111212483399491,0.0115752044835004,0.0137665805188584,0.011693886149095,0.0092407679516259,0.0088280900991585,0.009036917462606,0.0067989435549341,0.0065846536665782,0.0073472621047338,0.0070296448847379,0.0080186384124475,BRD-A15397381-001-02-5,DMSO,BR00116991,JUMP-Target-1_compound_platemap,LEVWYRKDKASIDU-UHFFFAOYSA-N,L-Cystine,24798687.0,SLC7A11,CTNS|SLC3A1|SLC7A11|SLC7A9,trt,,NC(CSSCC(N)C(O)=O)C(O)=O,compound
BR00116991,O09,3663.008447043535,6574.2962962962965,559.0383365821963,577.2280701754386,480.01104613385314,497.0675763482781,519.067647657868,536.6781298097087,1.93341750162701,0.7092652509338674,66.59346305954713,1.0,0.5734193348748642,0.5411912094917414,87.26577684502581,93.77081058569772,24.5731309994488,8.748356680241915,7.679541290542493,60.73512141781561,57.067428661318345,0.0215768124414148,290.59206014494345,0.8435872524606609,0.5186473840280149,0.0587027791948345,0.1701856400524937,0.0537467377657921,0.0296461920187953,0.0222568234709,0.0209560191312988,0.028464741642012,0.0217019741056103,0.0146798535176289,0.0160504350234306,0.0111065049787438,0.0114585291342747,0.0115904301773383,0.0136113349274218,0.011713459579238,0.0091825776015686,0.0089196921288109,0.0091626816502015,0.0068237163690573,0.0067167584942273,0.0073903182214905,0.0069907558237199,0.0082197925893935,BRD-K46625559-001-01-8,DMSO,BR00116991,JUMP-Target-1_compound_platemap,XRVDGNKRPOAQTN-FQEVSTJZSA-N,ozanimod,52938427.0,S1PR1,S1PR1,trt,,CC(C)Oc1ccc(cc1C#N)-c1nc(no1)-c1cccc2[C@H](CCc12)NCCO,compound
BR00116991,O10,3530.030900723209,6339.438527284681,576.5982905982906,613.7915844838922,499.3412228796845,535.2853385930309,537.4265471564194,574.0490968138453,1.934519122155708,0.7179902504124914,64.95646305019714,1.0,0.5684103371379499,0.5400456816898337,85.69869748374826,91.85641045114046,23.770650496763142,8.496637985057436,7.465603688105678,59.05112281518892,55.33564209469195,0.0046907955674606,283.96420207191466,0.842188518622342,0.5130166042273517,0.0585419763759209,0.1686542578902525,0.0550266333426384,0.029971226932215,0.0217171966239847,0.0209636918629406,0.0295187705924742,0.0218248018420472,0.015050431538989,0.0158142124121888,0.0109456991842242,0.0113611787319629,0.0118000696302379,0.0139291723178443,0.011809822465721,0.0095809478972499,0.0087625574379955,0.0090931894600619,0.0066583157742507,0.0064469981108191,0.0072888680138329,0.0070621603942121,0.0081083680981781,BRD-A10739734-003-09-8,DMSO,BR00116991,JUMP-Target-1_compound_platemap,RATZLMXRALDSJW-UHFFFAOYSA-N,efaroxan,72016.0,ADORA2A,ADORA2A,trt,,CCC1(Cc2ccccc2O1)C1=NCCN1,compound
BR00116991,O11,3519.6533973919013,6343.334248455731,595.6005490734386,564.6190803019904,518.1317776252574,486.1105010295127,556.2361698695917,524.8435281295909,1.9204556329003335,0.724380247910618,64.97320164759704,0.9993136582017844,0.5674935718695797,0.5438500541774312,86.037846687193,92.1728758508115,23.81563193857992,8.517672790006372,7.492205652885123,58.62565724525655,54.946787796185056,0.0214431518880231,282.7912736502724,0.8465227336676696,0.5098782040778419,0.0581301456621109,0.1692505860122077,0.0551580763626863,0.0301037558636738,0.021761959599172,0.0207010283327048,0.029365589866056,0.0217013241396825,0.0146511600729187,0.0159711934688507,0.0107760168348664,0.0115379718260984,0.0119391815671025,0.013955869658165,0.0122428485774496,0.009172851637815,0.0088248224537121,0.0089914942734744,0.0066369031246,0.0068285588581741,0.0074494804043065,0.0070267824513824,0.0084837042305771,BRD-K11796549-001-05-2,DMSO,BR00116991,JUMP-Target-1_compound_platemap,UQNAFPHGVPVTAL-UHFFFAOYSA-N,NBQX,3272524.0,GRIN2A,GRIA1|GRIA2|GRIA3|GRIA4|GRIK1|GRIN1|GRIN2A|GRIN2B,trt,,NS(=O)(=O)c1cccc2c1c(cc1[nH]c(=O)c(=O)[nH]c21)[N+]([O-])=O,compound
BR00116991,O12,3390.840330350998,6069.680660701996,571.2429456297316,613.2546455609084,494.9022711631108,537.301445285616,532.5535472630972,574.7052354481677,1.907501561344868,0.7213447764804518,63.60454293395478,0.9993117687543016,0.5688150297069011,0.5475628488482098,83.99171396195614,89.9463028724835,23.37297944299099,8.37574978172313,7.366315779847773,57.509549835225386,53.939667575155696,0.0195016537265024,275.5091135289776,0.8471339742982638,0.5130882464756056,0.0594347937428957,0.1690166391839859,0.0547651699522176,0.0309390995206898,0.0214919854548495,0.0206824960908998,0.029237475490227,0.0216194871270316,0.0150953404989137,0.0153465506051458,0.0108277503829049,0.0115268929032864,0.0117549610048573,0.0138267206129979,0.0118482802209903,0.0094378125032937,0.0089448069587343,0.0089044549372302,0.0066899274502704,0.0065202957644586,0.0072811250742196,0.0070670704381649,0.0080593964685716,BRD-K26521938-001-07-2,DMSO,BR00116991,JUMP-Target-1_compound_platemap,XEYBRNLFEZDVAW-ARSRFYASSA-N,dinoprostone,5280360.0,CATSPER4,CATSPER1|CATSPER2|CATSPER3|CATSPER4|PTGDR|PTGDR2|PTGER1|PTGER2|PTGER3|PTGER4|PTGFR|TBXA2R,trt,,CCCCC[C@H](O)\C=C\[C@H]1[C@H](O)CC(=O)[C@@H]1C\C=C/CCCC(O)=O,compound
BR00116991,O13,3493.8413696715584,6285.5436757512225,562.8909853249476,596.9140461215933,486.2788259958071,518.7889587700909,524.0899186489398,557.4243539892797,1.885797812337017,0.7199340788428807,64.45119200341902,0.9993011879804332,0.567039958241827,0.5529529187034575,85.22571804911621,91.29351242820871,23.719007999851883,8.492160212796765,7.475578475140418,58.01906019440262,54.560426322678985,0.0080845227277018,278.4301855055416,0.8499286260305176,0.5132029043110129,0.058357549945301,0.1689315683579679,0.0556293334294547,0.0298642138430197,0.0214477164452472,0.0210766655059136,0.0294934620618744,0.021801822979327,0.0149685648410497,0.0157791739123601,0.0110326425180633,0.0114545220512758,0.0115390762636957,0.0137922187340779,0.011844550606447,0.0091971227069074,0.0087342505038806,0.0090906104450356,0.0067340139974119,0.0070025690172573,0.0072698030197744,0.007087045933749,0.0079076974330891,BRD-A07207424-001-14-0,DMSO,BR00116991,JUMP-Target-1_compound_platemap,PDMUULPVBYQBBK-UHFFFAOYSA-N,Ro-20-1724,5087.0,PDE3A,PDE3A|PDE4A|PDE4B|PDE4C|PDE4D,trt,,CCCCOc1cc(CC2CNC(=O)N2)ccc1OC,compound
BR00116991,O14,3586.0624060150376,6538.255639097744,569.1812030075188,559.9887218045113,490.2872180451128,480.8443609022556,529.1793333482434,519.947694982766,1.9337918875167324,0.7250321191123436,65.40833544484012,0.9992481203007518,0.5634819273888032,0.5433833951990971,87.57485413301583,93.88476291661424,23.87946548539397,8.534667813962407,7.502919167682871,58.98729684606823,55.21755131153952,0.0005934703683016315,285.68020333720295,0.8427176229665979,0.5042518540568094,0.0596214871498514,0.165359085071399,0.0547064370498949,0.0308293995947093,0.0215274669807199,0.0220344638012106,0.0298459434617434,0.0225211720785914,0.0151350007030879,0.0154359994871699,0.0105546517015669,0.0112888131533186,0.0117238155271688,0.0143370331610691,0.0120408578203823,0.009254826671727,0.0087934637011944,0.008851377160722,0.0067285108697162,0.0066306606699243,0.0075293319208878,0.0071141741643322,0.008164259788864,BRD-K72815923-034-02-0,DMSO,BR00116991,JUMP-Target-1_compound_platemap,JOLJIIDDOBNFHW-UHFFFAOYSA-N,xanomeline,60809.0,CHRM2,CHRM1|CHRM2|CHRM3|CHRM4|CHRM5|HTR1A|HTR1B|HTR1D|HTR1E|HTR1F|HTR2A|HTR2B|HTR2C|HTR6|HTR7,trt,,CCCCCCOc1nsnc1C1=CCCN(C)C1,compound
BR00116991,O15,3572.4759933774835,6470.091059602649,620.023178807947,558.9925496688742,541.3559602649007,480.6672185430464,580.0589576011771,519.2617883823119,1.9068804584953916,0.7291605288449329,65.18066723766894,1.0,0.5656809697498121,0.5513390779515923,87.21223429157241,93.21466628916107,23.915561754823944,8.57214230047655,7.540093547092424,58.4533521373464,54.83058756418673,0.0547198365698285,282.52515168389823,0.8471269601875518,0.507137003832662,0.0597860017418844,0.1669323500917778,0.0557734804165773,0.0307575303547073,0.0212621653785667,0.0211408170617772,0.0294064729099417,0.0218539976485131,0.0148421201619241,0.01544953922373,0.0107216807961213,0.0118630432478509,0.0118688208468488,0.0139199218991368,0.0117822416340543,0.0093996830505415,0.0086393436353759,0.0090839026943938,0.0064566233662698,0.0066573025260797,0.0073666060364713,0.0071478670697476,0.0080629177081676,BRD-K01825589-310-02-9,DMSO,BR00116991,JUMP-Target-1_compound_platemap,VCKUSRYTPJJLNI-UHFFFAOYSA-N,terazosin,5401.0,KCNH7,ADRA1A|ADRA1B|ADRA1D|KCNH2|KCNH6|KCNH7,trt,,COc1cc2nc(nc(N)c2cc1OC)N1CCN(CC1)C(=O)C1CCCO1,compound
BR00116991,O16,3450.917638984214,6279.231297185998,553.035003431709,584.5820178448868,475.20109814687714,507.4859299931366,513.5319689405972,545.3991785349031,1.8954536762954743,0.7222649630730619,64.32304744904737,0.9993136582017844,0.5671834530045171,0.5561564207750775,85.62530499321304,91.70479350922623,23.70995127394824,8.489083174370663,7.47231958608015,57.93646593133433,54.51897337753087,0.0425610826040274,277.59673858853563,0.8484590142159056,0.5100026479459067,0.0601289419825515,0.1673193715528131,0.0550575728897684,0.0306385990329007,0.0218289279211428,0.020594982810414,0.029246588668035,0.021928863941361,0.0149819163275134,0.0159805182001923,0.010870426609627,0.0115638209531197,0.0114973905566969,0.0136257475075005,0.0118650323794349,0.0093369613047646,0.0087001383658316,0.0091691459803541,0.0067267784487892,0.0067838069747039,0.0073137886237853,0.0070057889749003,0.0079872879695719,BRD-K68567222-001-01-2,DMSO,BR00116991,JUMP-Target-1_compound_platemap,LLPBUXODFQZPFH-UHFFFAOYSA-N,BVT-948,6604934.0,PTPN2,PTPN1|PTPN11|PTPN2,trt,,CC1(C)C(=O)NC2=C1C(=O)C(=O)c1ccccc21,compound
BR00116991,O17,3478.3147887323944,6282.626056338028,544.6133802816902,608.1838028169014,467.5176056338028,530.3380281690141,505.5852200416566,568.6954919141003,1.8927463328655256,0.715303557117155,64.46805398352784,0.9992957746478872,0.5652765456377136,0.5508394726490118,85.1707638355507,91.3728411722532,23.743082958953625,8.500344205201808,7.476461363703873,58.07384079784447,54.689143869122034,0.0294428428048033,278.9156382525125,0.8486627089880158,0.5129038982283564,0.059454668005237,0.168249257700035,0.0540147380268716,0.0307282733560906,0.0220124046132259,0.0217632523705935,0.0286585412119376,0.0220509268309275,0.0145893549991293,0.0157203484813239,0.0110855194010804,0.0115741501497653,0.0117349227538501,0.0139645560770476,0.0117784146986178,0.0092656962079391,0.0086391337762601,0.0091257372560763,0.0065444850937334,0.0067651615969526,0.0073371853996376,0.0071571906240268,0.0080356680237309,BRD-K01825660-322-01-9,DMSO,BR00116991,JUMP-Target-1_compound_platemap,SNICXCGAKADSCV-UHFFFAOYSA-N,nicotine,942.0,TBXAS1,CHAT|CHRNA10|CHRNA2|CHRNA3|CHRNA4|CHRNA5|CHRNA6|CHRNA7|CHRNA9|CHRNB2|CHRNB3|CHRNB4|CYP19A1|TBXAS1|TRPA1,trt,,CN1CCCC1c1cccnc1,compound
BR00116991,O18,3553.025513378967,6355.451773490977,596.8363410080896,596.0790292470442,518.9365276913503,518.4536403235843,557.3863794323884,556.8188679061326,1.9178313466499584,0.7216024194071358,64.91757151772846,0.9993777224642192,0.5683775564603547,0.5448754431507641,85.71965216782029,92.03927116426024,23.78973439222981,8.517378789593732,7.490320413189659,58.62322424949606,55.05549974625056,-0.0078342735101047,282.80434274360186,0.8462318720705599,0.5097429725176421,0.0588824488920182,0.1688074390865017,0.0547183268251704,0.0307107028635681,0.0219213008413744,0.0211573996691179,0.0292915158961112,0.0219546749830453,0.014872301867706,0.0159667444350536,0.0104773195660538,0.0113513091427682,0.0119517437000676,0.0139950541717358,0.0118874941539644,0.0094145658759827,0.0086897202512404,0.0089592615178986,0.0066530289524353,0.0065218977911499,0.0073198431498941,0.0071183906661716,0.0080768250573544,,DMSO,BR00116991,JUMP-Target-1_compound_platemap,IAZDPXIOMUYVGZ-UHFFFAOYSA-N,DMSO,679.0,,,control,negcon,CS(=O)C,compound
BR00116991,O19,3614.702414772727,6592.762073863636,584.2017045454545,595.5475852272727,505.14772727272725,515.8792613636364,544.1846057189011,555.3054186787035,1.9285939610003588,0.7271497162980626,65.74839342305917,1.0,0.5638357699878487,0.545067059707122,87.79790322658074,94.28891689823584,24.09258900014951,8.627873430155942,7.597118786528634,59.18218850518374,55.37514017558787,0.0151840804840833,286.69014416232864,0.8448150352789806,0.5060038299732184,0.0595413831633118,0.1667824751882904,0.0546727637106768,0.0310339929563887,0.0211046920159248,0.0218716809019982,0.0291616271494129,0.0220134241708581,0.015033845953256,0.0154248664547436,0.0104791692795383,0.0116380395732893,0.0118460679200449,0.0138196542090145,0.0119265959657043,0.0091948093832762,0.0086761070058121,0.0088906105169402,0.0064104189375415,0.0068826098108785,0.0073078238052632,0.0071743861913029,0.0082459478561175,BRD-K08953028-001-09-6,DMSO,BR00116991,JUMP-Target-1_compound_platemap,VDQLKIBLTMPAHI-UHFFFAOYSA-N,U-0521,21632.0,COMT,COMT,trt,,CC(C)C(=O)c1ccc(O)c(O)c1,compound
BR00116991,O20,3526.6253369272235,6311.078167115903,544.0370619946092,582.0316711590297,466.1698113207547,504.1799191374663,504.6009705126666,542.678252336645,1.8679290238236888,0.7161543734516503,65.09948777073386,1.0,0.5714921071557674,0.5583120094008768,85.641613269139,91.99333309003724,24.01031221301631,8.605188356390146,7.576490421592886,58.88093968755,55.349861842817354,-0.0140928228806693,279.5890250655208,0.8509325499044348,0.5159317159621974,0.0591630250461251,0.1690484192602528,0.0543339978340548,0.0300669119075755,0.0215724642802641,0.0218404423185394,0.0286536351381774,0.0219584613007799,0.0149567205326127,0.0155178151985821,0.0108959269375076,0.0115337323122687,0.0115173280139677,0.0137680230327868,0.0119163120032056,0.0091974819548583,0.0087572444469887,0.0088513598840608,0.0066246061506709,0.0068862449958464,0.007383745748826,0.0070873937819835,0.0082144174713582,BRD-K20093108-001-02-3,DMSO,BR00116991,JUMP-Target-1_compound_platemap,NXNKJLOEGWSJGI-BKMJKUGQSA-N,BMS-587101,11635371.0,ITGB2,ITGAL|ITGB2,trt,,CN1C(=O)N(C(=O)[C@]11CN(Cc2cc(cs2)C(O)=O)C[C@H]1c1ccc(cc1)C#N)c1cc(Cl)cc(Cl)c1,compound
BR00116991,O21,3590.160167130919,6328.893454038997,595.2388579387186,592.0257660167131,517.9575208913649,512.924791086351,556.1782319320348,551.9646738963643,1.8366451350328976,0.7140011858548725,65.78428703731878,1.0,0.5771474499179546,0.5650918630708198,86.16515569590963,92.29424868155346,24.35941342298053,8.754092725411068,7.72060162949936,59.203787532397946,55.893804131048356,0.0446419187598505,279.9975629268373,0.8555557169994557,0.5211060878268542,0.0590410412677571,0.1701595873972287,0.0547387296294611,0.0297917472599425,0.0218015520686119,0.0211179268138595,0.0286056627579064,0.0220386571494133,0.0148113815237253,0.015451758909929,0.0108159387035879,0.0118643983452933,0.0115294344805135,0.0133758219447434,0.0120391470141927,0.0096652010443205,0.0089275913345092,0.0091158535189156,0.0064483807894911,0.0065806372764481,0.0073122385737017,0.0069770378440658,0.0081112681760166,BRD-A58048407-001-20-4,DMSO,BR00116991,JUMP-Target-1_compound_platemap,UIAGMCDKSXEBJQ-UHFFFAOYSA-N,nimodipine,4497.0,CACNB4,AHR|CACNA1C|CACNA1D|CACNA1F|CACNA1S|CACNB1|CACNB2|CACNB3|CACNB4|CFTR|NR3C2,trt,,COCCOC(=O)C1=C(C)NC(C)=C(C1c1cccc(c1)[N+]([O-])=O)C(=O)OC(C)C,compound
BR00116991,O22,4780.501766784452,8370.396937573616,640.4958775029446,596.771495877503,552.8127208480565,506.3144876325088,596.4365378261855,551.1190613320482,1.8925582439603887,0.7190300915831476,75.11764334238035,0.9988221436984688,0.5809612550394434,0.5496526542655352,98.6256164476086,105.67280529441412,27.71006714873026,9.866218916849707,8.686129860226645,67.63069290263218,63.60734510658449,0.067821204223122,325.5456471011454,0.8565112207065,0.5174833918095618,0.0584680479231963,0.1702359471540691,0.055152542514191,0.0294765120031098,0.0212046550546435,0.0210688373856708,0.0295997265403145,0.0219761959170984,0.0149503180729462,0.0153648324853837,0.0108074577356661,0.0116860408606942,0.0116549582988445,0.0136948485756128,0.0117911790666431,0.009182035806047,0.0087742682891767,0.0091643211690372,0.0067585821329961,0.0068399593659015,0.0072401456555143,0.0069614514937248,0.0078556027051192,BRD-K80970344-201-08-6,DMSO,BR00116991,JUMP-Target-1_compound_platemap,VSWDORGPIHIGNW-UHFFFAOYSA-N,pyrrolidine-dithiocarbamate,65351.0,HSD11B1,HSD11B1|RELA,trt,,SC(=S)N1CCCC1,compound
BR00116991,O23,3543.9428117553616,6358.758538522637,551.1008737092931,583.1779189833201,473.4575059571088,505.03335980937254,511.8951301902245,543.7160674427411,1.8317990303127607,0.7223074028460325,65.0406922429079,1.0,0.5728667031905846,0.570921975316237,86.19122662107532,92.38931551973158,24.024661761514963,8.634517596002121,7.624360463188052,58.310907362950786,54.96389966048379,0.001147707307832,276.74235673639123,0.8574933288292951,0.5127981405966908,0.0580448266955912,0.1691956883538263,0.0554849981615931,0.0291949969534051,0.0210186600583548,0.0217782987569511,0.0297701326132927,0.0224409941962562,0.0148336203533095,0.0157072924251911,0.0106709701503324,0.0112256479404782,0.0118125950905935,0.0139673541501196,0.0119329645581399,0.009194526571729,0.0085318048291277,0.0087122923926047,0.0066471344866984,0.0067439509617198,0.0075938747380073,0.0071156854822973,0.0078845079868786,BRD-K18289362-001-02-2,DMSO,BR00116991,JUMP-Target-1_compound_platemap,ZESFDAKNYJQYKO-UHFFFAOYSA-N,PF-915275,23725123.0,HSD11B1,HSD11B1,trt,,Nc1cccc(NS(=O)(=O)c2ccc(cc2)-c2ccc(cc2)C#N)n1,compound
BR00116991,O24,3968.199727334697,7039.8357191547375,607.3967280163599,596.1247443762782,525.3646898432174,513.6080436264485,565.9036954122931,554.422116340126,1.8775965765412543,0.7178106655074559,68.96085504146414,0.9986366734832992,0.57415818421196,0.5547966677622952,90.85294925056522,97.38812793534385,25.381346878993448,9.07932072179114,8.00640196283036,62.12329449043028,58.39832170900283,0.0246097697933661,297.3271411756149,0.853243960465652,0.5159412237841494,0.0581794799863552,0.1702107775819182,0.0550997204464126,0.0291914478130101,0.0217488162440659,0.0209749352604983,0.0295477958470518,0.0221308487889767,0.015025163520175,0.0157304068081917,0.0110283110806497,0.0114124420203511,0.0117909164558108,0.0140943271295524,0.0118982438590216,0.0091965637237037,0.0087498151800908,0.0091767652871336,0.0064996430328485,0.0066308456162023,0.007169503181317,0.007164421056761,0.0081554381024516,BRD-K43330982-001-02-3,DMSO,BR00116991,JUMP-Target-1_compound_platemap,RNSLRQNDXRSASX-UHFFFAOYSA-N,JTE-013,10223146.0,S1PR2,P2RY10|S1PR2,trt,,CC(C)c1cc(NNC(=O)Nc2cc(Cl)nc(Cl)c2)nc2n(C)nc(C)c12,compound
BR00116991,P01,4055.409125475285,7283.308745247148,556.309505703422,597.4585551330798,473.34828897338406,513.244866920152,514.3646409263814,554.8797028953775,1.9567302466034393,0.7243076718797744,69.67432001444978,1.0,0.5699676414924576,0.5354021763501994,92.7587387456806,99.48963607992518,25.501477083864497,9.093195884854296,7.989877239645874,62.61938090835117,58.766423249977144,0.0274724121895117,306.0404581699047,0.848792166665223,0.5076166321455681,0.0588177077143725,0.1679462390242621,0.054438812605556,0.0305924456966154,0.0210135877648289,0.0220655061579361,0.0292556110623623,0.0218270865813713,0.015091373538327,0.0153278631432362,0.0105095457391981,0.0113747927769761,0.0117802055063716,0.0140962084190434,0.0116183643946455,0.0092930334844547,0.0087246140547532,0.0087596013569435,0.0064814314637669,0.0067470043835804,0.0072319777659779,0.0071194375296047,0.0080097943626188,BRD-K05878375-236-05-7,DMSO,BR00116991,JUMP-Target-1_compound_platemap,FERIUCNNQQJTOY-UHFFFAOYSA-N,sodium-butyrate,264.0,FFAR2,BCHE|FFAR2|FFAR3|HDAC1|HDAC2|HDAC3|HDAC8,trt,,CCCC(O)=O,compound
BR00116991,P02,3764.102234258633,6781.169939065674,590.9979688557887,599.9546377792823,511.0006770480704,519.241029113067,550.5081159650183,559.3177338913433,1.89576814100207,0.7318649971323629,66.87529380388266,1.0,0.569578969246654,0.5532617468574786,89.45967067885111,95.55455094117649,24.404357017244415,8.765273261599843,7.725194219234225,60.073428882724336,56.32995970767924,0.0438063039941493,288.9503962533808,0.8486398868403858,0.5060936748093062,0.0581332909390399,0.16781707834676,0.0561823536357735,0.0306202765211077,0.0212605274292054,0.0212826097482036,0.0302046664756121,0.0220216147021888,0.0146909557268002,0.0154211246184483,0.0109977620328737,0.0112990909401368,0.0118464227225969,0.0140887781566215,0.0118914424047048,0.0094272197391759,0.0086663315668774,0.0091324558009269,0.0066928484340256,0.0070094772914789,0.0073247581632758,0.0071343046990518,0.0080314932336114,BRD-K91543828-001-02-0,DMSO,BR00116991,JUMP-Target-1_compound_platemap,FPVKHBSQESCIEP-JQCXWYLXSA-N,pentostatin,439693.0,ADA,ADA,trt,,OC[C@H]1O[C@H](C[C@@H]1O)n1cnc2[C@H](O)CNC=Nc12,compound
BR00116991,P03,3994.175272727273,7200.776727272727,555.9243636363636,605.1076363636364,473.8770909090909,521.9556363636364,514.5308823774234,563.0117748851891,1.9082602841419225,0.7182744590749351,68.79605486969766,0.9992727272727272,0.5683123709106612,0.55019174449445,91.25463864297652,97.81877798865617,25.274997686270105,9.026698144359536,7.942084098456887,62.14067584095477,58.408140043017866,0.030306213483376,298.3488677928451,0.8482259099708206,0.5114156310566854,0.0582669698912926,0.1685425284200949,0.054194467917659,0.0302772593011799,0.0216682050622737,0.0216046373755669,0.0288995448225024,0.0219557720627292,0.0146656812189366,0.0159768616504374,0.0108172179037898,0.0117312443429173,0.0116094195039687,0.0138285603630539,0.0118125351658763,0.0093061295411029,0.0085395710209089,0.0090673047337501,0.0066236396042473,0.0070376057362062,0.0074138203473599,0.007171214192867,0.0080668297844009,BRD-K48830578-001-01-9,DMSO,BR00116991,JUMP-Target-1_compound_platemap,ICDMLAQPOAVWNH-HAAQQRBASA-N,OMDM-2,6604915.0,GPR119,GPR119,trt,,CCCCCCCC\C=C/CCCCCCCC(=O)N[C@@H](CO)Cc1ccc(O)cc1,compound
BR00116991,P04,3741.605886575736,6791.954773869346,575.1399856424982,572.254127781766,495.53122756640346,491.1213208901651,534.8190451739605,531.1709382393709,1.906821902460217,0.7341635251611864,66.60743669620233,0.9992821249102656,0.5626804186040858,0.5476075018694352,89.35031446240586,95.56426453401149,24.179172904024817,8.680387695095142,7.653032498001346,59.73538238428691,55.99880947353497,0.0368575572039162,289.11451747091434,0.8458434324430493,0.4990973356637343,0.0584673050397344,0.1668361477062255,0.0560446578584526,0.0316346629899464,0.0213753921606849,0.0219288883727412,0.0306096923652572,0.0221476392045419,0.014690310447074,0.0159123669055725,0.0106624146397289,0.0113687058464275,0.0114658375884398,0.0140626137622103,0.012149663261925,0.0094352416718393,0.0086275333631947,0.0091139829180819,0.0064600854965371,0.0067379639895204,0.0072382161603202,0.0070631307430645,0.0083128034338209,BRD-A72767275-003-01-6,DMSO,BR00116991,JUMP-Target-1_compound_platemap,WJBLNOPPDWQMCH-UHFFFAOYSA-N,nalmefene,4422.0,OPRM1,OPRD1|OPRK1|OPRM1,trt,,Oc1ccc2CC3N(CC4CC4)CCC45C(Oc1c24)C(=C)CCC35O,compound
BR00116991,P05,3596.9942748091603,6440.588422391857,556.9770992366413,606.6825699745547,478.58651399491094,528.1253180661578,517.1551480731916,566.8188651411346,1.8794075700249528,0.7329686221410743,65.47797951019133,0.9987277353689568,0.5688004166897453,0.5513197315506494,87.34694868722138,93.1521540081656,23.776407860841392,8.553501494284815,7.5474355555977075,58.73115491885345,54.96466230929552,-0.0408263472915485,282.29929107840826,0.8483543042390433,0.5064480444573033,0.0593946262440983,0.1673770610198675,0.0564867421101389,0.0317193294897561,0.0217973056804061,0.0204206765533778,0.0302726186346333,0.0223882703927406,0.0147228956574113,0.0159941735411095,0.0109432351037023,0.0111977547851854,0.0115467501888957,0.0142695051231638,0.0118241859423714,0.0094194998857792,0.0087413447184864,0.0089756700979732,0.006566213488884,0.006738629124795,0.0072810706438771,0.0071347688888784,0.0081524503166855,,DMSO,BR00116991,JUMP-Target-1_compound_platemap,IAZDPXIOMUYVGZ-UHFFFAOYSA-N,DMSO,679.0,,,control,negcon,CS(=O)C,compound
BR00116991,P06,3535.092328581127,6402.014256619144,580.3652410047522,603.3822131704005,501.7474541751528,525.0862186014936,540.6258320043988,563.883205288909,1.9068672737246224,0.7286803162854923,65.14113908048107,1.0,0.5657622296798693,0.5482410595960595,87.23220224204088,93.09150461007653,23.746087200410784,8.50694226148466,7.500968529590024,58.75006131326473,54.93924092037015,0.0080957030980792,282.3653422200109,0.8446068096164767,0.5047930399121601,0.0596598033965688,0.1659642276064363,0.0554524147941543,0.0309788013658535,0.0220579135544412,0.0210066730612225,0.0297118707868589,0.0220848199337837,0.0151769187551088,0.0161938595727108,0.0110818373441866,0.0113593698138154,0.011661514265459,0.0140285219703595,0.01189113060488,0.0092335811757626,0.0086826772450865,0.0090417171546263,0.0066307058808884,0.0067649112538662,0.0073748670284525,0.0072289250015306,0.008156060227041,BRD-K70586315-001-02-4,DMSO,BR00116991,JUMP-Target-1_compound_platemap,CXUCKELNYMZTRT-UHFFFAOYSA-N,1-EBIO,82320.0,KCNN1,KCNN1|KCNN2|KCNN3|KCNN4,trt,,CCn1c2ccccc2[nH]c1=O,compound
BR00116991,P07,3643.648945147679,6664.864135021097,580.0852320675106,621.4894514767932,500.79240506329114,541.8278481012658,539.9238857029643,581.1920821860207,1.924718913077034,0.7373107979574355,65.6561001092399,1.0,0.5636191552150586,0.5462463786564778,88.79144739692393,94.9906492878029,23.886626852727577,8.539657531562256,7.515133482685071,58.72877212665306,55.07885939578912,-0.0180221923680044,286.4123779186006,0.8442881283813598,0.496864524330307,0.0591438475921829,0.1650403606985474,0.0557634394729406,0.032062640000953,0.0211583329230726,0.0213079549939492,0.0298382398343605,0.0225464848345737,0.0148065159672794,0.0157736938223933,0.0107021952272591,0.0115045977524512,0.0116184078820533,0.0142542453884007,0.0119962562162059,0.0092267662766254,0.0086761715612329,0.0089660630384308,0.0065132374031446,0.0071053952724527,0.0073471974340002,0.0070883944773999,0.008385252254568,BRD-K40109029-001-02-9,DMSO,BR00116991,JUMP-Target-1_compound_platemap,WGZOTBUYUFBEPZ-UHFFFAOYSA-N,SB-505124,9858940.0,TGFBR1,TGFBR1,trt,,Cc1cccc(n1)-c1[nH]c(nc1-c1ccc2OCOc2c1)C(C)(C)C,compound
BR00116991,P08,3878.714285714286,6920.851708074534,577.597049689441,571.4922360248447,496.582298136646,489.31832298136646,536.5820653050046,529.8953986541203,1.8806778784088989,0.7312770524172079,68.09969817562501,1.0,0.5694333453420499,0.5517780539130118,90.55612021837824,96.93078452020949,24.90915640247809,8.9474270185795,7.892906659044572,60.76512363660278,57.1630790196727,0.011658363121852,292.90754121053334,0.8520698965937129,0.5062552161713999,0.0597610759321982,0.1678365832944455,0.0554100963152419,0.0313333706856722,0.0208216479963234,0.0210078030497725,0.0302217073826817,0.0220515097391168,0.014810395095576,0.0154331015513278,0.0109284435102342,0.0113249029403081,0.0116454573456915,0.0141184184981932,0.0120755553538461,0.0091889272679836,0.0086906793670781,0.0087830794370476,0.0065902865202087,0.0066248944113202,0.0074799993399896,0.0070481285199641,0.0083341456230141,BRD-A83029242-001-06-1,DMSO,BR00116991,JUMP-Target-1_compound_platemap,DTGLZDAWLRGWQN-UHFFFAOYSA-N,prasugrel,6918456.0,P2RY12,P2RY12,trt,,CC(=O)Oc1cc2CN(CCc2s1)C(C(=O)C1CC1)c1ccccc1F,compound
BR00116991,P09,3917.86805090422,6997.653717347623,583.5150703281982,601.7019423978567,502.2484929671802,519.3797722705962,542.4164372441655,560.1127323140404,1.8903172036248073,0.7256092458629262,68.38576066656266,1.0,0.5733544549349125,0.5510619784254603,90.80919883846262,97.17587562717443,24.986571478488383,8.958506463195906,7.897022695238258,61.55811174003444,57.69203945672984,0.032305697335173,295.7406513524625,0.8490479458130886,0.5094002688511852,0.0587788720169078,0.1683235678823901,0.0549556929001786,0.0307202401322532,0.0217868577613792,0.0214553074833299,0.0297679920200694,0.0217055312292553,0.0146809982507193,0.0156062177145143,0.0110286664892382,0.0115520659635575,0.011659805158509,0.0139340389036331,0.0119075124528191,0.0093367845034469,0.0087754382156425,0.0090506276386859,0.0066189609254846,0.0066960167592292,0.0074321914948518,0.00709656471927,0.0081593486540891,BRD-K57313110-001-06-8,DMSO,BR00116991,JUMP-Target-1_compound_platemap,ODHCTXKNWHHXJC-VKHMYHEASA-N,pidolic-acid,7405.0,VEGFA,ADAM28|AMY1A|AMY2A|AMY2B|ANG|CCL8|HCRT|IGLC1|KRTAP5-2|TFF2|VEGFA,trt,,OC(=O)[C@@H]1CCC(=O)N1,compound
BR00116991,P10,3515.6272463768114,6299.0597101449275,585.0794202898551,598.6220289855072,508.1420289855072,520.0533333333333,546.1661120449032,558.7053608109912,1.8996931564211053,0.7302881726473448,64.916837294869,1.0,0.5691965586210996,0.5484465588518905,86.07968150343356,91.88188137147684,23.682690501002924,8.50311986180194,7.49476378469034,58.354911632613224,54.63247308687758,-0.0027489706910241,280.9186550467283,0.8478200626759937,0.5109524988633817,0.0581897474000254,0.1687566229196282,0.0568578936307795,0.0302307871984033,0.0211398553233922,0.0208984878367965,0.0305219512286137,0.021894703735837,0.0144525320649679,0.0156902844297061,0.0107822151370329,0.0111673868821377,0.0117119596384293,0.0136502593231189,0.0121683411434841,0.0091882877551183,0.0088789868661885,0.0088870828315645,0.0063829024268165,0.0068977755377145,0.0074753563546355,0.0071019458619694,0.0082097693425819,,DMSO,BR00116991,JUMP-Target-1_compound_platemap,IAZDPXIOMUYVGZ-UHFFFAOYSA-N,DMSO,679.0,,,control,negcon,CS(=O)C,compound
BR00116991,P11,3533.422463768116,6333.613768115942,596.6036231884058,600.7021739130435,520.3695652173913,521.3471014492753,557.9478674056304,560.565574676707,1.9497180118741384,0.7173437732456138,64.87167432018839,1.0,0.5684121899833102,0.5378504321090154,85.8606213593197,92.02127703214369,23.767625043070986,8.492132173428786,7.462256620320259,58.516734821525795,55.11186405955429,0.0970698735973692,284.1753691751684,0.8443953039059467,0.5106508224405563,0.0582862336440237,0.1682994932938936,0.0542963135233436,0.0297536707912254,0.0212400049939285,0.0214666926330425,0.0293655914527749,0.0216295748541801,0.01493209813453,0.0154148581816666,0.0111506349043969,0.0120261754120379,0.0113957306169048,0.0137213651420205,0.0118816610814063,0.0091917663626164,0.0088956686805331,0.0090923550586347,0.0066094840007246,0.0067913469088748,0.0072007070785803,0.0070515472628265,0.0082833653708675,BRD-K15502390-001-20-9,DMSO,BR00116991,JUMP-Target-1_compound_platemap,NQDJXKOVJZTUJA-UHFFFAOYSA-N,nevirapine,4463.0,CYP2A6,CYP1A2|CYP2A6|CYP2B6|CYP2C9|CYP2D6|CYP3A4|CYP3A5,trt,,Cc1ccnc2c1NC(=O)c1cccnc1N2C1CC1,compound
BR00116991,P12,3530.186704384724,6381.703677510608,581.8536067892503,611.4702970297029,503.8536067892504,532.3571428571429,542.431633528149,571.6451609017485,1.928420627069361,0.7336515747076056,65.24444758424274,0.9992927864214992,0.568866676256197,0.5444392876733404,87.57417260443528,93.53523634209084,23.838830356506445,8.538774551664021,7.5106965963430286,58.487046176409535,54.79714891576125,-0.0172266402516221,284.2451802094805,0.8456056657412818,0.5045530077059203,0.0589354945184181,0.1671452902141552,0.0561887320121814,0.0305792398206145,0.0210551404929167,0.0211877377324561,0.0298786378569236,0.021855652740551,0.0148750327462997,0.0155024495039182,0.0107321967194391,0.0115615448038599,0.0117867853642671,0.0137460150020589,0.012032646806673,0.0093584492544935,0.0088742169756369,0.0090505465004695,0.0065652033532683,0.0066272061656557,0.007345258890729,0.0070706584557667,0.0081541154291648,BRD-K92049597-001-20-8,DMSO,BR00116991,JUMP-Target-1_compound_platemap,FNYLWPVRPXGIIP-UHFFFAOYSA-N,triamterene,5546.0,SCNN1G,SCNN1A|SCNN1B|SCNN1D|SCNN1G,trt,,Nc1nc(N)c2nc(-c3ccccc3)c(N)nc2n1,compound
BR00116991,P13,3862.282089552238,6998.927611940298,555.5455223880597,625.3873134328359,474.0223880597015,542.9432835820895,514.2553108191603,583.7432040683492,1.9686322196925647,0.725170351645765,68.08944135351716,1.0,0.5634862132188424,0.5271658861287434,90.4691683178092,96.8745159194928,24.686464632318767,8.804147967440818,7.74161746883782,61.72268447238414,57.6683205772106,0.0448399263517063,300.1102531182695,0.8418878664080889,0.5049883821878617,0.0581233653565064,0.1681201664169225,0.0548200814468131,0.0311940038942705,0.0226627730914052,0.0202738322524912,0.0299440149045565,0.0217841724933463,0.0143787928111766,0.0164608402179644,0.0111838776754485,0.0116763628743725,0.011267935259351,0.0140568061386681,0.0118185664426211,0.0091802113994145,0.0086496380857228,0.0092413164947016,0.0065681676480128,0.006650261816992,0.007208842805805,0.0069176053895851,0.0084081543434867,BRD-K16730910-001-07-3,DMSO,BR00116991,JUMP-Target-1_compound_platemap,FNHKPVJBJVTLMP-UHFFFAOYSA-N,regorafenib,11167602.0,DDR2,ABL1|BRAF|DDR2|EPHA2|FGFR1|FGFR2|FLT1|FLT4|FRK|KDR|KIT|MAPK11|NTRK1|PDGFRA|PDGFRB|RAF1|RET|TEK,trt,,CNC(=O)c1cc(Oc2ccc(NC(=O)Nc3ccc(Cl)c(c3)C(F)(F)F)c(F)c2)ccn1,compound
BR00116991,P14,3626.484121383204,6554.227240649259,568.9731827805223,566.9188426252647,490.893436838391,486.2999294283698,529.2482948005025,526.1270434221449,1.889145504452934,0.725872061493974,65.95307356555693,0.9992942836979536,0.5646025740604156,0.5520401459172877,87.70558266015455,93.9063431719876,24.188488539775967,8.67688913486065,7.640461545497391,59.2165531682526,55.61419385609773,-0.0354343922761415,284.08988542095915,0.84969155513879,0.5076473237497752,0.0591082915813071,0.1674940186629465,0.0550606982609628,0.0309946405172583,0.0214880519953694,0.021422340310821,0.0293972817399469,0.0220416352391528,0.0150895030600465,0.0160236566458832,0.0108798219296282,0.0112997768541387,0.0115075123116168,0.0138165966581501,0.0119454956747929,0.0093015408289742,0.008722132237435,0.0091923158288794,0.006479046297114,0.00662395594134,0.0073287102516667,0.0068923362501958,0.0081267265765258,BRD-A09722536-002-18-0,DMSO,BR00116991,JUMP-Target-1_compound_platemap,CMSMOCZEIVJLDB-UHFFFAOYSA-N,cyclophosphamide,2907.0,CYP2A6,CYP2A6|CYP2B6|CYP2C18|CYP2C19|CYP2C8|CYP2C9|CYP2D6|CYP3A4|CYP3A5|CYP3A7,trt,,ClCCN(CCCl)P1(=O)NCCCO1,compound
BR00116991,P15,3847.71767594108,6915.921440261865,582.6833060556464,578.4639934533551,500.9541734860884,497.29296235679215,541.1485294245495,537.5268126552908,1.91746618504402,0.7252956434200147,67.95602653018553,1.0,0.5699002692340774,0.5453748253026058,90.05481966161557,96.65734040487708,24.887531715604528,8.895775449342953,7.822893748641195,61.51981847031015,57.56459230330196,0.0828753664476721,295.2692529379061,0.8458859947062477,0.5086703098644774,0.0593310255966708,0.1678236397020408,0.054929333538581,0.0310610344750414,0.0213068428265866,0.0217645921379977,0.0293267453427096,0.0221002690123215,0.0148402966878132,0.0156308167701135,0.010708255003708,0.0116474383151108,0.0115664837278036,0.0140922745691709,0.0118812056766849,0.0092537606742084,0.0087833361110291,0.0089220076964642,0.0066643965130801,0.0067472313387273,0.0073298039172189,0.0071732218341644,0.0080833213293931,BRD-K18895904-001-16-1,DMSO,BR00116991,JUMP-Target-1_compound_platemap,KVWDHTXUZHCGIO-UHFFFAOYSA-N,olanzapine,,CHRM2,ADRA1A|ADRA1B|ADRA2A|ADRA2B|ADRA2C|ADRB1|ADRB2|ADRB3|CHRM1|CHRM2|CHRM3|CHRM4|CHRM5|DRD1|DRD2|DRD3|DRD4|DRD5|GABRA1|GABRA2|GABRA3|GABRA4|GABRA5|GABRA6|GABRB1|GABRB2|GABRB3|GABRD|GABRE|GABRG1|GABRG2|GABRG3|GABRP|GABRQ|HRH1|HRH2|HRH4|HTR1A|HTR1B|HTR1D|HTR1E|HTR1F|HTR2A|HTR2B|HTR2C|HTR3A|HTR5A|HTR6|HTR7,trt,,CN1CCN(CC1)C1=Nc2ccccc2Nc2sc(C)cc12,compound
BR00116991,P16,3008.6619047619047,5449.4455782312925,541.9619047619047,592.261224489796,469.93197278911566,520.7,505.3535226810299,556.0106420579516,1.8580511077342372,0.7277529993849876,59.713062760939856,0.9993197278911564,0.5653175731732282,0.5599450210846344,79.51379842508634,84.67003636742257,21.79938802811357,7.850763994653287,6.9248843151435775,53.80482371294869,50.50907987206653,-0.0180079980715731,256.1032388112493,0.8467506690499981,0.510306688616717,0.0602744075652629,0.1659519545783348,0.0561438578471171,0.0313479422678839,0.0221191298096286,0.0207582162008042,0.0301018809453759,0.0221028353521759,0.0149721263631664,0.0159661072250435,0.0113155584302286,0.0112273919836514,0.0114607480064192,0.0140769834196975,0.0121174358966409,0.0093937032371271,0.0089182588228562,0.0091279685366317,0.0068429189756042,0.0066343128863852,0.007371956329674,0.0069564202674788,0.0082534459266923,BRD-A25569250-001-03-3,DMSO,BR00116991,JUMP-Target-1_compound_platemap,LLIFMNUXGDHTRO-UHFFFAOYSA-N,KI-16425,10367662.0,LPAR1,LPAR1|LPAR3,trt,,CC(OC(=O)Nc1c(C)noc1-c1ccc(CSCCC(O)=O)cc1)c1ccccc1Cl,compound
BR00116991,P17,4144.119706840391,7398.687296416938,569.4991856677525,603.7622149837133,485.3835504885993,519.5472312703583,526.9491142220103,561.0803199399303,1.942976550936965,0.7285502930034932,70.39332076800676,1.0,0.5717032610513556,0.5355818983490871,93.2126239127042,100.06227011564782,25.77549641566143,9.191763161999855,8.074051691547684,63.49885885881724,59.49814367508362,0.0202400421878572,308.1044634520762,0.8455320000521821,0.5074826589111224,0.058623921565364,0.1689254465957667,0.0555145389020703,0.0306169684405749,0.0210549621684378,0.0214461145579214,0.0295952107894484,0.0217363170700241,0.0152605634220051,0.0155853662710471,0.0109623026744306,0.0113826772460822,0.011514835242484,0.0140524423270629,0.0117981603971334,0.0092687908862978,0.0084249935725047,0.0087514947936657,0.0066344476074256,0.0066760805375192,0.0074286222428047,0.0070107554919802,0.0082539106998702,BRD-K29895144-001-01-0,DMSO,BR00116991,JUMP-Target-1_compound_platemap,RQVGFDBMONQTBC-UHFFFAOYSA-N,SKLB1002,71461003.0,KDR,KDR,trt,,COc1cc2ncnc(Sc3nnc(C)s3)c2cc1OC,compound
BR00116991,P18,3872.235610130468,6864.374520337682,597.5871066768995,614.2670759785111,517.9577897160399,531.9723714504988,557.2765444482382,572.5601221414128,1.869222663285434,0.720534107500935,67.92150266932154,1.0,0.5739446683414934,0.5561632749257183,89.61769814809928,95.84457305869944,24.96652125095636,8.95503326644131,7.895559709730631,61.00395345483862,57.44874618314054,0.037995889308884,291.57646184159734,0.8524271827352091,0.5155566208610686,0.0579252651754288,0.1696619709070525,0.055484391594277,0.0298406909756668,0.0216192399004801,0.0220301744954496,0.0295036846746494,0.022476848059508,0.0148779568741901,0.0155567467109316,0.0108867453348565,0.0111266359041449,0.0115441541493391,0.0137993419591418,0.0116020581059895,0.0093990172847255,0.0086795851809116,0.0091445320269859,0.0067021272305064,0.006612633129694,0.0073274975561308,0.007232397334644,0.0077962067286095,BRD-K67017579-001-28-1,DMSO,BR00116991,JUMP-Target-1_compound_platemap,RRGUKTPIGVIEKM-UHFFFAOYSA-N,cilostazol,2754.0,PDE3A,PDE3A|PDE3B,trt,,O=C1CCc2cc(OCCCCc3nnnn3C3CCCCC3)ccc2N1,compound
BR00116991,P19,4029.5516969218625,7326.050513022888,562.6645619573796,615.7158642462509,479.1696921862668,531.0402525651144,520.3842825500941,572.7893132610429,1.9820837154072348,0.7284786730125957,69.677886645199,1.0,0.5638107321963872,0.5289497547304697,92.7468110981074,100.01202698782193,25.479513476950324,9.060163448687469,7.942029343640692,62.73705288135949,58.730202359784585,0.0144274341551774,308.5940958342352,0.8432489997795917,0.5022127786202057,0.0591845101835617,0.1684918745078568,0.0542720979183735,0.0313770277624676,0.0204266052175172,0.0212296571380489,0.0297187007467943,0.0221417093743524,0.0147467925702416,0.0153234742855184,0.010214710599981,0.0113281107993266,0.0113630364011605,0.0142683806614505,0.0118354741370519,0.0093315103767607,0.0085015135310181,0.0088684519249035,0.0065568087164922,0.0067326005092265,0.0074389727792298,0.0071779423867502,0.0082754887937239,BRD-K77060810-001-01-5,DMSO,BR00116991,JUMP-Target-1_compound_platemap,NEMHKCNXXRQYRF-UHFFFAOYSA-N,AZD1283,23649325.0,P2RY12,P2RY12,trt,,CCOC(=O)c1cc(C#N)c(nc1C)N1CCC(CC1)C(=O)NS(=O)(=O)Cc1ccccc1,compound
BR00116991,P20,4309.260169491526,7745.922033898305,570.6025423728813,620.3779661016949,485.10084745762714,533.3906779661017,527.4024531806658,576.4015424156561,1.921867414180402,0.7287003875262179,71.87480926924954,1.0,0.569030504655236,0.5409003724522446,95.78268001043875,102.32211919404584,26.264053471271243,9.39415405901741,8.275963071108213,64.36011528704671,60.32916328407951,0.0099509888480368,312.98960121259967,0.8489770796301757,0.506722732441997,0.0593056425785734,0.1686534064305979,0.0557314623556485,0.0311566683172127,0.0209353621334863,0.0205911617836729,0.0299792294525659,0.0219132273069882,0.0153309753070115,0.0158087939711662,0.0104803829123659,0.0109600810855421,0.0114082549798974,0.0136260194385181,0.0117691587708769,0.0094577866127131,0.0086551078768351,0.008895197919868,0.0065480163059183,0.0066635724992078,0.0073641406276936,0.0069757528358655,0.0081320980098653,BRD-K68982262-001-01-4,DMSO,BR00116991,JUMP-Target-1_compound_platemap,DJKJVWJQAVGLHJ-YPMHNXCESA-N,A-987306,25109291.0,CCR1,ADORA1|AVPR1A|CCR1|CHRM1|CHRM2|CHRM3|CHRM4|DRD3|HTR1A|HTR1B|HTR2A|HTR2B|HTR3A|TACR2,trt,,Nc1nc(N2CCNCC2)c2CCC3=C([C@@H]4CCCC[C@@H]4O3)c2n1,compound
BR00116991,P21,3692.3532303370785,6550.688904494382,593.9894662921348,612.311797752809,514.6060393258427,534.0470505617977,553.8601937694441,572.5667328473905,1.8523963333175684,0.7226948399160725,66.2416279380415,1.0,0.576866280288847,0.562110935147188,87.40725183782335,93.35229419530206,24.38029251804132,8.744857096641551,7.71505558129081,59.56357460092444,56.04369410364551,-0.0035604886632281,283.938100431822,0.8531067269897523,0.516568584223569,0.0592332924537987,0.1686350105621042,0.0558346088385514,0.0300243726574702,0.0217805044343335,0.0215644806565391,0.0290522144800636,0.0222105668545432,0.014851129441923,0.0156442713785353,0.0110363534322445,0.0114151612202069,0.0118623167434326,0.0139804367935317,0.0121365280733816,0.0093180314301897,0.0087057204056228,0.0090694763470081,0.0067315522834649,0.0069490276788328,0.0072581703609713,0.0069923224402468,0.0081947608302251,BRD-K24616672-003-20-1,DMSO,BR00116991,JUMP-Target-1_compound_platemap,MFDFERRIHVXMIY-UHFFFAOYSA-N,procaine,4914.0,HTR3A,CHRNA2|GRIN3A|HTR3A|KCNMA1|KCNMB1|KCNMB2|KCNMB3|KCNMB4|KCNN1|KCNN2|KCNN3|KCNN4|MAOA|MAOB|RYR1|RYR2|SCN10A|SLC6A3,trt,,CCN(CC)CCOC(=O)c1ccc(N)cc1,compound
BR00116991,P22,3526.5087719298244,6302.1973684210525,571.5125313283208,624.4743107769424,494.0726817042607,546.4097744360902,532.3648587664886,584.8304703324999,1.8749445424219244,0.7187754040910954,65.06585548860687,1.0,0.5718639725308238,0.5545111926925498,85.83972916756146,91.82007858484477,23.9033762202811,8.575876074990722,7.553329727809317,58.620188965656645,55.1123687645942,0.0089465737839863,280.0990388171203,0.8517605377843881,0.5161348131222722,0.0577558177826096,0.1698766307484399,0.0552510422933049,0.0296423005490716,0.0216598485376204,0.0207713002637685,0.0290214688077453,0.0222575883982659,0.0149709860956143,0.0156367925795128,0.0110267221385704,0.0117518871635732,0.0115722319768842,0.0138765064576988,0.0118139503204761,0.009399275739916,0.0085458387250069,0.0088656709662591,0.0066676981753173,0.0067258132326435,0.007205895867829,0.0070774993439489,0.0080628364980493,BRD-A82396632-008-30-8,DMSO,BR00116991,JUMP-Target-1_compound_platemap,BYBLEWFAAKGYCD-UHFFFAOYSA-N,miconazole,4189.0,KCNN1,KCNH2|KCNH6|KCNH7|KCNMA1|KCNMB1|KCNMB2|KCNMB3|KCNMB4|KCNN1|KCNN2|KCNN3|KCNN4|NOS2|NOS3|TRPM2|TRPV5,trt,,Clc1ccc(COC(Cn2ccnc2)c2ccc(Cl)cc2Cl)c(Cl)c1,compound
BR00116991,P23,4061.208037825059,7242.900709219858,615.1205673758865,577.2001576044129,532.1922773837667,493.5137903861309,573.037691330356,534.7625338676103,1.9156534201222652,0.7247019616480552,69.75271432428111,1.0,0.5769175601293006,0.5441062866158133,92.7069808847014,99.48731068159344,25.623677249408622,9.144986380554265,8.043178876608147,62.49798304339772,58.65587072064541,-0.0023229537759416,303.4302023846423,0.8504339851095354,0.5099822652740056,0.0581030317811918,0.1688646904268814,0.0551306444728703,0.0301805765225639,0.0212971746747004,0.0225723232887598,0.0289591450780077,0.0219474950711756,0.014903762582112,0.0153864995810909,0.0108503860468997,0.0116909722223552,0.0117854844215933,0.0138670947844863,0.0118655491333454,0.0092567626717802,0.0086854277268994,0.0090242232986416,0.0065069395222926,0.0066592714361395,0.0072869977293092,0.0070246714026116,0.0080932575896645,BRD-K61250553-003-30-6,DMSO,BR00116991,JUMP-Target-1_compound_platemap,RDOIQAHITMMDAJ-UHFFFAOYSA-N,loperamide,3955.0,OPRM1,CACNA1A|CALM1|OPRD1|OPRK1|OPRM1|POMC,trt,,CN(C)C(=O)C(CCN1CCC(O)(CC1)c1ccc(Cl)cc1)(c1ccccc1)c1ccccc1,compound
BR00116991,P24,3901.8880837359097,7067.175523349437,608.2294685990338,601.5571658615137,527.8550724637681,518.8550724637681,567.6849634975524,559.8374045358814,1.8865504282972725,0.732164028561777,67.86091670561694,1.0,0.5723732280408997,0.5605212946835063,90.86530152650352,97.36407320655051,24.977635079199743,8.96333219959438,7.903063428934973,60.47463602997897,56.91532651047944,0.0207401698152089,292.8102993907932,0.8557872958775434,0.5063595567326191,0.0579923511591415,0.1675286313919159,0.0558562039099938,0.0301208851266862,0.0207888837675993,0.0217377995593456,0.0291780496400435,0.0223863252565635,0.0147107769293709,0.0151869749810425,0.0102537523802834,0.0119560876413694,0.012027405693293,0.0138499642267179,0.0119882262354896,0.009238810924482,0.0086132860170522,0.0085019119024667,0.0062576074038323,0.0067841997661835,0.0074206890263541,0.0071788132790078,0.0082878498603671,BRD-K70358946-001-17-3,DMSO,BR00116991,JUMP-Target-1_compound_platemap,CEUORZQYGODEFX-UHFFFAOYSA-N,aripiprazole,60795.0,HTR3A,ADRA1A|ADRA1B|ADRA2A|ADRA2B|ADRA2C|CHRM1|CHRM2|CHRM3|CHRM4|CHRM5|DRD1|DRD2|DRD3|DRD4|DRD5|HRH1|HTR1A|HTR1B|HTR1D|HTR1E|HTR2A|HTR2C|HTR3A|HTR6|HTR7,trt,,Clc1cccc(N2CCN(CCCCOc3ccc4CCC(=O)Nc4c3)CC2)c1Cl,compound
